"Measure","Aliases"
"Recommended Purchases OEM/Var/RFQ","['Recommended Purchases OEM/Var/RA']"
"Max DSOH Target Qty","[]"
"Min DSOH Target Qty","[]"
"Submitted Time Stamp","['Supply Planner Submitted Time Stamp']"
"o9 PR Approved Qty","[]"
"Submitted PR Comments","['Planner Comments']"
"Approved PR Price","[]"
"Ship Method","[]"
"AFT Transfer Recommended Qty","[]"
"Existing PO OEM","[]"
"Existing PO CTDI","[]"
"Approved Vendor Site","[]"
"NBD Override","[]"
"QOZ Approval Flag","[]"
"Comment","[]"
"Approved PR Purchase Amount","[]"
"Approved Ship To","[]"
"Buyer Name","['Buyer']"
"Auto Route To Approval","[]"
"Existing PO Secondary Market","[]"
"Preparer","[]"
"Buyback Transfer Reco for MRP","[]"
"DC2DC Transfer Reco for MRP","[]"
"Approved Negative Quantity Intermediate","['Approved PR Quantity']"
"Intransit Qty","[]"
"Confirmed PO Qty","[]"
"Open PO Qty","[]"
"Received PO Qty","[]"
"o9 Recommended Original Qty","[]"
"Accumulated Shipment","[]"
"Dark2DC Transfer Reco for MRP","[]"
"Approval Category PR","['Approval Category Excess']"
"Excess Flag PR","['Excess Flag Yearly']"
"Approved Vendor Alias","[]"
"Approved Vendor","[]"
"Source Location","[]"
"Source Inventory Type","[]"
"Consolidated Demand at Month","[]"
"Reco Pr Qty (AFTR)","['Recommended Purchases Post Internal/Buyback Sourcing']"
"Preparer Code","[]"
"Existing PO AFTR","['Internal Transfer PO']"
"Shipped Quantity","[]"
"Final Buyback Price","[]"
"Buyback Amount","['Purchase Amount']"
"Approved Ship Method","[]"
"O9 AFT Transfer Recommended Qty","[]"
"Shipped Date","[]"
"Net Available NBD","[]"
"Published Forecast SP SCS PF","['Published Demand Forecast']"
"Benchmark Price Override","[]"
"Soft Supply Qty","[]"
"Reco PR Qty","['Recommended Purchases Before Internal/Buyback Sourcing']"
"Qty to Ship","[]"
"Open Internal SO","[]"
"Comments","[]"
"Excess Flag Yearly","[]"
"Adjusted PR Qty","[]"
"Net Available NBD (AFTR)","['Net Available NBD Post Internal/Buyback Sourcing']"
"Avg Transit","[]"
"Tracking Number","[]"
"Final Available Quantity Excess","['OHB National + DS']"
"SP Comments","[]"
"DS Quantity Excess","['DS Qty']"
"Error Association","[]"
"Approved PR Soft Quantity","[]"
"ITEM PRCE","[]"
"Updated Time","[]"
"Updated By","[]"
"GFR Quantity considering Flag","[]"
"PR Submitted By","['QOZ Approver ATT UID']"
"IN Transit (AFT) Flag","[]"
"Max Days Target for IO","['ATT Max Days Target']"
"Published Forecast SP SCS","['Published Forecast']"
"Prime Approved DC2DC transfer type","[]"
"Include GFR Excess","[]"
"Include PR Excess","[]"
"Include PO Excess","['Include External PO Excess']"
"Include PO in Receiving Excess","['Include Internal SO Excess']"
"Excess Inventory Coverage Months","['MSOH National']"
"Planner ATT UID","[]"
"Planner Update Time","[]"
"Planner Adjustment","[]"
"Prime Approved OEM by Transfer Type","[]"
"Prime Approved Dark transfer type","[]"
"Approved Price Override","[]"
"Prime Approved Buyback Quantity by Transfer Type","[]"
"Actual Quantity in Original UoM","['Actual Quantity in Primary UoM']"
"QOZ Submitted Timestamp","[]"
"Prime Approved RA by Transfer Type","[]"
"M Beginning On Hand","['Beginning Stock']"
"Include PO in Receiving Deficit","['Include Internal SO Deficit']"
"Include GFR Deficit","[]"
"Include PO Deficit","['Include External PO Deficit']"
"Include PR Deficit","[]"
"Reco Transfers from location","[]"
"Contract Price","[]"
"Price Override","[]"
"GFR Quantity","[]"
"Quantity to Ship","[]"
"Total SO","[]"
"Delta Quantity","[]"
"Override MRP Min Qty","[]"
"Override MRP Max Qty","[]"
"Avg Price","[]"
"Current Inventory Left","['Current Quantity Available']"
"Final PR Price","[]"
"Inventory Quantity Available","['Quantity Available']"
"Total Supply Excess","[]"
"M Ending On Hand","['Ending Stock']"
"VMI Onhand","['Onhand']"
"VMI Minimum Target Input","['VMI Minimum Target']"
"VMI Maximum Target Input","['VMI Maximum Target']"
"QOZ Planner Approval Flag","[]"
"Max DSOH Target Qty for IO","['ATT Max DSOH Target Qty']"
"Intransit Receipt Qty","[]"
"Past Due PO AFTR","[]"
"Approved DC2DC transfer type","[]"
"CurrentDay","[]"
"Min Days Target for IO","['ATT Min Days Target']"
"Vendor Site","[]"
"Vendor","[]"
"Vendor Alias","[]"
"PR NBD","[]"
"SO Qty Provisioning","[]"
"SO Qty Replenishment","[]"
"Final Max Safety Stock","[]"
"Final Min Safety Stock","[]"
"Approved PR Quantity for Inventory","[]"
"Purchase Amount","[]"
"Approved Buyback Quantity by Transfer Type","[]"
"Total Supply Deficit","[]"
"Include Intransit Qty Deficit","[]"
"Include Intransit Qty Excess","[]"
"Actual Demand MRP","['Actual Demand']"
"Recommended Sourcing","[]"
"SO Qty Maintenance","[]"
"Approved RA by Transfer Type","[]"
"Excess Flag","[]"
"ATT vs o9 Flag","[]"
"SS Consideration Flag","[]"
"Trigger Max Stock Override","['OVERRIDE Trigger Max Qty']"
"Trigger Min Stock Override","['OVERRIDE Trigger Min Qty']"
"o9 Adjusted PR Qty","[]"
"Approved OEM by Transfer Type","[]"
"Approved Dark transfer type","[]"
"PR Comments","[]"
"Intermediate Approved Quantity","[]"
"Total In Transit Qty","[]"
"Approved Include Alternate","['Include Alternate']"
"Final Trigger Max Safety Stock","[]"
"Final Trigger Min Safety Stock","[]"
"Reco AFTRs wo DC Transfer Type","['Recommended Transfers']"
"Total Supply AFTR","[]"
"Total Supply MRP","[]"
"Released RA","[]"
"Released OEM","[]"
"Final AR","['Final AR Forecast']"
"Excess Demand","[]"
"Published Demand Forecast","[]"
"Net Available (Expected Receipts)","[]"
"Include PR Dark2DC","[]"
"SP Demand Override Prorated","[]"
"Past Due SO Qty","[]"
"Published Demand Forecast LC","[]"
"Sim SP Demand Override","[]"
"Sim Consolidated Demand at Month","[]"
"Approval Category","[]"
"Adjusted PR Line Quantity","['Adjusted PR Quantity']"
"Approval Category.Lock",""
"OVERRIDE Trigger Max Days Target","[]"
"OVERRIDE Trigger Min Days Target","[]"
"Buyback SS Consideration Flag","[]"
"Trigger Min DSOH Target Qty","[]"
"Trigger Max DSOH Target Qty","[]"
"AT Pending PO Qty","[]"
"M Beginning On Hand Sim","[]"
"Simulation Group","[]"
"Stats Forecast SP","[]"
"SP Demand Override New","['SP Demand Override']"
"Released DC2DC","[]"
"Released Buyback","[]"
"Released Dark2DC","[]"
"Intransit Qty VAR","[]"
"Intransit Qty OEM","[]"
"Final Consensus Forecast","[]"
"Overnight","[]"
"Emergency","[]"
"Buyback QOZ Flag","[]"
"Reco PR Qty for Cable","[]"
"Stat Fcst UOM","[]"
"Sim Pseudo Supply","[]"
"Sim Recommended PR","[]"
"Sim Net Supply Available (NBD)","[]"
"Sim Consolidated Supply","[]"
"M Ending On Hand Sim","[]"
"Existing PO CTDI Excluded","[]"
"Safety Stock % Covered","[]"
"National Scheduled Receipts","[]"
"National EOM maximum projected supply available","[]"
"Quantity Available","[]"
"Association for Working Day PR","[]"
"6 Months MA Avg","[]"
"Recommended Max Target","['o9 Recommended Max Target']"
"Min DSOH Target Qty for IO","['ATT Min DSOH Target Qty']"
"Current Month Avg Forecast - Daily","[]"
"Recommended Safety Stock","['o9 Recommended Safety Stock']"
"Affiliate Demand","[]"
"Final Forecast Cat9","['Final Forecast']"
"3 Months MA Avg","[]"
"Actual Shipments","[]"
"ATT Segmentation","[]"
"Existing PO","[]"
"SO Maintenance Shipments","[]"
"SO Provisioning Shipments","[]"
"SO Replenishment Shipments","[]"
"Submitted Month","[]"
"Demand Forecast Type","[]"
"Original NBD","[]"
"Quantity Available Intermediate","['Final Quantity Available']"
"Final Purchase Forecast","[]"
"Sim Max DSOH Qty","[]"
"Sim Min DSOH Qty","[]"
"Past Due PO Qty with flag","['Past Due PO Qty']"
"Actuals Cat9","[]"
"Pass Through Forecast 1","[]"
"Final Forecast Cat9 LC","[]"
"Published Purchase Forecast","[]"
"Pass Through Forecast 2","[]"
"Buyback Cost","[]"
"Vendor Collab Quantity New","['Vendor Collab Quantity']"
"Consolidated Demand PF","['Consolidated Demand']"
"D Demand Quantity","['Demand Quantity']"
"GFR Quantity PF","['GFR Quantity']"
"Pass Through Forecast Consideration","[]"
"Buyback Price Override","[]"
"Consensus Forecast","[]"
"Factor Forecast","[]"
"Factor at Cat9","[]"
"Top Down Target","[]"
"Forecast New","['Naive Forecast']"
"Final Purchase Forecast National","[]"
"Export Flag","[]"
"D Total Met On Time Quantity","['Total Met On Time Quantity']"
"Factor Forecast Override","[]"
"Approved DC2DC transfer type.6379a863-f88b-4c16-8d1d-0ba961a21edc",""
"Beginning OnHand MRP","[]"
"Uploaded ATT UID","['Uploaded ATT User ID']"
"Uploaded Time New","['Uploaded Time']"
"Net Available Exception Report Aggregated on PO Coverage","[]"
"Planners Justification","[]"
"Delivery Schedule SR","['Delivery Schedule']"
"Consensus Forecast Adjustment","['Consensus Forecast Override']"
"GFR Master Qty","['GFR Qty']"
"Creation Date Ack","['Creation Date']"
"Approved Buyback Quantity by Transfer Type.8c68a239-1973-4150-85a4-93ff1279c7ce",""
"SHIPPED QTY","[]"
"REQ BY UID","[]"
"SHIP ORG","['SHIP FROM ORG']"
"ORDER SUBMITTED BY","[]"
"ORDERED QTY","[]"
"CANCELLED QTY","[]"
"ORDER RECEIVED BY","[]"
"RESERVED QTY","[]"
"SO ORDER UOM","[]"
"RELEASE DATE","[]"
"SHIP DATE","[]"
"LINE CREATION DATE","[]"
"NEED BY DATE","[]"
"LINE UPDATE DATE","[]"
"ORIGINAL SHIP ORG","['ORIGINAL SHIP FROM ORG']"
"RESERVED FLAG","[]"
"HEADER CREATION DATE","[]"
"FIBER KM SO","['FIBER KM']"
"SPLITTER QTY SO","['SPLITTER PORTS']"
"W Demand Quantity","['Demand Quantity']"
"D Total Short Quantity","['Total Short Quantity']"
"Factor at Cat9 LC","[]"
"Calculated Factor at Cat9","[]"
"Buyback Inv Priority","['Buyback Inv Priority']"
"Buyback Lead Time","[]"
"Default OEM RA Flag","[]"
"D Total Late Quantity","['Total Late Quantity']"
"OEM Purchase Forecast","[]"
"Approved OEM by Transfer Type.024f9502-4221-4a3b-8a48-f2cca8b88a92",""
"CTDI Bucket Supplier Asociation","[]"
"6 Month AR Forecast Accuracy Lag4","[]"
"6 Month Actuals Accuracy Lag4","[]"
"6 Month Actuals Accuracy Lag2","[]"
"6 Month Stats Forecast Accuracy Lag2","[]"
"6 Month AR Forecast Accuracy Lag2","[]"
"6 Month Stats Forecast Accuracy Lag4","[]"
"AFT Transfer Recommended Qty Deleted","[]"
"AFTR Deleted By","[]"
"AFTR Deletion Time Stamp","[]"
"NBD Override Deleted","[]"
"Comment Deleted","[]"
"Ship Method Deleted","[]"
"Onhand Available","[]"
"Purchase Forecast PF","['Purchase Forecast']"
"Purchase Amount Deleted","['Purchase Amount']"
"Vendor Deleted","['Vendor']"
"PR NBD Deleted","['PR NBD']"
"Price Override Deleted","['Price Override']"
"Final PR Price Deleted","['Final PR Price']"
"PR Comments Deleted","['PR Comments']"
"Deleted By","[]"
"Deleted Time Stamp","[]"
"Vendor Site Deleted","['Vendor Site']"
"Adjusted PR Qty Deleted","['Adjusted PR Qty']"
"Contract Price Deleted","['Contract Price']"
"Vendor Alias Deleted","['Vendor Alias']"
"Past Due PO CTDI Excluded","[]"
"Final Consensus Forecast $ Value","[]"
"Monthly Spread Final Split Ratio","[]"
"Actual Demand PF","[]"
"Requester","[]"
"Vendor Name","[]"
"Valuation Price","[]"
"Need By Date Ack","['Need By Date']"
"Updated Quantity","[]"
"Process Flag Meaning","[]"
"Export Time","[]"
"Cancelled Qty Ack","[]"
"Purchase Organization Ack","['Destination Organization']"
"Oracle PO Line Num","[]"
"Quantity Requested","[]"
"Oracle Req Number","[]"
"Updated Need By Date","[]"
"Order Type Ack","['Order Type']"
"Awarded Quantity","[]"
"Reason Text","[]"
"Process Flag","[]"
"Oracle Req Line Num","[]"
"Oracle PO Number","[]"
"Vendor Collab Past Flag","[]"
"Delivery Schedule - Item Level","[]"
"PRIMARY OPEN QTY","[]"
"PO LINE LAST UPDATE DATE","[]"
"FIBER KM","[]"
"PURCHASE ORGANIZATION","[]"
"REQPUID","[]"
"CREATION DATE","['HEADER CREATION DATE']"
"PRIMARY QUANTITY CANCELLED","['PRIMARY QTY CANCELLED']"
"PRIMARY UOM","[]"
"PRIMARY QTY DELIVERED","[]"
"BUYERUID","[]"
"PRIMARY UOM QUANTITY","['PRIMARY QTY']"
"RECEIVED DATE","[]"
"ORDER UOM QUANTITY","['ORDER UOM QTY']"
"LINE CREATION DATE PO","['LINE CREATION DATE']"
"QTY DELIVERED","['ORDER UOM QTY DELIVERED']"
"ORDER UOM","[]"
"ORDER QUANTITY CANCELLED","['ORDER UOM QTY CANCELLED']"
"SPLITTER QTY","['SPLITTER PORTS']"
"OPEN QTY","['ORDER UOM OPEN QTY']"
"W Expected Receipts","['Expected Receipts']"
"Preparer Buyback","[]"
"Contract Key","[]"
"AL KPI OTIF CD","['OTIF CD']"
"Association for Working Day","[]"
"M Demand Quantity","['Demand Quantity']"
"Beginning Onhand Expected Receipt","['Onhand Available Expected Receipt']"
"Flow 2 Item Region Final Forecast","['Final Forecast at Item Region level']"
"Final National to Region Distribution Ratio","[]"
"Deleted Vendor Collab Quantity","[]"
"D Ending On Hand","['Ending OnHand']"
"W Total Met On Time Quantity","['Total Met On Time Quantity']"
"Scope 2 Final MB Emissions","['Scope 2 Emission (KgCO2e)']"
"Actual","[]"
"W Demand Priority","['Demand Priority']"
"GFR Quantity considering Flag PF","['GFR Quantity used for calculation']"
"Flow 1 Final Item Forecast","['Final Forecast at Item Region level']"
"ISO Number","[]"
"D Expected Receipts","['Expected Receipts']"
"Top Down Flow","[]"
"YTD Actuals At Item","[]"
"AL PrO OTIF % TG","['Production OTIF %']"
"W Total Short Quantity","['Total Short Quantity']"
"D Demand Priority to SCS","['Demand Priority to SCS']"
"D Target Inventory","['Target Inventory']"
"Expected Trigger Reco","[]"
"Oracle Buyback Lead Time","[]"
"Published Demand Forecast $ Value","[]"
"D Demand Priority","['Demand Priority']"
"AL PO Goods Receipt Quantity TG","['Goods Receipt Qty']"
"Published Demand Forecast LC $ Value","[]"
"Item Region to Item DC Reco Ratio Override","[]"
"D Resource Base Capacity","['Resource Base Capacity', 'Resource Base Capacity']"
"Consensus Fcst","[]"
"AL KPI OrderLine Revenue","['Revenue']"
"D Capacity Consumption Quantity Plan Output","['Planned Consumption']"
"Delivery Schedule SR Intr2","[]"
"D Demand Quantity Final","[]"
"M Total Met On Time Quantity","['Total Met On Time Quantity']"
"AL KPI Inventory Turns","['Inventory Turns']"
"W Total Late Quantity","['Total Late Quantity']"
"Schedule Adherence","['Schedule Adherence']"
"AL PO Goods Receipt Purchase Value TG","['Total Value of Goods Received']"
"Delta",""
"Closed SO Current Month","[]"
"PCTOEM","['PCT_OEM']"
"Final Item Forecast","[]"
"Publish Forecast Quantity Lag4","[]"
"Publish Forecast Quantity Lag2","[]"
"Flow 3 Final Item Forecast","['Final Forecast at Item Region level']"
"Publish Forecast Flag","[]"
"Pseudo Actuals for NPI","[]"
"Consolidated Demand ET","[]"
"AL KPI OTIF RD","['OTIF RD']"
"W Resource Base Capacity","['Resource Base Capacity', 'Resource Base Capacity']"
"AL PO Lane OTIF % TG","['OTIF % TG']"
"D Capacity RCA Quantity","['Capacity RCA Quantity']"
"D Infinite Material Node","['Infinite Material Node', 'Infinite Material Node']"
"Flow 2 Item Region Forecast","['Forecast at Item Region level']"
"AR Forecast in Original UoM","['AR Forecast in Primary UoM']"
"Beginning OnHand Expected Trigger","[]"
"Publish Forecast Abs Error Lag4","[]"
"Publish Forecast MPE Lag2","[]"
"Publish Forecast Accuracy Lag4","[]"
"Publish Forecast Abs Error Lag2","[]"
"Publish Forecast MPE Lag4","[]"
"Publish Forecast MAPE Lag2","[]"
"Publish Forecast MAPE Lag4","[]"
"Actuals Accuracy Lag2","[]"
"Actuals Abs Error Lag2","[]"
"Publish Forecast Accuracy Lag2","[]"
"Actuals Abs Error Lag4","[]"
"MRP Recommended PO Quantity","[]"
"Final Flow 2 Intermediate Item Forecast","['Final Forecast at TPE Item level']"
"Actuals Accuracy Lag4","[]"
"Flow 3 TPE Region Final Ratio","['TPE to Region Final Split Ratio']"
"W WIP Material Production Quantity","['Firm Plan']"
"Data Validation Result","[]"
"D Base Capacity Utilization %","['Base Capacity Utilization %', 'Base Capacity Utilization %']"
"D Demand Fill Rate","['Demand Fill Rate', 'Demand Fill Rate']"
"Product Handled","[]"
"Onhand Available PF","[]"
"Remaining Target Cat9","[]"
"D Material Production Association","['Material Production Association']"
"Deleted ATT UID","['Deleted ATT User ID']"
"Deleted Time","[]"
"Flow 2 TPE Item Final Split Ratio","['TPE to Item Final Split Ratio']"
"OEM/RA Flag","['External Purchase Flag']"
"Flow 2 Final Forecast Original UoM","['Primary UoM Forecast at Item Region level']"
"D Demand Quantity to SCS","['Demand Quantity to SCS']"
"AL PrO Goods Produced Quantity TG","['Goods Produced Qty']"
"In Transit (VMI) Flag","[]"
"Flow 2 Intermediate Item Forecast Override","['Forecast at TPE Item Override']"
"W Material Production Association","['Material Production Association']"
"W Infinite Material Node","['Infinite Material Node']"
"Actuals Bias Lag2","[]"
"GFR Flag","[]"
"Publish Forecast Bias Lag4","[]"
"Actuals Till Previous Month","[]"
"Flow 2 Intermediate Item Forecast","['Forecast at TPE Item level']"
"Final Pass through Forecast REG","[]"
"AR Forecast Override","[]"
"Final Pass Through Forecast","[]"
"Remaining Target to spread in AR Forecast","[]"
"D WIP Material Production Quantity","['Firm Plan']"
"Flow 2 and 3 TPE Remaining Target","[]"
"Flow 2 and 3 Cat9 TPE Final Split Ratio","['Cat9 to TPE Final Split Ratio']"
"Actuals Bias Lag4","[]"
"Stat Forecast Quantity Lag2","[]"
"Publish Forecast Bias Lag2","[]"
"Stat Forecast Quantity Lag4","[]"
"Standard Reel Length","[]"
"D Total Short Quantity COC Change %","['COC Total Short Quantity Change %']"
"SCH Output WO Quantity","['Total Quantity']"
"D Total Met On Time Quantity COC Change %","['COC Total Met on Time Change %']"
"D Total Late Quantity COC Change %","['COC Total Late Qauntity Change %']"
"Gap",""
"AL PO Lane Lead Time TG","['Observed Lead Time']"
"Final AR.2e4aac8c-b41b-4e08-af89-d56145e0f9c0",""
"Reverse Auction Flag","[]"
"PO Type - ETS","[]"
"PR Suspension","['RA Suspension Flag']"
"End Date of Suspension Period","['RA End Date of Suspension Period']"
"Flow 3 Interim TPE Forecast","['Forecast at Region TPE level']"
"Flow 2 Forecast Override","['Forecast at Item Region Override']"
"Flow 2 Item Region Final Split Ratio","['Item Region Final Split Ratio']"
"D Material Consumption Quantity Plan Output","['Dependent Demand']"
"PO Type - OWV","[]"
"Flow 2 Item Remaining Target","[]"
"Flow 2 and 3 Intermediate TPE forecast","['Forecast at Cat9 TPE level']"
"Flow 2 and 3 Intermediate TPE Final forecast","['Final Forecast at Cat9 TPE level']"
"W Ending On Hand","['Ending Stock']"
"Consensus Fcst Lag1","[]"
"Total C4 TKM Emissions","['C4 Emission (KgCO2e)']"
"Total Fugitive Emissions","['Fugitive Emission (KgCO2e)']"
"Netted Demand Quantity","[]"
"M Target Inventory","['Target Inventory']"
"D Demand On Time Supportability","['Supportability', 'Supportability']"
"Stat Forecast MAPE Lag4","[]"
"Actuals Lag2","[]"
"Stat Forecast MAPE Lag2","[]"
"Actuals MPE Lag4","[]"
"Actuals MAPE Lag2","[]"
"Actuals MAPE Lag4","[]"
"Actuals Lag4","[]"
"Stat Forecast MPE Lag2","[]"
"Stat Forecast Accuracy Lag4","[]"
"Stat Forecast Abs Error Lag2","[]"
"Stat Forecast Abs Error Lag4","[]"
"Stat Forecast Accuracy Lag2","[]"
"Stat Forecast MPE Lag4","[]"
"Actuals MPE Lag2","[]"
"Flow 2 TPE Item Reco Ratio Override","['TPE to Item Reco Ratio Override']"
"Monthly Spread Split Ratio Adjustment","['Monthly Spread Split Ratio Override']"
"Buyback Flag","[]"
"PO Type - OWC","[]"
"PO Type - ORV","[]"
"DC2DC Flag","[]"
"Dark2DC Flag","[]"
"PO Coverage","[]"
"CTDI Qty","['Quantity']"
"PO Type - BBG","[]"
"D Activity Priority","['Activity Priority']"
"D OnHand Quantity","['OnHand Quantity']"
"Open PO Qty External","[]"
"Item Price","['List Price']"
"Item Region to Item DC Reco Ratio","[]"
"W Base Capacity Utilization %","['Base Capacity Utilization %']"
"AL KPI Accuracy Fcst Lag 1","['Lag 1 Forecast Accuracy']"
"Total Scope 1 Emission","['Scope 1 Emission (KgCO2e)']"
"Scope 1 Area of Location","['Area of Location']"
"Total C9 TKM Emissions","['C9 Emission (KgCO2e)']"
"PO Commit Quantity","['Commit Quantity']"
"SCH Output Gantt Operation End Time","['Operation End']"
"SCH Output Gantt Operation Start Time","['Operation Start']"
"W Capacity RCA Quantity","['Capacity Constraint Quantity']"
"Total Stationary Emissions","['Stationary Emission (KgCO2e)']"
"Planned Supply",""
"Scope 1 Employees for Location","['Employees for Location']"
"D DOS Target","['DOS Target']"
"Planner Report Flag","[]"
"Flow 2 and 3 Intermediate TPE forecast Override","['Forecast at Cat9 TPE Override']"
"OWV","[]"
"ORV","[]"
"BBG","[]"
"ETS","[]"
"OWC","[]"
"Cat4 Info","[]"
"MGR","[]"
"VMI Active Status","[]"
"Demand Actuals Output Report","['Demand Actuals']"
"PF Demand Override","[]"
"Purchase History Output Report","['Purchase History']"
"BUYBACK_RCPT","[]"
"ORC","[]"
"Past Due PO Qty","['Total Past Due PO Qty']"
"Consensus Fcst LC","[]"
"Consensus Fcst Accuracy","[]"
"W Capacity Consumption Quantity Plan Output","['Planned Consumption']"
"D Material RCA UI",""
"D Material Root Cause Quantity",""
"W WOS Target","['WOS Target']"
"Total Scope 3 Emission","['Scope 3 Emission (KgCO2e)']"
"Flow 2 TPE Item Reco Ratio","['TPE to Item Reco Ratio/Last Cycle']"
"OnHand Override","[]"
"Material Production Association","[]"
"D Material RCA Quantity","['Material RCA Quantity']"
"Remaining Target Cat9.fd43eec9-f648-4f90-938a-1d02e01d60a6",""
"Flow 2 Item Region Final Forecast $ Value","['Final Forecast at Item Region level $ Value']"
"W Activity Priority","['Activity Priority']"
"Planning BOM Count","[]"
"Open PO Need By Dates NBD","['Open PO Need By Dates (NBD)']"
"In Transit VMI","['In Transit (VMI)']"
"D Resource Consumption Association","['Resource Consumption Association']"
"Final Purchase Forecast Intermediate","[]"
"M Beginning On Hand PF","['Beginning Stock']"
"Direct PO for PF","['Direct PO']"
"Netted Consolidated Forecast","[]"
"Purchase History Intermediate","['Purchase History 3MO AVG']"
"Flow 2 TPE Item Actuals","['Actuals at TPE Item level']"
"SCH Output Inventory Plan BOH","['Beginning On Hand']"
"Zero",""
"IO Future Forecast","['Future Forecast']"
"AL PO ML Predicted Lead Time","['ML Predicted Lead Time']"
"W Expiry Material Quantity","[]"
"D Demand Build Ahead Limit","['Demand Build Ahead Limit']"
"W Supplies Beyond Planning Horizon","[]"
"AL PO % of Total Purchase Value Time Phased TG","['Supplier % of Total Purchase Value']"
"D Demand Build Late Limit","['Demand Build Late Limit']"
"Consensus Fcst vs LC Gap","[]"
"AL KPI Historical Inventory on Hand","['Historical Inventory on Hand']"
"IO Suggested Safety Stock","['Recommended Safety Stock']"
"Consensus Fcst vs LC Gap %","[]"
"Consensus Fcst LY","[]"
"Past Due PO Qty with flag PF","['Past Due PO Qty with flag']"
"Material Consumption Association","[]"
"SO-Replen","[]"
"SO-Maintenance","[]"
"W Material Production Quantity Per","['Material Production Quantity Per']"
"D Inventory Alert Status","['Inventory Status']"
"D WOS","['DOS']"
"D Material Production Quantity Plan Output","['Production Plan']"
"LIST PRICE PER UNIT","[]"
"Material Type Inventory Association","[]"
"Actuals Error Lag4","[]"
"Actuals Error Lag2","[]"
"Flow 2 TPE Item Split Ratio","['TPE to Item Split Ratio']"
"Publish Forecast Error Lag2","[]"
"Publish Forecast Error Lag4","[]"
"D Beginning On Hand","['Beginning OnHand']"
"D Material Production Quantity Per","['Material Production Quantity Per']"
"SO-Provisioning","[]"
"Flow 1 Int Region Forecast","['Forecast at Cat9 Region level']"
"D Demand Fulfilled Quantity","[]"
"Stat Forecast Bias Lag2","[]"
"Stat Forecast Bias Lag4","[]"
"Ch INV Target","[]"
"SCH Output Inventory Plan Inflow","['Inflow Qty']"
"D Material RCA COC Change %",""
"D Material Production Pegged Quantity",""
"Consensus Fcst vs LC %","[]"
"SCH Output Inventory Plan Outflow","['Outflow Qty']"
"SCH Output Inventory Plan EOH","['Ending On Hand']"
"W Material Consumption Quantity Plan Output","['Material Consumption Quantity Plan Output']"
"D Material RCA LC","[]"
"SCH Output WO Met Late Qty","['Late Qty']"
"SCH Output WO Met-on-Time Qty","['On-Time Qty']"
"SCH Output WO Met Early Qty","['Early Qty']"
"AL STO Lead Time TG Outbound","['Observed Lead Time (Outbound)']"
"W Total Late Quantity COC Change %","['COC Total Late Qauntity Change %']"
"Consensus Fcst Lag2","[]"
"W Total Met On Time Quantity COC Change %","['COC Total Met on Time Change %']"
"AL KPI Inventory Min Target Quantity","['Min Inventory Target (Qty)']"
"AL KPI Inventory Max Target Quantity","['Max Inventory Target (Qty)']"
"Consensus Fcst vs LY Gap %","[]"
"Consensus Fcst vs LY Gap","[]"
"W Total Demand At Material Node","['Total outflow']"
"W Total Short Quantity COC Change %","['COC Total Short Quantity Change %']"
"AL KPI OTIF CD L12W","['Last 12 Weeks']"
"Consensus Fcst Lag3","[]"
"SCH Output WO Short Qty","['Short Qty']"
"Total Scope","['Total Emission (KgCO2e)']"
"AL KPI Days of Inventory","['Avg Days of Inventory']"
"Mobile Fuel Emissions","['Mobile Emission (KgCO2e)']"
"Consensus Fcst vs LC Abs Gap","[]"
"AL KPI OTIF CD L4W","['Last 4 Weeks']"
"AL KPI OTIF CD LW","['Last Week']"
"Past Due PO Month","['Past Due PO']"
"Past Due SO qty_MDP Month","['Backorders']"
"Demand History 3 MO AVG Month","['Demand History 3 MO AVG']"
"Quantity Available Intermediate PF","['Quantity Available']"
"Demand FCST output report","['Demand Forecast']"
"GFR 3 Mo Avg Month","['GFR 3 Mo Avg']"
"PCT OEM Month","['%OEM']"
"OHB Month","['OHB']"
"OEM Month","['OEM']"
"OEM PF Output Report","['OEM Purchase Forecast']"
"Buyback Open Month","['Buyback Open']"
"VMI - Qty to Ship","[]"
"Purchase Forecast Output Report","['Published Purchase Forecast']"
"W Resource Consumption Association","['Resource Consumption Association']"
"Past Due SO Provisioning","[]"
"Flow 1 Cat9 Region Final Split Ratio","['Final Cat9 to Region Split Ratio']"
"Past Due SO Replenishment","[]"
"Past Due SO Maintenance","[]"
"Existing PO OEM PF","['Existing PO OEM']"
"D Procurement Forecast","['Request', 'Request']"
"D Total Demand At Material Node","['Total outflow', 'Total outflow']"
"D Demand Supply Quantity","['Demand Supply Quantity']"
"Total Demand Excess","[]"
"Flow 2 and 3 TPE Remaining Target.ef0bd191-02bc-462b-a425-a5cf54844780",""
"Output Report Flag","[]"
"Item DC Forecast Override","[]"
"D Material Constraint Quantity","['Shortage - Constrained Demand']"
"BoH Excess","[]"
"EoH Excess","[]"
"VMI Association","[]"
"W Material RCA UI",""
"W Inventory Alert Status","[]"
"PO Commit Open Quantity","['Commit Open Quantity']"
"PO Commit Delivered Quantity","['Commit Delivered Quantity']"
"Stat Fcst Accuracy","[]"
"AL STO Goods Receipt Quantity TG","['Goods Receipt Quantity']"
"RGM Retailer Margin","['Retailer Margin']"
"CM Daily Base Working Hrs Per Day Override Band2","[]"
"Uncons Outlook","[]"
"CM Daily Efficiency Override","[]"
"CM Daily Base Working Hrs Per Day Override","[]"
"W Material Root Cause Quantity",""
"D Option Value","['Option Value']"
"W Demand Build Ahead Limit","['Demand Build Ahead Limit']"
"W Demand Supply Quantity","['Direct Demand Supply Quantity']"
"W Demand Build Late Limit","['Demand Build Late Limit']"
"Outlook","[]"
"Consensus Fcst vs LY %","[]"
"CM Daily Base Working Hrs Per Day Override Band1","[]"
"W Target Inventory","['Target Inventory']"
"Firm Supply",""
"AL PO Outlier Corrected Lead Time","['Outlier Corrected Observed Lead Time']"
"Marketing Fcst LC","[]"
"Marketing Fcst","[]"
"D Factory Planner Material Constraints",""
"W Option Value","['Option Value']"
"Consensus Fcst vs LY Abs Gap","[]"
"AL PrO Analytics Throughput","['Quantity Produced per Week']"
"W Procurement Forecast","['Request', 'Request']"
"AL STO ML Predicted Lead Time M","['ML Predicted Lead Time']"
"W WOS","['WOS']"
"Total Inflow",""
"Flow 2 and 3 Cat9 TPE Actuals","['Actuals at Cat9 TPE level']"
"Flow 2 and 3 Cat9 TPE Reco Ratio","['Cat9 to TPE Reco Ratio/Last Cycle']"
"OnHand Quantity","[]"
"D WOS Target","['DOS Target']"
"Existing PO CTDI PF","['Existing PO CTDI']"
"Excess Demand PF","['Excess Demand']"
"Existing PO Secondary Market PF","['Existing PO Secondary Market']"
"BUYBACK_RCPT_Intermediate","[]"
"Monthly Spread Final Split Ratio L2Y","[]"
"Monthly Spread Final Split Ratio LY","[]"
"Monthly Spread Reco Split Ratio","[]"
"Actual sales input","[]"
"M Material Consumption Quantity Plan Output","['Material Consumption Quantity Plan Output']"
"PO Line Detail Requested Delivery Date","['Request Date']"
"Buyback Month","['Buyback Available']"
"Future PO","['Purchase Orders']"
"Purchase History Output Intermediate","[]"
"Buyback open Intermediate","[]"
"Future PO Intermediate","[]"
"Actuals D Lag2","[]"
"Actuals D Lag4","[]"
"Cables Excess Months","[]"
"Plug Excess Months","[]"
"Sales Fcst LY","[]"
"W Flex Capacity Band1","['Flex Capacity Band1']"
"W Capacity RCA UI",""
"D Capacity RCA UI",""
"Sell In AM Lag1","[]"
"Sales Fcst","[]"
"D Procurement Forecast LC","['Request LC']"
"W Procurement Forecast LC","['Request LC']"
"W Supplier Commits","['Commits', 'Commits']"
"D Capacity Pegged Quantity",""
"Sell In AM","[]"
"D Replanned Demand","['Replanned Demand']"
"AL STO Lead Time TG","['Observed Lead Time (Inbound)']"
"AL KPI Accuracy Fcst Lag 3","['Lag 3 Forecast Accuracy']"
"AL KPI Accuracy Fcst Lag 2","['Lag 2 Forecast Accuracy']"
"PO Commit Status","['Commit Status']"
"SO Commit Quantity","[]"
"AL STO Goods Shipped Quantity TG","['Goods Shipped Quantity']"
"IO Suggested Reorder Point","['Suggested Reorder Point']"
"AL STO OTIF Percentage TG Outbound","['OTIF % (Outbound)']"
"Intransits",""
"AL KPI Accuracy Cum Fcst Lag 3","['Cum Lag 3 Forecast Accuracy']"
"AL KPI Accuracy Cum Fcst Lag 2","['Cum Lag 2 Forecast Accuracy']"
"Standard Deviation",""
"Sell In AM LY","[]"
"D Distribution Planner Material Constraints",""
"Stat Fcst","[]"
"Sell In AM vs LY Gap","[]"
"W Material Constraint Quantity Agg","[]"
"SCH Output Gantt Processing Start Time","['Processing Start']"
"Marketing Fcst LY","[]"
"Dependent Outflow",""
"Marketing Fcst vs LC Gap %","[]"
"Sell In AM vs LY Gap %","[]"
"Outlook GM","[]"
"Target","[]"
"Sales Fcst LC","[]"
"Outlier Percentage",""
"Sell In AM LC","[]"
"SCH Output Gantt Operation Quantity","['Quantity']"
"W Material Production Pegged Quantity",""
"AL STO OTIF Percentage TG","['OTIF % (Inbound)']"
"Final Cleansed Actuals","[]"
"COV","[]"
"RGM Net Incremental Margin","['Inc. CMA']"
"SCH Output Gantt Processing End Time","['Processing End']"
"COV L1","[]"
"Marketing Fcst vs LC Gap","[]"
"W OnHand Quantity","['OnHand Quantity']"
"Sell In AM vs LC Gap %","[]"
"D Expiry Material Quantity","['Expiry Quantity']"
"D Supplier Commits","['Supplier Commits']"
"SCH Output Resource Available Capacity","['Available Capacity']"
"RGM Initiative Week Promo Discount","['Discount']"
"RGM Initiative Week Promo Mechanic","['Mechanic']"
"W Demand Fill Rate","['Demand Fill Rate']"
"PO ASN Delivery Quantity TG","['PO ASN Quantity']"
"AL PO % of Total Goods Receipt Time Phased TG","['Supplier % of Total Purchased Quantity']"
"W Capacity Root Cause Quantity",""
"Sell In AM vs LC Gap","[]"
"(yellow region)",""
"W Flex Capacity Band2","['Flex Capacity Band2']"
"Monthly Spread Actual Split Ratio","[]"
"Sim Demand Override PF","[]"
"Sim Demand Override ET","[]"
"Association","[]"
"OnHandAssociation","[]"
"PO ASN Ship Date","['ASN Ship Date']"
"Final Item Actuals","['Actuals at Item Region level']"
"Actuals Abs Error D Lag2","[]"
"Actuals Abs Error D Lag4","[]"
"M Demand Fulfilled Quantity","[]"
"Publish Forecast Abs Error D Lag4","[]"
"Stat Forecast Abs Error D Lag2","[]"
"Stat Forecast Abs Error D Lag4","[]"
"Publish Forecast Abs Error D Lag2","[]"
"D Material Consumption Quantity Per","['Material Consumption Quantity Per']"
"Monthly Spread Final Split Ratio LC","[]"
"Original Vendor Alias","[]"
"Item DC Forecast","[]"
"o9 Goods Receipt Time IL","['Goods Receipt Time']"
"VMI Updated By","[]"
"Expected Trigger Group","[]"
"VMI Updated Time","[]"
"OEM","[]"
"OHB","[]"
"Buyback Available","[]"
"Past Due SO qty_MDP","['Backorders']"
"Daily Actuals","[]"
"Past Due PO","[]"
"PCT OEM","['%OEM']"
"ERP Goods Receipt Time IL","['Goods Receipt Time']"
"ERP Planned Delivery Time IL","['Planned Delivery Time']"
"o9 Planned Delivery Time IL","['Planned Delivery Time']"
"PROC Lead Time","['Default']"
"Item DC Final Forecast","[]"
"Intransit Qty VAR PF","['Intransit Qty VAR']"
"SO Qty Replenishment PF","['SO Qty Replenishment']"
"Pass Through Forecast Reg 2","[]"
"SO Qty Provisioning PF","['SO Qty Provisioning']"
"Pass Through Forecast Reg 1","[]"
"Intransit Qty OEM PF","['Intransit Qty OEM']"
"SO Qty Maintenance PF","['SO Qty Maintenance']"
"National to Region Distribution Ratio Override","[]"
"PO ASN Delivery Quantity","['ASN Delivery Quantity']"
"IBP Fcst vs LC Gap %","[]"
"IBP Fcst Lag1","[]"
"W Total Supply At Material Node","['Total Inflow']"
"W Demand On Time Supportability","['Supportability']"
"D Supplier Commits LC","['Commits LC']"
"Customer Fcst Lag1","[]"
"W Capacity RCA COC Change %",""
"Marketing Fcst vs LY Gap","[]"
"Marketing Fcst vs LC Abs Gap","[]"
"Net REV","[]"
"Customer Fcst LY","[]"
"Sell In AM vs LC %","[]"
"Sell In AM Lag3","[]"
"SCH WO Operation Actual Start","['Operation Actual Start Date']"
"PO Committed Delivery Date","['Commit Delivery Date']"
"AL KPI Days Low L12W","['No. of Days Low']"
"Customer Fcst LC","[]"
"W WOS Target Levels","['WOS Target Levels']"
"Outlook GM LY","[]"
"Sell In AM vs LY Abs Gap","[]"
"Sell In AM vs LC Abs Gap","[]"
"AL KPI Unfulfilled Orders","['Unfulfilled Orders Value']"
"D Capacity RCA LC","[]"
"IO Lead Time Demand","['Lead Time Demand']"
"Sales Fcst vs LY Gap","[]"
"Total Cooling Emission","[]"
"Total Electricity Emission","[]"
"Outlook COGS","[]"
"D Demand Quantity LC","['LC Demand']"
"Sell In AM vs LY %","[]"
"RGM Initiative Week Display Type","['Display']"
"Sales Fcst vs LY Gap %","[]"
"SCH Output Gantt Load Duration in Mins","['Setup Duration (mins)']"
"D Flex2 Capacity Pegged Quantity",""
"D Flex1 Capacity Pegged Quantity",""
"AL KPI On Hand LW","['Last Week']"
"LRP","[]"
"D Capacity RCA COC Change %",""
"On Invoice","[]"
"Off Invoice","[]"
"SCH Output Gantt Operation Status","['Operation Status']"
"AL KPI Order Cancelation L4W","['Order Cancelation of Last 4 Weeks']"
"AL KPI Order Cancelation L12W","['Order Cancelation of Last 12 Weeks']"
"RGM Initiative Week Base PTC Per Unit","['Base PTC']"
"M Total Short Quantity","['Total Short Quantity']"
"M WOS Target","['WOS Target']"
"RGM Initiative Week Promo PTC Per Unit","['Promo PTC']"
"Short",""
"IO EOQ","['EOQ']"
"Sell In AM Lag2","[]"
"IBP Fcst vs LY Gap %","[]"
"Uncons Outlook GM","[]"
"Sales Fcst vs LC Gap %","[]"
"W Distribution Planner Material Constraints",""
"AL KPI Lost Margin L4W","['Lost Margin of Last 4 Weeks']"
"Stat Fcst Lag1","[]"
"D Consider Response Parameter","['Yes/No']"
"W Consider Response Parameter","['Yes/No']"
"AL KPI Lost Margin L12W","['Lost Margin of Last 12 Weeks']"
"Uncons Outlook LY","[]"
"SCH Output Gantt Unload Duration in Mins","['Unload Duration (mins)']"
"AL KPI On Hand L12W","['Last 12 Weeks']"
"Uncons Outlook LC","[]"
"RGM Cumulative Net Incremental NSV","['Cumulative Net Incremental NSV']"
"RGM Cumulative Net Incremental Margin","['Cumulative Net Incremental Margin']"
"Total Steam Emission","[]"
"SCH Output Gantt Operation Status User Input","['Operation Status (User Input)']"
"Actual LY","[]"
"Sales Fcst Lag1","[]"
"IBP Fcst vs LY Gap","[]"
"Outlook REV LY","[]"
"Outlook REV","[]"
"Uncons Outlook REV","[]"
"AL KPI On Hand L4W","['Last 4 Weeks']"
"AL KPI Lost Margin LW","['Lost Margin of Last Week']"
"D COC Demand Change%","[]"
"W Supplier Commits LC","['Commits LC']"
"AL KPI Unfulfilled Orders LW","['Unfulfilled Orders of Last Week']"
"AL KPI Order Cancelation","['Order Cancelation Value']"
"SO Request Quantity","[]"
"AL PO Modeled Lead Time","['Modeled Lead Time']"
"AL KPI Unfulfilled Orders L4W","['Unfulfilled orders of last 4 Weeks']"
"W Capacity Root Cause LC",""
"Marketing Fcst Lag1","[]"
"Marketing Fcst vs LC %","[]"
"W Material RCA Quantity","['Material Constraint Quantity']"
"Marketing Fcst vs LY Gap %","[]"
"W Material RCA COC Change %",""
"AL KPI Order Cancelation LW","['Order Cancelation of Last Week']"
"SO Commit Delivered Quantity","[]"
"Target Inventory",""
"D Material Consumption Pegged Quantity",""
"W Target Inventory Levels","['Target Inventory Levels']"
"AL KPI Unfulfilled Orders L12W","['Unfulfilled Orders of Last 12 Weeks']"
"AL PrO % of Total Delivered Quantity Time Phased TG","['% of Total Produced Quantity']"
"SCH Output Gantt Description","['Description']"
"Stat Fcst L1","[]"
"Sales Fcst vs LC Gap","[]"
"IBP Fcst","[]"
"D Capacity Root Cause Quantity",""
"AL KPI Service Level Target TV","['Service Level Target (Time Varying)']"
"AOP","[]"
"AL STO Outlier Corrected Lead Time","['Outlier Corrected Lead Time']"
"SCH WO Operation Actual Stop","['Operation Actual Stop Date']"
"D Procurement Forecast COC Change %","['Request - COC Change %']"
"AL PO Modelled Lead Time",""
"Total Heat Emission","[]"
"Customer Fcst","[]"
"AL PO MAPE","['ML Lead Time MAPE (%)']"
"Consensus Fcst Bias","[]"
"AL PrO Planned Production Quantity TG","['Planned Delivery Quantity']"
"W Request vs Commits LC %","['Difference between Request and LC Commits (%)']"
"IO Inventory Holding Cost","['Inventory Holding Cost']"
"RGM Net Incremental NSV","['Net Incremental NSV']"
"W Material Root Cause LC",""
"D Request vs Commits LC %","['Difference between Request and LC Commits (%)']"
"W Procurement Forecast COC Change %","['Request - COC Change %']"
"IBP Fcst LY","[]"
"IBP Fcst vs LC Gap","[]"
"W Replanned Demand","['Replanned Demand']"
"W RM Planner Material Constraints",""
"IBP Fcst LC","[]"
"Region to ORG","[]"
"M Beginning On Hand ET","['Beginning Stock Expected Trigger']"
"Actual Demand Original UOM","[]"
"Final Flow 2 Intermediate Item Forecast LC1","['Final Forecast at TPE Item level LC']"
"Locked Actuals","[]"
"Sim Consolidated Demand ET","[]"
"Sim Consolidated Demand PF","[]"
"Flow 2 TPE Item Final Split Ratio Validation","[]"
"Beginning OnHand PF","[]"
"BuyBackRcpt_Intemediate","[]"
"Buyback Open","[]"
"Actuals KIL","[]"
"M Capacity Consumption Quantity Plan Output","['Planned Consumption']"
"Item BODLane TransMode Association","['Default']"
"M Base Capacity Utilization %","['Base Capacity Utilization %']"
"M Demand Supply Quantity","['Demand Supply Quantity']"
"D Total Artificial Flow","['Total Artificial Flow']"
"ERP BOM Quantity Produced Per","['ERP Input']"
"Billing","[]"
"o9 BOM Quantity Produced Per","['o9 Maintained Input']"
"Item BODLane TransMode Lead Time Override","['Override']"
"PO Line Commit Open Quantity TG","['PO Open Commit Quantity']"
"InTransit Quantity Final","[]"
"Stat Forecast Error Lag4","[]"
"National to Region Distribution Ratio","[]"
"Stat Forecast Error Lag2","[]"
"Association At Item","[]"
"M Resource Base Capacity","['Resource Base Capacity']"
"Published Purchase Forecast L1C","[]"
"M Re-Order Point Quantity","['Re-Order Point Quantity']"
"Net Available Expected Receipts","[]"
"SO Qty Maintenance considering Flag","[]"
"Demand Association for Solver","[]"
"SO Qty Provisioning considering Flag","[]"
"SO Qty Replen considering Flag","[]"
"Final Item Location Supplier TransMode Association","['Item Location Supplier TransMode Association']"
"RGM Initiative Week Promo PTR Per Volume","['Promo PTR per vol']"
"COC Change %",""
"Uncons Outlook GM vs LY Gap","[]"
"Uncons Outlook GM vs LY Gap %","[]"
"Uncons Net REV vs LC Gap","[]"
"Uncons Net REV vs LC Gap %","[]"
"Uncons Net REV vs LY Gap","[]"
"Uncons Outlook COGS","[]"
"Uncons Outlook COGS LC","[]"
"Uncons Outlook COGS LY","[]"
"AL KPI Closed Order Lateness L4W","['Last 4 Weeks']"
"AL STO OTIF % TG Outbound","['OTIF % (Outbound)']"
"SO Net Value","[]"
"Cannibalization Impact","[]"
"DIST Flex Loading Capacity Band1","['Flex  Capacity Band1']"
"DIST Flex Loading Capacity Band2","['Flex Capacity Band2']"
"DIST Flex UnLoading Capacity Band1","['Flex Capacity Band1']"
"Reference3 Fcst vs LC Gap","[]"
"Reference3 Fcst vs LC Gap %","[]"
"Reference1 Fcst","[]"
"RGM Value Sales","['Value Sales', 'Value Sales ']"
"Actuals(excluding Excess)",""
"CM Daily Flex Capacity Band2 Override","[]"
"D Procurement Capacity Demand Late Short Quantity","['Procurement Capacity Constraint']"
"History Period","[]"
"Reference3 Fcst vs LY Gap","[]"
"Target Line",""
"Customer Fcst vs LC Gap","[]"
"NPI Fcst","[]"
"Customer Fcst vs LY Gap %","[]"
"Uncons Outlook vs Target Gap","[]"
"Uncons Outlook vs Target REV Gap","[]"
"SO Commit Status","[]"
"Actual Cleansed","[]"
"Excess",""
"W Demand Fulfilled Quantity","[]"
"ERP Item Location Association","['ERP Input']"
"Base Forecast Quantity","[]"
"SCH Output Resource Idle Utilization %","['Idle %']"
"SCH Output Resource Non Value Added Time","['Non Value Added Capacity']"
"D RM Planner Material Constraints",""
"AL STO Item Lane Modeled Lead Time","['Modeled Lead Time']"
"Initiative Start","[]"
"Initiative Description","[]"
"Discount & Allowance vs LY Gap","[]"
"Discount & Allowance vs LY Gap %","[]"
"D Total Late Quantity Baseline","['Total Late Quantity Baseline']"
"D Total Late Quantity LC","['LC Total Late Quantity']"
"Published Fcst","[]"
"Net Invoice vs LC Gap","[]"
"Net Invoice vs LC Gap %","[]"
"AL KPI Standard Lead Time","['Last Week']"
"AL KPI Standard Lead Time L12W","['Last 12 Weeks']"
"AL KPI Standard Lead Time L4W","['Last 4 Weeks']"
"PO Commit ASN Quantity","['Commit ASN Quantity']"
"Net REV LC","[]"
"AL PrO Observed LineSpeed","['Observed Line Speed']"
"W SS Material RCA Quantity","['SS Material RCA Quantity']"
"AL PO Net Price Per Unit TG","['Net Price ($)']"
"PO Line Detail Quantity","['Request Quantity']"
"Net REV vs LY Gap","[]"
"Net REV vs LY Gap %","[]"
"Net ROI",""
"OIO Transportation Cost","['Transportation Cost']"
"Number of Zeros","[]"
"Net Invoice vs LY Gap","[]"
"Net Invoice vs LY Gap %","[]"
"OIO Carrying Cost","['Carrying Cost']"
"OIO Fixed Order Cost","['Fixed Ordering Cost']"
"Net REV vs LC Gap","[]"
"Net REV vs LC Gap %","[]"
"PO ASN Delivery Date","['ASN Delivery Date']"
"SCH Output Resource Value Added Time","['Value Added Capacity']"
"ERP BOM Association","['ERP Input']"
"Customer Fcst vs LY Gap","[]"
"D Total Broken Network Late Short","['Broken Network']"
"AL KPI OTIF Accounts % L4W","['Below Target Accounts % Last 4 Week']"
"AL KPI OTIF Accounts % LW","['Below Target Accounts % Last Week']"
"IO Recommended Days of Cover","['Recommended Days of Cover']"
"STO Line Detail Quantity BODLane Location","['Line Detail Quantity']"
"W Capacity Pegged Quantity",""
"PLC Status","[]"
"Initiative End","[]"
"Target REV","[]"
"Consensus Fcst vs LLY Gap","[]"
"Consensus Fcst vs LLY Gap %","[]"
"Inc. Units",""
"Marketing Fcst vs LY %","[]"
"Net REV LY","[]"
"Customer Fcst vs LC Gap %","[]"
"D Total Short Quantity Baseline","['Total Short Quantity Baseline']"
"PO ASN Creation Date","['ASN Creation Date']"
"D Manufacturing Capacity Demand Late Short Quantity","['Manufacturing Capacity Constraint']"
"D Material Demand Late Short Quantity Effectivity","['Effectivity']"
"OIO Purchase Cost","['Purchase Cost']"
"OIO Total Cost","['Total Cost']"
"D Other Capacity Demand Late Short Quantity","['Other Capacity Constraints']"
"Outlook vs Uncons Outlook Gap","[]"
"Outlook vs Uncons Outlook REV Gap","[]"
"STO Line Detail Delivery Date BODLane Location","['Line Detail Delivery Date']"
"STO Line Detail Quantity","[]"
"AL KPI OTIF Item % LW","['OTIF Item % Last Week']"
"AL KPI OTIF Item Count","['All Item Count']"
"AL KPI OTIF Location % L12W","['OTIF Location % Last 12 Weeks']"
"AL KPI Order Backlog L4W","['Last 4 Weeks']"
"AL KPI Order Backlog LW","['Last Week']"
"AL KPI OTIF Location Count","['All Location Count']"
"AL KPI OTIF Accounts % L12W","['Below Target Accounts % Last 12 Week']"
"o9 BOM Association","['o9 Maintained Input']"
"SCH Output Resource Changeover Time","['Changeover Capacity']"
"SCH Output Resource Idle Time","['Idle Capacity']"
"Published Fcst vs LY Gap","[]"
"Published Fcst vs LY Gap %","[]"
"Published Fcst LC","[]"
"Uncons Outlook COGS vs LC Gap","[]"
"Uncons Outlook COGS vs LC Gap %","[]"
"Stat Fcst L0 LY","['Stat Fcst LY']"
"Stat Fcst L0 Lag1","['Stat Fcst Lag1']"
"Stat Fcst L0 vs LC Gap %","['Stat Fcst LC Gap %']"
"Stat Fcst L0 vs LY Gap","['Stat Fcst vs LY Gap']"
"Marketing Fcst vs LY Abs Gap","[]"
"W Distribution Planner Capacity Constraints",""
"D Material Demand Late Short Quantity Material Short","['Material Short']"
"D Material Demand Late Short Quantity To Nodes","['Material Late Short Quantity']"
"Revenue at Risk Current","['Revenue At Risk']"
"DIST Lane Base Capacity Override","['Base Capacity Override']"
"DIST Lane Flex Capacity Band1 Override","['Flex Capacity Band1 Override']"
"DIST UnLoading Capacity","['Base Capacity']"
"Reference3 Fcst LC","[]"
"Reference3 Fcst LY","[]"
"Reference3 Fcst Lag1","[]"
"D Total Short Quantity LC","['LC Total Short Quantity']"
"Published Fcst LY","[]"
"Discount & Allowance vs LC Gap","[]"
"Discount & Allowance vs LC Gap %","[]"
"SCH Output Resource Changeover %","['Changeover %']"
"AL KPI OTIF Location % L4W","['OTIF Locations % Last 4 Weeks']"
"AL KPI OTIF Location % LW","['OTIF Location % Last Week']"
"Billing LY","[]"
"AL KPI Closed Order Lateness L12W","['Last 12 Weeks']"
"Stat Fcst L0 vs LC Gap","['Stat Fcst LC Gap']"
"Stat Fcst LC","[]"
"Sales Fcst vs LY %","[]"
"BODLane Base Capacity","['Base Capacity']"
"BODLane Flex Capacity Band1","['Flex Capacity Band1']"
"BODLane Flex Capacity Band2","['Flex Capacity Band2']"
"Sales Fcst vs LC %","[]"
"Sales Fcst vs LC Abs Gap","[]"
"D Material Demand Late Short Quantity Frozen Window","['Frozen Window']"
"Off Invoice vs LY Gap","[]"
"Off Invoice vs LY Gap %","[]"
"CM Daily Maintenance Hours Override","[]"
"D Capacity Demand Late Short Quantity To Nodes","['Capacity Late Short Quantity']"
"D Material Demand Late Short Quantity Lead Time Before Current","['Lead Time Plan Before Current']"
"Alert ILD RCA Quantity","['Constrained Quantity']"
"DIST Flex UnLoading Capacity Band2","['Flex Capacity Band2']"
"GAP",""
"Sales vs Marketing Fcst Gap %","[]"
"Stat Fcst L0","['Stat Fcst']"
"Stat Fcst L0 LC","['Stat Fcst LC']"
"Off Invoice LC","[]"
"Off Invoice LY","[]"
"W Material Consumption Pegged Quantity",""
"RGM Initiative Week Base PTC Per Volume","['Base PTC per vol']"
"RGM Initiative Week Base PTR Per Unit","['Base PTR', 'Base PTR']"
"M Total Late Quantity","['Total Late Quantity']"
"Uncons Net REV","[]"
"RGM Initiative Week Promo PTC Per Volume","['Promo PTC per vol']"
"Intermittent","[]"
"Is Active for Batch",""
"Stat Fcst L0 vs LY Gap %","['Stat Fcstvs LY Gap %']"
"D CM Flex Capacity Band1","['Flex Band1 Units']"
"Sales vs Marketing Fcst Gap","[]"
"Off Invoice vs LC Gap","[]"
"Off Invoice vs LC Gap %","[]"
"On Invoice LY","[]"
"On Invoice vs LC Gap","[]"
"On Invoice vs LC Gap %","[]"
"On Invoice vs LY Gap","[]"
"On Invoice vs LY Gap %","[]"
"Total Outflow",""
"D Total Met On Time Quantity Baseline","['Total Met On Time Quantity Baseline']"
"D Total Met On Time Quantity LC","['LC Total Met On Time Quantity']"
"D WIP Capacity RCA Quantity",""
"CM Daily Run Down Hours Override","[]"
"Uncons Outlook GM vs Target Gap","[]"
"Published Fcst vs LC Gap %","[]"
"Reference2 Fcst vs LC Gap","[]"
"AL KPI OTIF Item % L4W","['OTIF Item % Last 4 Weeks']"
"Order Volume Weighted OTIF",""
"IO Effective Lead Time","['Effective Lead Time']"
"IO Expected Service Level","['Expected Service Level']"
"IO Future Forecast LC","['Forecast LC']"
"Outlook REV LC","[]"
"Outlook REV vs LC Gap","[]"
"Outlook REV vs LC Gap %","[]"
"IO Lead Time Demand Standard Deviation","['Lead Time Demand Std Dev']"
"Volume L1","[]"
"D Demand Fill Rate COC Change %","['COC Demand Fill Rate Change %']"
"Scope 1 Intensity Metrics Area","['Area (sq. m)']"
"RGM Initiative Week Promo PTR Per Unit","['Promo PTR', 'Promo PTR']"
"Uncons Outlook REV LY","[]"
"Sales vs Marketing Fcst %","[]"
"Sales vs Marketing Fcst Abs Gap","[]"
"Order Fill Rate",""
"On Invoice LC","[]"
"D Demand Build Ahead Limit Default","['Demand Build Ahead Limit Default']"
"D Demand Build Late Limit Default","['Demand Build Late Limit Default']"
"Sell Out","[]"
"Trend","[]"
"Sell Out Actual","[]"
"Sell Out Actual LY","[]"
"Actual vs LY Gap","[]"
"W Excess EOH","['Excess EOH']"
"Uncons Net REV LC","[]"
"Uncons Net REV LY","[]"
"Published Fcst Lag1","[]"
"Published Fcst vs LC Gap","[]"
"D Gross Revenue","['Gross Revenue']"
"Uncons Outlook GM LC","[]"
"Outlook REV vs LY Gap %","[]"
"Outlook GM vs LY Gap","[]"
"Outlook GM vs LY Gap %","[]"
"Outlook GM vs Uncons Outlook Gap","[]"
"Outlook LY","[]"
"Outlook GM vs LC Gap","[]"
"Outlook GM vs LC Gap %","[]"
"IO Demand Standard Deviation","['Demand Std Dev']"
"Shipment Plan",""
"Outlook COGS LC","[]"
"AL KPI Open Order Lateness L12W","['Last 12 Weeks']"
"AL KPI Open Order Lateness L4W","['Last 4 Weeks']"
"W Beginning On Hand","['Beginning Stock']"
"Sales Fcst vs LY Abs Gap","[]"
"Seasonality","[]"
"Scope 2 Intensity Metrics Area","['Area (sq. m)']"
"Reference1 Fcst vs LY Gap %","[]"
"Reference2 Fcst","[]"
"DIST Loading Capacity","['Base Capacity']"
"Reference2 Fcst LC","[]"
"Reference2 Fcst LY","[]"
"Reference2 Fcst vs LC Gap %","[]"
"D Distribution Planner Capacity Constraints",""
"D Factory Planner Capacity Constraints",""
"IBP Fcst vs LY %","[]"
"IBP Fcst vs LY Abs Gap","[]"
"Outlook COGS LY","[]"
"Outlook COGS vs LC Gap","[]"
"Uncons Outlook REV vs LY Gap","[]"
"Uncons Outlook REV vs LY Gap %","[]"
"Outlook COGS vs LY Gap %","[]"
"Outlook REV vs LY Gap","[]"
"Reference2 Fcst vs LY Gap %","[]"
"Reference3 Fcst","[]"
"M Demand Priority","['Demand Priority']"
"Length of Series","[]"
"Reference2 Fcst Lag1","[]"
"Line Zero",""
"Reference1 Fcst Lag1","[]"
"AL KPI OTIF Item % L12W","['OTIF Item % Last 12 Weeks']"
"Reference1 Fcst vs LC Gap %","[]"
"Uncons Outlook GM vs LC Gap","[]"
"Uncons Outlook GM vs LC Gap %","[]"
"D Distribution Capacity Demand Late Short Quantity","['Distribution Capacity Constraint']"
"AL KPI Open Order Lateness LW","['Last Week']"
"AL KPI Order Backlog L12W","['Last 12 Weeks']"
"CM Daily Flex Capacity Band1 Override","[]"
"DIST Lane Flex Capacity Band2 Override","['Flex Capacity Band2 Override']"
"Reference2 Fcst vs LY Gap","[]"
"W RM Planner Capacity Constraints",""
"Uncons Net REV vs LY Gap %","[]"
"Uncons Outlook COGS vs LY Gap","[]"
"Uncons Outlook COGS vs LY Gap %","[]"
"IBP Fcst Lag2","[]"
"IBP Fcst Lag3","[]"
"IBP Fcst vs LC %","[]"
"IBP Fcst vs LC Abs Gap","[]"
"W Flex1 Capacity Pegged Quantity",""
"W Flex2 Capacity Pegged Quantity",""
"o9 Item Location Association","['o9 Maintained Input']"
"Outlook COGS vs LC Gap %","[]"
"Outlook COGS vs LY Gap","[]"
"Uncons Outlook GM LY","[]"
"RGM Initiative Week Base PTR Per Volume","['Base PTR per vol']"
"W Factory Planner Capacity Constraints",""
"System ML Fcst L1","['System ML Fcst L1']"
"Target GM","[]"
"SCH Shift To Time","['Shift End Time']"
"AL KPI All Account Intersection","['All Account intersection']"
"AL KPI Closed Order Lateness LW","['Last Week']"
"SCH Shift From Time","['Shift Start Time']"
"Reference1 Fcst vs LY Gap","[]"
"Reference1 Fcst LC","[]"
"Reference1 Fcst LY","[]"
"CM Daily Artificial Base Capacity Override","[]"
"Outlook GM LC","[]"
"IO WMAPE","['WMAPE']"
"PrO Detail Quantity","['Detail Quantity']"
"Reference3 Fcst vs LY Gap %","[]"
"Reference1 Fcst vs LC Gap","[]"
"D Min LotSize","['Min LotSize']"
"Excess Demand Expected Trigger","[]"
"Supplier Start Date","['Default']"
"Actual SO demand qty","[]"
"Flow 1 and 3 Region TPE Actuals","['Actuals at Region TPE level']"
"Supplier End Date","['Default']"
"PROC Min Lot Size","['Default']"
"W Material Consumption Association","['Material Consumption Association']"
"M Total Late Short Quantity","[]"
"SO Qty","[]"
"Direct PO Qty","[]"
"D Excess EOH","['Excess EOH', 'Excess EOH']"
"D LotSize Increment","['LotSize Increment']"
"M Capacity RCA Quantity","['Capacity Constraint Quantity']"
"o9 Procurement Type","['o9']"
"Supplier Start Date Override","['Override']"
"PROC Lead Time Override","['Override']"
"Supplier Item Priority","['Default']"
"Supplier Item Priority Override","['Override']"
"D WIP Met On Time Quantity","[]"
"Deactivate BODLane","[]"
"ERP Procurement Type","['ERP']"
"Supplier End Date Override","['Override']"
"W Planning Horizon Association","['Planning Horizon Association']"
"Flow 2 and 3 Intermediate TPE Final forecast LC1","['Final Forecast at Cat9 TPE level LC']"
"Flow 2 and 3 Cat9 TPE Reco Ratio Override","['Cat9 to TPE Reco Ratio Override']"
"Flow 2 TPE Item Final Split Ratio Validation New","[]"
"Flow 2 and 3 Cat9 TPE Split Ratio","['Cat9 to TPE Split Ratio']"
"Active Status","[]"
"Direct PO Qty Original UOM","[]"
"Flow 1 Int Region Final Forecast","['Final Forecast at Cat9 Region level']"
"Copy PF Flag","[]"
"SO Qty Original UOM","[]"
"Publish PF Flag","[]"
"Actual SO demand Value","[]"
"D PO Alert Committed Date","['Commit Date']"
"W Material Consumption Quantity Per","['Material Consumption Quantity Per']"
"D OnHand Quantity Final","[]"
"Max DSOH Target Qty for PF","['Max DSOH Target Qty']"
"Past Due SO Qty SR","['Total Field Shortage Qty']"
"Last Changed Time Stamp","[]"
"Quantity Available Dark2DC SR","['Dark Storage OHB']"
"True Back Order SR","['True Back Order']"
"Approved Dark transfer type.01467a1c-ca21-4504-9ffc-282dbae44ab7",""
"Onhand Available SR","['PRMOHB']"
"Trigger Min Stock PF","['Trigger Min Stock']"
"Min DSOH Target Qty for PF","['Min DSOH Target Qty']"
"Last Changed User Name","[]"
"SO Qty Provisioning SR","['Future Provisioning SO']"
"Past Due SO Qty SR New","['Past + SO next 30 days']"
"Item Region to Item DC Final Split Ratio","[]"
"M Demand On Time Supportability","['Demand On Time Supportability']"
"M Demand Gap","[]"
"Intransit Qty SR","['VMI In-transit']"
"M Demand Fill Rate","['Demand Fill Rate']"
"Recovery Date SR","['Past Due SO Recovery Date']"
"QUANTITY","[]"
"Item BODLane TransMode End Date","['Default']"
"PrO Detail Start Date","['Detail Schedule Start Date']"
"Base Item Supplier Capacity By Week","['Base Capacity Override', 'Weekly Base Capacity Override']"
"ERP Item BOM Routing Association","['ERP Input', 'Item BOM Routing Association']"
"Flex2 Item Shared Supplier Capacity By Day","[]"
"Flex1 Item Supplier Capacity By Day","[]"
"Flex2 Item Supplier Capacity By Day","[]"
"Flex2 Item Shared Supplier Capacity By Week","['Flex2 Capacity Override']"
"Flex2 Item Supplier Capacity By Week","['Flex2 Capacity Override']"
"W LotSize Increment","['LotSize Increment']"
"Monthly Total Demand Value","[]"
"STO Line Detail Delivered Quantity BODLane Location","['Line Detail Delivered Quantity']"
"Item BODLane TransMode Priority Override","['Override']"
"Item BODLane TransMode Priority","['Default']"
"Routing Item Location Association","['ERP Input']"
"Base Item Shared Supplier Capacity By Week","['Base Capacity Override', 'Weekly Base Capacity Override']"
"Item BODLane TransMode Override End Date","['Override']"
"Item BODLane TransMode Override Start Date","['Override']"
"M Total Artificial Flow","['Total Artificial Flow']"
"Item BODLane TransMode Lead Time","['Default']"
"Flex1 Item Supplier Capacity By Week","['Flex1 Capacity Override']"
"Flex1 Item Shared Supplier Capacity By Week","['Flex1 Capacity Override']"
"Base Item Shared Supplier Capacity By Day","[]"
"W Min LotSize","['Min LotSize']"
"Item BODLane TransMode Start Date","['Default']"
"Monthly Total Demand Qty","[]"
"Base Item Supplier Capacity By Day","[]"
"Flex1 Item Shared Supplier Capacity By Day","[]"
"Item BODLane TransMode Association Override","['Override']"
"D Total Supply At Material Node","['Total Inflow', 'Total Inflow']"
"SO Qty Except provisioning SR","['Future SO Non-Provisioning']"
"Source Hierarchy Name","[]"
"Grouping Category 9","['Planning BOM']"
"Published Forecast - Avg SR","['Avg Monthly Forecast (Current and Next 2 Months)']"
"Reel Length Percentage","[]"
"CAT 9","['Target Cat9']"
"Source Member","[]"
"Total Demand Deficit","[]"
"Purchase Forecast","[]"
"Source Category 9","[]"
"Target Exclusion Item hierarchy Level Member","['Target Exclusion Hierarchy Level Member']"
"Driver","['Source Driver']"
"Source Exclusion Item Hierarchy Level","['Source Exclusion Hierarchy Level']"
"Target Hierarchy Level","[]"
"Total Sales Orders","['Total SO']"
"Target Segment","[]"
"Target Member","[]"
"Source Exclusion Item Hierarchy Level Member","['Source Exclusion Hierarchy Level Member']"
"Segment","['Source Segment']"
"Target Exclusion Item Hierarchy Level","['Target Exclusion Hierarchy Level']"
"Consumed Items","[]"
"System Best Fit","[]"
"Simulation KIL Forecast","[]"
"Item BODLane TransMode Association External Input","[]"
"Item From Location To Location Association","['Default']"
"Flow 1 Region Item Forecast","['Forecast at Item Region level']"
"Flow 1 Int Region Forecast Override","['Forecast at Cat9 Region Override']"
"DarkUsed","['Dark Storage On Hand']"
"Publish Forecast Error D Lag4","[]"
"Open AFTR SO SR","['DC2DC_Dark2DC_SO']"
"Stat Forecast Error D Lag4","[]"
"Oldest Open SO Date SR","['Oldest Open SO Date']"
"Stat Forecast Error D Lag2","[]"
"Actuals Error D Lag4","[]"
"Publish Forecast Error D Lag2","[]"
"Actuals Error D Lag2","[]"
"Include SO Deficit","[]"
"Open PO Qty SR","['Open PO Qty']"
"New And Used","['Total On Hand']"
"Driver Target","[]"
"Include SO Excess","[]"
"Allocation Flag SR","['Allocation Flag']"
"AL STO Non Time Phased StdDev","['Lead Time Standard Deviation (Days)']"
"W Supplier Commits Flex","['Supplier Commits - Flex']"
"Lane Transportation Shared Flex Capacity Band2","['Flex Capacity Band2']"
"D DIST Outbound Quantity",""
"Scope 2 Steam Intensity Metrics Employee","['Employee']"
"CM Base Working Hrs Per Day Override","[]"
"CM Base Working Hrs Per Day Override Band1","[]"
"CM Base Working Hrs Per Day Override Band2","[]"
"History Measure","[]"
"o9 Item BOM Routing Association","['o9 Maintained Input']"
"o9 Item BOM Routing Priority","['o9 Maintained Input']"
"CM Daily Efficiency","[]"
"o9 Routing Association","['o9 Maintained Input']"
"Stat Cleansed History System","[]"
"o9 Routing End Date","['o9 Maintained Input']"
"CM Daily Base Working Hrs Per Day Band1","[]"
"o9 Routing End Date Override","['o9 Maintained Input']"
"o9 Routing Lead Time","['o9 Maintained Input']"
"CM Working Days Per Week Override","[]"
"Reference2 Fcst vs LY Abs Gap","[]"
"Length of Series L1","[]"
"o9 Routing Lead Time Override","['o9 Maintained Input']"
"o9 Routing Start Date","['o9 Maintained Input']"
"o9 Routing Start Date Override","['o9 Maintained Input']"
"D Demand Plan Date Offset","['Demand Plan Date Offset']"
"Recommended Action","[]"
"Reference2 Fcst Lag3","[]"
"Reference3 Fcst Lag3","[]"
"Lane Transportation Shared Flex Capacity Band1","['Flex Capacity Band1']"
"Scope 2 Cooling Intensity Metrics Area","['Area (sq. m)']"
"Sales vs Customer Fcst %","[]"
"Sales vs Customer Fcst Abs Gap","[]"
"Sales vs Customer Fcst Gap","[]"
"Sales vs Customer Fcst Gap %","[]"
"Off Invoice vs LY %","[]"
"Stat Fcst L0 Lag3","['Stat Fcst Lag3']"
"On Invoice vs LC %","[]"
"On Invoice vs LC Abs Gap","[]"
"On Invoice vs LY %","[]"
"On Invoice vs LY Abs Gap","[]"
"Outlook vs LC Gap %","[]"
"Outlook vs LY Gap","[]"
"Actuals Non KIL","[]"
"o9 Item BOM Routing Soft LotSize","['Soft LotSize']"
"GAP Last 4 Weeks",""
"Scenario Count","['Scenario Count at Action Triggered Time']"
"D Capacity Root Cause Quantity Baseline",""
"Utilization",""
"VA%",""
"Off Invoice vs LC %","[]"
"Off Invoice vs LC Abs Gap","[]"
"D CM Flex Capacity Band1 %","['Flex Band1 %']"
"Stat Fcst L0 vs LC %","['Stat Fcst LC']"
"Stat Fcst L0 vs LC Abs Gap","['Stat Fcst LC Abs Gap']"
"Stat Fcst Bias","[]"
"Stat Fcst MAPE","[]"
"D Capacity RCA Quantity COC Change %","[]"
"Scope 1 Intensity Metrics Employee","['Employee']"
"Scope 1 Intensity Metrics Product Handled","['Product Handled']"
"Scope 2 Consumption","[]"
"W COC Demand Change%","['COC Demand Change%']"
"Sales Fcst Lag2","[]"
"Sales Fcst Lag3","[]"
"Off Invoice vs LY Abs Gap","[]"
"Stat Fcst L0 Lag2","['Stat Fcst Lag2']"
"Stat Fcst Product Accuracy","[]"
"Stat Fcst Reference Accuracy","[]"
"Stat Fcst L0 vs LY %","['Stat Fcst vs LY %']"
"Stat Fcst L0 vs LY Abs Gap","['Stat Fcst vs LY Abs Gap']"
"D COGS Variable Handling Cost Inbound","['Variable Handling Cost - Inbound']"
"D COGS Variable Handling Cost Outbound","['Variable Handling Cost - Outbound']"
"STO Line Detail Delivery Date","[]"
"Outlook vs LY Gap %","[]"
"AL KPI OTIF Target","['Target OTIF']"
"Outlook vs LC Gap","[]"
"GAP Last 12 Weeks",""
"D Max Base Capacity Utilization %","['Max Base Capacity Utilization %', 'Max Base Capacity Utilization %']"
"Outlook vs Target COGS Gap","[]"
"Outlook vs Target COGS Gap %","[]"
"Outlook vs Target Gap","[]"
"Outlook vs Target Gap %","[]"
"Outlook vs Target REV Gap","[]"
"Outlook vs Target REV Gap %","[]"
"Forecast Period","[]"
"Forecasted Qty","[]"
"AL KPI OTIF ED L12W","['Last 12 Weeks']"
"D CM Flex Capacity Band2","['Flex Band2 Units']"
"D CM Flex Capacity Band2 %","['Flex Band2 %']"
"D COGS","['COGS']"
"STO Total Quantity TG","[]"
"D Material Root Cause Quantity Baseline",""
"W CM Flex Capacity Band1",""
"D COGS Flexible Cost Band 2","['Flexible Cost Band 2']"
"D COGS Manufacturing Variable Cost","['Manufacturing Variable Cost']"
"D COGS Material Cost","['Material Cost']"
"D COGS Procurement Material Transportation Cost","['Transportation Cost - Procurement']"
"D COGS Transportation Cost Expedite Delta","['Transportation Cost - Expedite (Incremental)']"
"Sales Fcst Comment","[]"
"STO Line Detail Actual Delivery Date BODLane Location","['Line Detail Actual Delivery Date']"
"STO Line Detail Delivered Quantity","[]"
"Outlook vs Uncons Outlook COGS Gap","[]"
"Outlook vs Uncons Outlook COGS Gap %","[]"
"Outlook vs Uncons Outlook Gap %","[]"
"Outlook vs Uncons Outlook REV Gap %","[]"
"IO Safety Stock Cost","['Recommended Safety Stock Value']"
"AL KPI Under Forecast","['Under Forecast']"
"W Total Artificial Flow","['Total Artificial Flow']"
"W Total Capacity","['Total Capacity']"
"D Number Capacity Underloads","['Number Capacity Underloads']"
"Over Forecast Lag1 (Stat Fcst)",""
"PLC Status L1","[]"
"AL KPI Low Inventory L12W","['Last 12 Weeks']"
"AL KPI Low Inventory L4W","['Last 4 Weeks']"
"Stat Forecast Best Fit","[]"
"Stat Fcst Reference Lag1","[]"
"AL KPI Low Inventory LW","['Last Week']"
"IO Service Level Target","['Target Service Level']"
"Number of Zeros L1","[]"
"Uncons Outlook vs Target REV Gap %","[]"
"D Base Surplus Capacity","['Base Surplus Capacity', 'Base Surplus Capacity']"
"Net REV vs LC Abs Gap","[]"
"D COGS Distribution Material Transportation Cost","['Transportation Cost - Distribution']"
"D COGS Fixed Operating Cost","['Fixed Operating Cost']"
"D COGS Flexible Cost Band 1","['Flexible Cost Band 1']"
"D Number Total Overloads","['Number Total Overloads']"
"AL PO Lane In Full % TG","['In Full % TG']"
"Uncons Outlook vs Outlook REV Gap","[]"
"Uncons Outlook vs Outlook REV Gap %","[]"
"Uncons Outlook vs Target COGS Gap","[]"
"Stat Raw History","[]"
"Backlog (Unit)",""
"Net Invoice","[]"
"Net Invoice LC","[]"
"Net Invoice LY","[]"
"Net Invoice vs LC %","[]"
"Net Invoice vs LC Abs Gap","[]"
"Net Invoice vs LY %","[]"
"AL KPI Max Inventory Sizes","['Excess By Size']"
"IO Probability Distribution Considered","['Probability Distribution Used']"
"W Capacity RCA Quantity COC Change %","['COC Capacity Constraints Change %']"
"PO ASN Delivery Quantity Override","[]"
"PO Actual Delivery Quantity","[]"
"PO Actual Receipt Quantity","[]"
"PO Actual Shipment Quantity","[]"
"Std Dev L1","[]"
"Std Dev","[]"
"Stat Forecast Model 1","[]"
"Stat Forecast Model 2","[]"
"Stat Forecast Model 3","[]"
"Net REV vs LC %","[]"
"Customer Fcst vs LY %","[]"
"Customer Fcst vs LY Abs Gap","[]"
"AL PrO % of Total Delivered Quantity TG","['% of Total Produced Quantity']"
"Net REV vs LY %","[]"
"Net REV vs LY Abs Gap","[]"
"PO ASN Delivery Date Override","[]"
"Cumulative Volume % L1","[]"
"Uncons Outlook vs Target COGS Gap %","[]"
"Uncons Outlook vs Target Gap %","[]"
"AL KPI Excess Inventory LW","['Last Week']"
"W Where Used Broken Network Node",""
"NVA%",""
"D PO Alert o9 ETA","['o9 ETA']"
"D Procurement Forecast Infinite Node","['Unconstrained Request']"
"AL PO Lane On Time % TG","['On Time %']"
"SO Open Commit Quantity","[]"
"D Procurement Commits Flex Window","['Flex Window']"
"SO Commit Actual Delivery Date","[]"
"SO Commit Actual Ship Date","[]"
"Net Invoice vs LY Abs Gap","[]"
"Avg Volume L1","[]"
"PO ASN Delivery Quantity Final","[]"
"Customer Fcst vs LC Abs Gap","[]"
"InTransit Delivery Date","[]"
"SO Commit Date","[]"
"SO Commit Last Changed Date","[]"
"D RM Planner Capacity Constraints",""
"Firm Plan",""
"W Published Procurement Forecast","['Published Request']"
"W Upstream Network Item Lead Time",""
"AL KPI Excess Inventory L12W","['Last 12 Weeks']"
"AL KPI Excess Inventory L4W","['Last 4 Weeks']"
"InTransit Quantity TG","[]"
"Inactive BOM","[]"
"Inbound Actual Shipment",""
"PO Commit Quantity Override","['PO Commit Quantity Override']"
"PO Committed Delivery Date Override","[]"
"Target COGS","[]"
"W Procurement Commits Flex Window TG","['Flex Window', 'Flex Window']"
"Uncons Outlook vs Outlook COGS Gap","[]"
"Uncons Outlook vs Outlook COGS Gap %","[]"
"Uncons Outlook vs Outlook Gap","[]"
"Uncons Outlook vs Outlook Gap %","[]"
"Customer Fcst Lag3","[]"
"Target GM vs Outlook LY Gap","[]"
"D Published Procurement Forecast","['Published Request']"
"SCH WO Creation Date","['Work Order Creation Date']"
"SCH WO Due Date","['Work Order Due Date']"
"PrO Detail Delivered Quantity","['Detail Delivered Quantity']"
"SCH WO Launch Date","['Work Order Launch Date']"
"SCH WO Operation Firm Flag","['Firm Flag']"
"SO Commit Creation Date","[]"
"Customer Fcst Lag2","[]"
"Customer Fcst vs LC %","[]"
"SCH WO Operation Type","['Operation Type']"
"SCH Resource Overtime Duration","['Duration']"
"SCH Resource Overtime Duration UOM","['Duration UOM']"
"SCH Resource Overtime End Time","['Overtime End']"
"SCH Resource Overtime Start Time","['Overtime Start']"
"PrO Open Quantity TG","[]"
"PrO Detail Finish Date","['Detail Schedule Finish Date']"
"W PO Shipped Quantity TG","['PO Shipped Qty']"
"Lane Transportation Shared Capacity","['Base Capacity']"
"Consensus vs Reference3 Fcst Gap %","[]"
"Consensus vs Sales Fcst %","[]"
"Consensus vs Sales Fcst Abs Gap","[]"
"AL KPI Delivered Qty On Delivery Month","['Total Delivered Quantity']"
"Inbound Shipment LC Plan",""
"SO Net Price per Unit","[]"
"SCH WO Quantity","['WO Quantity']"
"Consensus vs Stat Fcst Abs Gap","[]"
"Reference1 Fcst Lag2","[]"
"SCH WO Release Date","['Work Order Release Date']"
"D SS Material RCA Quantity","['SS Material RCA Quantity']"
"SCH Resource Override Capacity","['Override Capacity']"
"SCH Resource Override Description","['Description']"
"SCH Resource Override Duration","['Duration']"
"SCH Resource Override Duration UOM","['Duration UOM']"
"SCH Resource Override End Time","['End Time']"
"SCH Resource Override Start Time","['Start Time']"
"PrO Detail Release Date","['Detail Schedule Release Date']"
"Reference1 Fcst Lag3","[]"
"PrO Detail Status","['Detail Status']"
"SCH WO Operation Firm Schedule End Time","['Firm Schedule End Time']"
"SCH WO Operation Firm Schedule Start Time","['Firm Schedule Start Time']"
"SCH WO Operation Firm Status","['Firm Status']"
"SCH Resource Overtime Description","['Description']"
"ERP Routing Start Date Override","['ERP Input']"
"W Material Root Cause Quantity Baseline",""
"Reference1 Fcst vs LC %","[]"
"W Number Capacity Underloads","['Number Capacity Underloads']"
"W Number Total Overloads","['Number Total Overloads']"
"Reference1 Fcst vs LC Abs Gap","[]"
"W PO Open Quantity","['Open Quantity']"
"Reference1 Fcst vs LY %","[]"
"PrO WIP Operation Quantity","['WIP Operation Quantity']"
"D STO Alert o9 ETA","['o9 ETA']"
"D STO Alert o9 Expected Delivery Quantity","['o9 Expected Quantity']"
"ERP Co-Product Association","['ERP Input']"
"Consensus vs Sales Fcst Gap","[]"
"Consensus vs Sales Fcst Gap %","[]"
"Consensus vs Stat Fcst %","[]"
"Priority",""
"ERP Routing Association","['ERP Input']"
"ERP Routing End Date","['ERP Input']"
"Consensus vs Marketing Fcst Gap %","[]"
"Consensus vs Published Fcst %","[]"
"Consensus vs Published Fcst Abs Gap","[]"
"Consensus vs Published Fcst Gap","[]"
"Consensus vs Published Fcst LC Gap %","[]"
"Consensus vs Reference1 Fcst %","[]"
"Consensus vs Reference1 Fcst Abs Gap","[]"
"Consensus vs Reference1 Fcst Gap","[]"
"DIST Transportation Shared Flex Capacity Band1 Override","['Flex Capacity Band1 Override']"
"Consensus vs Reference2 Fcst Abs Gap","[]"
"Exclude from Netting","[]"
"Exclude from Planning","[]"
"SCH Resource Overtime Added Capacity","['Additional Capacity']"
"Consensus vs Reference3 Fcst Abs Gap","[]"
"Consensus vs Reference3 Fcst Gap","[]"
"ERP Routing End Date Override","['ERP Input']"
"ERP Routing Lead Time","['ERP Input']"
"ERP Routing Lead Time Override","['ERP Input']"
"ERP Routing Start Date","['ERP Input']"
"D Supplier Commits Flex","['Supplier Commits Flex']"
"DIST Transportation Shared Flex Capacity Band2 Override","['Flex Capacity Band2 Override']"
"CM Daily Base Working Hrs Per Day","[]"
"Disco Date","[]"
"Uncons Outlook COGS vs LY %","[]"
"ERP BOM End Date","['BOM End Date']"
"Consensus vs Marketing Fcst %","[]"
"Reference1 Fcst vs LY Abs Gap","[]"
"ERP Item BOM Routing Priority","['ERP Input']"
"W Factory Planner Material Constraints",""
"Initiative Owner","[]"
"Initiative Rating","[]"
"Lost Margin",""
"Uncons Outlook GM vs LC %","[]"
"Consensus vs Stat Fcst Gap","[]"
"Consensus vs Stat Fcst Gap %","[]"
"Consensus vs Marketing Fcst Abs Gap","[]"
"Consensus vs Marketing Fcst Gap","[]"
"ERP BOM Quantity Consumed Per","['ERP Input']"
"ERP BOM Start Date","['BOM Start Date']"
"Discount & Allowance LY","[]"
"Discount & Allowance vs LC %","[]"
"D Gross Profit","['Gross Profit']"
"Consensus vs Reference2 Fcst Gap","[]"
"Consensus vs Reference2 Fcst Gap %","[]"
"Consensus vs Reference3 Fcst %","[]"
"Sell Out Actual vs LY Gap","[]"
"SCH Output Material Consumption Qty","['Consumption Qty']"
"SCH Output Material Pegging Association",""
"SCH Output Material Pegging Quantity",""
"Discount & Allowance","[]"
"Discount & Allowance LC","[]"
"Actual L1","[]"
"W Material Production Quantity Plan Output","['Material Production Quantity Plan Output', 'Material Production Quantity']"
"Initiative Duration","[]"
"Task Duration","['Task Duration (in Seconds)']"
"Consensus vs Published Fcst Gap %","[]"
"Consensus vs Published Fcst LC %","[]"
"Consensus vs Published Fcst LC Abs Gap","[]"
"Consensus Fcst Accuracy Point Loss","[]"
"Consensus Fcst LLY","[]"
"CM Daily Base Working Hrs Per Day Band2","[]"
"Consensus vs Reference2 Fcst %","[]"
"Consensus Fcst vs LLY %","[]"
"Consensus Fcst vs LLY Abs Gap","[]"
"o9 BOM Quantity Consumed Per","['o9 Maintained Input']"
"o9 BOM Start Date","['o9 Maintained Input']"
"o9 Co-Product Association","['o9 Maintained Input']"
"Sell Out Actual vs LY Gap %","[]"
"Marketing Fcst Lag2","[]"
"Marketing Fcst Lag3","[]"
"W Material Production RCA Pegged Qty","[]"
"D Total Required Capacity Consumption Plan","['Total Required Capacity Consumption Plan']"
"Sell Out Stat Fcst","[]"
"Discount & Allowance vs LC Abs Gap","[]"
"D Financial Alternate Delta Cost","['Incremental Sourcing Cost']"
"Discount & Allowance vs LY %","[]"
"Discount & Allowance vs LY Abs Gap","[]"
"Billing vs LY Gap","[]"
"Billing vs LY Gap %","[]"
"Uncons Outlook vs LC Gap","[]"
"Uncons Outlook vs LC Gap %","[]"
"Uncons Outlook vs LY Gap","[]"
"Initiative Status","[]"
"AL KPI Backlog Trend","['Outstanding Backlog']"
"o9 BOM End Date","['o9 Maintained in o9']"
"D Total Capacity","[]"
"Outlook COGS vs LC %","[]"
"Outlook COGS vs LY %","[]"
"W Demand Quantity LC","['LC Demand']"
"W Demand Quantity to SCS","['Demand Quantity to SCS']"
"Consensus vs Published Fcst LC Gap","[]"
"Uncons Outlook vs LY Gap %","[]"
"Consensus vs Reference1 Fcst Gap %","[]"
"o9 Routing Item Location Association","['o9 Maintained Input']"
"Outlook GM vs Target Gap","[]"
"Target vs Outlook LY Gap","[]"
"Target vs Outlook REV LY Gap","[]"
"Outlook GM vs Target Gap %","[]"
"MG Output Gantt Operation Quantity","['Operation Quantity']"
"MG Output Gantt Project Due Date","['Project Due Date']"
"Intro Date","[]"
"SCH Output Gantt Operation Delay Reason","['Delay Reason']"
"D WIP  Infeasibility Resolution Type Final","[]"
"Published Fcst Lag2","[]"
"Published Fcst Lag3","[]"
"Published Fcst vs LC %","[]"
"Outlook GM vs LY %","[]"
"Intermittent L1","[]"
"MFG Base Working Hrs Per Day","['Base Working Hrs Per Day']"
"Published Fcst vs LY Abs Gap","[]"
"Outlook GM vs Uncons Outlook Gap %","[]"
"W MFG WIP Quantity","['Mfg Firm Plan']"
"Outlook Gap vs Uncons Outlook Gap","[]"
"Outlook LC","[]"
"Outlook Lag1","[]"
"AL KPI OTIF FCD L12W","['Last 12 Weeks']"
"W Inventory Shortage Days Count","[]"
"AL KPI OTIF FCD L4W","['Last 4 Weeks']"
"Demand Late Short Quantity",""
"AL KPI OTIF FCD LW","['Last Week']"
"Outlook GM vs LC %","[]"
"MFG Base Working Days Per Week","['Base Working Days Per Week']"
"Uncons Outlook REV LC","[]"
"Uncons Outlook REV vs LC Gap","[]"
"Uncons Outlook REV vs LC Gap %","[]"
"MFG Base Efficiency","['Base Efficiency %']"
"Stat Cleansed History","[]"
"Trend L1","[]"
"Demand Late Short Revenue Impact",""
"D Demand Quantity Override","['Demand Quantity Override']"
"W Inventory Shortage Quantity","[]"
"W Inventory Shortage Revenue Risk","[]"
"W LC Excess EOH","[]"
"W LC Excess EOH Max","[]"
"W LC Inventory Shortage Quantity","[]"
"W LC Material Constraint Quantity","[]"
"Actual vs LY %","[]"
"Actual vs LY Gap %","[]"
"Published Fcst vs LC Abs Gap","[]"
"Demand Realized Qty","[]"
"Published Fcst vs LY %","[]"
"D WIP Short Quantity","[]"
"SCH Item BOM Routing Association","['BOM-Routing Association']"
"RGM Halo Margin Gained","['Margin gained due to Halo effect']"
"AL KPI OTIF ED L4W","['Last 4 Weeks']"
"SCH Exception Downtime End Time","['Downtime End']"
"SCH Exception Downtime Reduced Capacity","['Capacity Reduction']"
"SCH Exception Downtime Start Time","['Downtime Start']"
"SCH Exception Downtime Type","['Type']"
"SCH Exception Downtime Description","['Description']"
"SCH Exception Downtime Duration","['Duration']"
"W Excess EOH Max","[]"
"W Excess Inventory Days Count","[]"
"W Excess Inventory Holding Cost","[]"
"Outlier Average",""
"Capacity Split Flag Global Week to Day OverRide","['Capacity disaggregation from Week to Day Override']"
"Outlier Average ",""
"Uncons Off Invoice","[]"
"Uncons Off Invoice LC","[]"
"Uncons Off Invoice LY","[]"
"Total Supply",""
"W Excess Inventory Obsolescence Risk","[]"
"SCH Exception Downtime Duration UOM","['Duration UOM']"
"AL KPI OTIF ED LW","['Last Week']"
"Seasonality L1","[]"
"Scope 2 Cooling Intensity Metrics Employee","['Employee']"
"RGM Base Sales Margin","['Base Sales CMA']"
"RGM Cannibalization Margin Loss","['Margin loss due to cannibalization']"
"RGM Estimated Gross Margin","['Estimated CMA']"
"Daily Flex2 Item Shared Supplier Capacity By Day","[]"
"D Where Used Broken Network Node",""
"D WIP Met Late Quantity","[]"
"D Demand Priority Override","['Demand Priority Override']"
"RGM Stockpiling Margin Loss","['Margin loss due to stockpiling']"
"RGM IF Planned End Date L8","['Initiative End Date']"
"RGM IF Planned Objective L8","['Initiative Objective']"
"RGM IF Planned Start Date L8","['Initiative Start Date']"
"Daily Base Item Supplier Capacity By Day","[]"
"Daily Flex1 Item Shared Supplier Capacity By Day","[]"
"Daily Flex1 Item Supplier Capacity By Day","[]"
"RGM Initiative Rank","['Initiative Rank']"
"Uncons Off Invoice vs LY %","[]"
"Uncons Off Invoice vs LY Gap","[]"
"Uncons Off Invoice vs LY Gap %","[]"
"Uncons On Invoice","[]"
"Scope 2 Cooling Intensity Metrics Product Handled","['Product Handled']"
"Capacity Assortment Global Telescopic Bucket to Day OverRide","['Rule for Capacity Disaggregation from Telescopic Bucket to Day Override']"
"Capacity Assortment Global Telescopic Bucket to Week OverRide","['Rule for Capacity Disaggregation from Telescopic Bucket to Week Override']"
"Uncons Outlook REV vs LY %","[]"
"Scope 2 Heat Intensity Metrics Employee","['Employee']"
"SCH Downtime Weekly Pattern Description","['Description']"
"SCH Downtime Weekly Pattern Duration","['Duration']"
"SCH Downtime Weekly Pattern Duration UOM","['Duration UOM']"
"SCH Downtime Weekly Pattern End Time","['Downtime End']"
"RTF","[]"
"RGM Net Sales Value","['NSV']"
"SCH Downtime Weekly Pattern Reduced Capacity","['Capacity Reduction']"
"SCH Downtime Weekly Pattern Start Time","['Downtime Start']"
"SCH Downtime Weekly Pattern Type","['Type']"
"Uncons On Invoice LC","[]"
"Uncons Net REV vs LC %","[]"
"Uncons Net REV vs LY %","[]"
"Daily Flex2 Item Supplier Capacity By Day","[]"
"RGM Gross Margin","['Gross CMA']"
"RGM Residual Gross Margin","['Residual CMA']"
"Uncons Off Invoice vs LC Gap","[]"
"Uncons Off Invoice vs LC Gap %","[]"
"Uncons Outlook COGS vs LC %","[]"
"Scope 2 Heat Intensity Metrics Product Handled","['Product Handled']"
"D Demand Build Ahead Limit Override","['Demand Build Ahead Limit Override']"
"IO Fixed Order Cost","['Fixed Order Cost']"
"Scope 2 Intensity Metrics Employee","['Employee']"
"Scope 2 Intensity Metrics Product Handled","['Product Handled']"
"Daily Base Item Shared Supplier Capacity By Day","[]"
"Reference3 Fcst vs LY %","[]"
"Reference3 Fcst vs LY Abs Gap","[]"
"Outlook REV vs LY %","[]"
"Outlook REV vs LY Abs Gap","[]"
"Scope 2 Electricity Intensity Metrics Area","['Area (sq. m)']"
"Scope 2 Electricity Intensity Metrics Employee","['Employee']"
"Scope 2 Heat Intensity Metrics Area","['Area (sq. m)']"
"Reference3 Fcst Lag2","[]"
"Reference3 Fcst vs LC Abs Gap","[]"
"Reference2 Fcst vs LC Abs Gap","[]"
"Outlook REV vs LC %","[]"
"Reviewed","[]"
"Scope 2 Steam Intensity Metrics Area","['Area (sq. m)']"
"Reference2 Fcst vs LY %","[]"
"W Flex Capacity Utilization %","['Flex Capacity Utilization %']"
"Scope 2 Steam Intensity Metrics Product Handled","['Product Handled']"
"Scope 1 Fugitive Intensity Metrics Area","['Area (sq. m)']"
"Scope 1 Fugitive Intensity Metrics Employee","['Employee']"
"Reference2 Fcst Lag2","[]"
"Reference3 Fcst vs LC %","[]"
"Reference2 Fcst vs LC %","[]"
"Volume % L1","[]"
"D Demand Build Late Limit Override","['Demand Build Late Limit Override']"
"Uncons Outlook GM vs Outlook Gap","[]"
"Uncons Outlook GM vs Outlook Gap %","[]"
"Uncons Outlook GM vs Target Gap %","[]"
"CM Efficiency Override","[]"
"Uncons On Invoice vs LC Gap","[]"
"Uncons On Invoice vs LC Gap %","[]"
"Uncons On Invoice vs LY %","[]"
"Uncons On Invoice vs LY Gap","[]"
"Uncons On Invoice vs LY Gap %","[]"
"Outlook REV vs LC Abs Gap","[]"
"DIST Transportation Shared Capacity Override","['Base Capacity Override']"
"Reason","[]"
"Reason Code","[]"
"Uncons On Invoice LY","[]"
"Uncons On Invoice vs LC %","[]"
"Uncons Off Invoice vs LC %","[]"
"Supplier Location As Location Association","[]"
"Supplier Item Priority Final","['Supplier Item Priority']"
"Flow 3 Interim TPE Final Forecast","['Final Forecast at Region TPE level']"
"D Inventory Shortage Quantity","['Max Shortage']"
"D WIP Sweep Priority","[]"
"Cable Reel Availability","[]"
"Net Available (NBD)","[]"
"Last Updated User Name","[]"
"Supply Bucket Priority 2","[]"
"Supply Bucket Priority 1","[]"
"Trigger Max Stock PF","['Trigger Max Stock']"
"Created By","[]"
"Last Updated Time Stamp","[]"
"Creation Date Time","[]"
"Actual Demand","[]"
"Flow 1 Final Item Forecast Original UoM","['Primary UoM Forecast at Item Region level']"
"Flow 1 TPE Item Final Split Ratio","['TPE to Item Final Split Ratio']"
"M OnHand Quantity","['OnHand Quantity']"
"D Demand Priority Plugin Output Normalised","[]"
"D Re-Order Point Quantity","['Re-Order Point Quantity']"
"o9 Goods Receipt Time Standard Deviation IL","[]"
"Approved RA by Transfer Type.36602dfa-6832-460b-8b68-24e3011b258b",""
"ProcLane Supplier Location Association","[]"
"BoH Deficit","[]"
"CONSIGNED ITEM FLAG","[]"
"PRIM UOM CODE","[]"
"EoH Deficit","[]"
"ALLOW PRICE OVERRIDE FLAG","[]"
"MIN ORDER QUANTITY","[]"
"MAX ORDER QUANTITY","[]"
"PLANNER CODE","[]"
"END DATE","[]"
"SUPPLIER ITEM NAME","[]"
"Flow 1 Cat9 Region Reco Ratio","['Cat9 to Region Reco Ratio/Last Cycle']"
"Flow 1 Actuals for Cat9 and Region","['Actuals at Cat9 Region level']"
"START DATE","[]"
"Past due SO demand Value","[]"
"o9 Planned Delivery Time Standard Deviation IL","[]"
"W Activity Lead Time","['Activity Lead Time']"
"ERP Planned Delivery Time Standard Deviation IL","[]"
"Total count","[]"
"o9 Lot Size Increment IL","['Lot Size Increment']"
"Exception count","[]"
"D STO Alert Inventory Status Current","['Inventory Status@Current Date']"
"ERP Goods Receipt Time Standard Deviation IL","[]"
"PROC Lot Size Increment","['Default']"
"ERP Lot Size Increment IL","['Lot Size Increment']"
"Flow 3 Interim TPE Forecast Override","['Forecast at Region TPE Override']"
"ERP Min Lot size IL","['Min Lot Size']"
"Flow 1 Item Region Forecast Override","['Forecast at Item Region Override']"
"o9 Min Lot size IL","['Min Lot Size']"
"Flex1 Item Shared Supplier Capacity","['Flex1 Capacity', 'Flex1 Capacity']"
"From Location To Location Association Override","['Override']"
"Base Item Shared Supplier Capacity","['Base Capacity', 'Base Capacity', 'Weekly Base Capacity']"
"Stat Forecast Accuracy D Lag4","[]"
"Publish Forecast Bias D Lag4","[]"
"Publish Forecast Bias D Lag2","[]"
"Actuals for Item DC","[]"
"Actuals Bias D Lag4","[]"
"Publish Forecast Accuracy D Lag2","[]"
"Deactivate Supplier","[]"
"BODLane End Date IL","['Default']"
"BODLane Start Date IL","['Default']"
"Supplier End Date External Input","['External Input']"
"PROC Lead Time External Input","['External Input']"
"Actuals Accuracy D Lag2","[]"
"Supplier Item Priority External Input","['External Input']"
"DIST Planned Delivery Time IL","['Default']"
"M Expected Receipts","['Expected Receipts']"
"Supplier Start Date External Input","['External Input']"
"Actuals MPE D Lag2","[]"
"Actuals MAPE D Lag4","[]"
"Actuals MAPE D Lag2","[]"
"BOD Shared Resource Consumed Quantity Per","[]"
"Actuals Bias D Lag2","[]"
"From Location To Location Association","['Default']"
"Publish Forecast MAPE D Lag2","[]"
"Flex2 Item Shared Supplier Capacity","['Flex2 Capacity', 'Flex2 Capacity']"
"Actuals Accuracy D Lag4","[]"
"PROC Lead Time Final By Week","['Supplier Item Lead Time']"
"Stat Forecast Bias D Lag2","[]"
"Stat Forecast Bias D Lag4","[]"
"BuyBack Supply","[]"
"PROC Lot Size Increment Override","['Override']"
"Priority Rule Sequence","[]"
"Stat Forecast MAPE D Lag2","[]"
"Stat Forecast MAPE D Lag4","[]"
"Publish Forecast MPE D Lag4","[]"
"Stat Forecast MPE D Lag4","[]"
"PROC Min Lot Size Override","['Override']"
"Item From Location To Location Association Override","['Override']"
"DIST Goods Receipt Time IL","['Default']"
"Stat Forecast MPE D Lag2","[]"
"Stat Forecast Accuracy D Lag2","[]"
"Active for Distribution","[]"
"Publish Forecast MPE D Lag2","[]"
"Publish Forecast MAPE D Lag4","[]"
"Actuals MPE D Lag4","[]"
"PO Line Detail Actual Delivery Date","['Actual Delivery Date']"
"Publish Forecast Accuracy D Lag4","[]"
"Item Activity 123 Association","[]"
"CREATIONDATE","[]"
"SO Maintenance Type Priority","[]"
"DC2DC Destination","[]"
"Min AFT Transfer Quantity","[]"
"Dark2DC PO history horizon","['Dark2DC PO history horizon']"
"Dark2DC PO Future horizon","['Dark2DC PO Future horizon']"
"Dark2DC Min Multiplier","[]"
"Dark2DC GFR History Horizon","['Dark2DC GFR History Horizon']"
"Dark2DC GFR Future Horizon","['Dark2DC GFR Future Horizon']"
"Dark2DC AFT Orders history Horizon","['Dark2DC AFT Orders history Horizon']"
"Dark2DC AFT Orders Future Horizon","['Dark2DC AFT Orders Future Horizon']"
"LAST MODIFIED DATE","[]"
"LAST MODIFIED BY","[]"
"SO Source Type","[]"
"CREATEDBY","[]"
"Dark2DC Shipment horizon","['Dark2DC Shipment horizon']"
"Buyback","[]"
"Deficit Calc Window","['Deficit Calc Window (Months)']"
"Past Due SO window","['Past Due SO window (Days)']"
"SO Provisioning Type Priority","[]"
"Published Forecast","[]"
"Include Intransit Dark2DC","[]"
"Past Due PO window","['Past Due PO window (Days)']"
"Horizon for Calc Split Ratio","[]"
"Include GFR Dark2DC","[]"
"Dark2DC Max Multiplier","[]"
"BUILD NON BUILD","[]"
"Dark2DC","[]"
"Creation Time","[]"
"SO Replenishment Type Priority","[]"
"Include PO Dark2DC","[]"
"Excess Calc Window","['Excess Calc Window (Months)']"
"Active Flag","[]"
"DC2DC Source","[]"
"Valid Item Location Association","[]"
"Purchase Forecast PF Value FR","[]"
"Past due SO demand Qty","[]"
"Flow 3 TPE Region Reco Ratio","['TPE to Region Reco Ratio/Last Cycle']"
"Purchase Forecast PF Qty FR","[]"
"SP Segment","['SP Segment Prior']"
"Flow 1 TPE Item Reco Ratio","['TPE to Item Reco Ratio/Last Cycle']"
"D Demand Quantity Increment %","['Demand Quantity Increment %']"
"D Material Consumption Association","['Material Consumption Association']"
"Item Location To Location Association","[]"
"PROC Include For MP","[]"
"PROC Include For OP","[]"
"Supplier As Item Resource Association","[]"
"D STO Alert Current Inventory","['Inventory@Current Date']"
"D Planning Horizon Association","[]"
"Avg Price FR","[]"
"PR Creation Date","[]"
"Resource Consumption Association","[]"
"On - Trade Discount Actual","[]"
"On - Revenue Rebate Actual","[]"
"On - Quantity Discount Actual","[]"
"On - Price Variance Actual","[]"
"On - Other Allowance Actual","[]"
"On - Free Product Actual","[]"
"On - Cascade Actual","[]"
"D Demand Gap","['Demand Gap', 'Demand Gap']"
"Inventory Value - Year","[]"
"Inventory Value - Quarter","[]"
"Inventory Value - Month","[]"
"Inventory - Year","[]"
"Inventory - Quarter","[]"
"Inventory - Month","[]"
"Flex2 Item Supplier Capacity","['Flex2 Capacity']"
"Base Item Supplier Location TransMode Capacity By Week","['Base Capacity Override', 'Weekly Base Capacity Override']"
"Flex2 Item Supplier Location TransMode Capacity By Week","['Flex2 Capacity Override']"
"PROC o9 Planned Delivery Time ILS","['o9 Maintained Input']"
"Final Resource Priority","[]"
"Monthly Total NBD Qty FR","[]"
"Base Item Supplier Capacity","['Base Capacity', 'Weekly Base Capacity']"
"D Planner Assigned Capacity Flag At Item","['Prioritized Capacity Constraints']"
"DIST Exclude For MP Flag","['Exclude For MP Flag']"
"Item BODLane TransMode Min Lot Size","['Default', 'Default']"
"Item BODLane TransMode Lot Size Increment Override","['Override']"
"Item BODLane TransMode Lot Size Increment","['Default', 'Default']"
"W PO Open Quantity TG","['PO Open Qty']"
"BODLane End Date From Location To Location","['End Date']"
"Item BODLane TransMode Lead Time External Input","[]"
"M WIP Material Production Quantity Plan Output","[]"
"M Total Required Capacity Consumption Plan","['Total Required Capacity Consumption Plan']"
"M Total Demand At Material Node","['Total Outflow']"
"Flex1 Item Supplier Location TransMode Capacity By Week","['Flex1 Capacity Override']"
"On - Logistics Allowance Actual","[]"
"PROC ERP Planned Delivery Time ILS","['ERP Input']"
"D Supplier Item Share","['Supplier Share']"
"D Supplier Priority Time Varying","[]"
"W Supplier Priority Time Varying","[]"
"D Procurement Forecast Cumulative","['Cumulative Request']"
"D Demand Priority Plugin Output","[]"
"Flow 1 Final Item Forecast LC1","['Final Forecast at Item Region level LC']"
"M Flex Capacity Consumption","['Flex Capacity Consumption']"
"M Flex Capacity Band2","['Flex Capacity Band2']"
"M Flex Capacity Band1","['Flex Capacity Band1']"
"W Critical Item Flag","['MP']"
"BODLane End Date IL Override","['Override']"
"Item Location Supplier TransMode Association External Input","['External  Input']"
"Item Location Supplier TransMode Association","[]"
"Item BODLane TransMode Soft Lot Size Override","['Override']"
"Monthly Total NBD Value FR","[]"
"Item BODLane TransMode Priority External Input","[]"
"Item BODLane TransMode Min Lot Size Override","['Override']"
"DIST Planned Delivery Time IL Override","['Override']"
"DIST Goods Receipt Time IL Override","['Override']"
"DIST TransMode Priority","['TransMode Priority']"
"BODLane Start Date IL Override","['Override']"
"Item BODLane TransMode Soft Lot Size","['Default']"
"BODLane Start Date From Location To Location","['Start Date']"
"D No Carry Inventory","['No Carry Inventory']"
"D Material Demand Late Short Quantity","['Material Demand Late Short Quantity']"
"DIST Exclude For OP Flag","['Exclude For OP Flag', 'Exclude For OP Flag']"
"No of Material constraints DR","['No of Material constraint']"
"No of Capacity constraints DR","['No of Capacity constraints']"
"W Planner Assigned Capacity Flag At Item","['Prioritized Capacity Constraints']"
"Flex1 Item Supplier Capacity","['Flex1 Capacity']"
"D Critical Item Flag","['OP']"
"D STO Alert Current Target Inventory","['Target Inventory@Current Date']"
"Resource Consumed Quantity Per","[]"
"Location To Location Association","[]"
"M Demand Quantity ET","[]"
"D Item Location Association","[]"
"Netted Consolidated Forecast Batch","[]"
"M Demand Quantity PF","[]"
"Final Item Approved Supplier Association","[]"
"MFG Frozen Window By Item Location Final","[]"
"Excess Demand Expected Receipt","[]"
"M Demand Quantity AFTR","[]"
"Activity Lead Time","[]"
"Final Item From Location To Location Association","[]"
"IO Suggested Reorder Point Days","['Suggested Reorder Point in Days']"
"AL STO Non Time Phased StdDev Outbound","['Lead Time Standard Deviation (Days) Outbound']"
"Stat Fcst Weighted Snaive","[]"
"Stat Fcst Weighted AOA","[]"
"Under Forecast Lag1 (Stat Fcst Reference)",""
"Over Forecast Lag1",""
"SCH MangoGem Optimization Max Quietness","['Max Quietness']"
"SCH MangoGem Optimization Max Iteration","['Max Iteration']"
"Actual vs LY Abs Gap","[]"
"SCH Item Routing Successor Operation","['Successor Operation']"
"SCH Item Routing Successor Min Delta UOM","['Min Delta UOM']"
"SCH Item Routing Successor Min Delta","['Min Delta']"
"D Upstream Network Item Lead Time Platform",""
"D Upper Threshold WOS","['D Upper Threshold DOS']"
"SCH Material Unrestricted Quantity","['Unrestricted Quantity']"
"SCH Material Slack UOM","['Slack UOM']"
"Demand Attribute3","[]"
"Demand Attribute2","[]"
"Demand Attribute1","[]"
"Demand LY","[]"
"Demand","[]"
"Actual Median","[]"
"Purchased LC","[]"
"Purchased","[]"
"SCH Material Batch ID","['Batch ID']"
"SCH MangoGem Scheduling Chunk","['Scheduling Chunk']"
"SCH MangoGem Population Size","['Population Size']"
"SCH MangoGem Optimization StopT","['Optimization StopT']"
"SCH MangoGem Optimization StopQ","['Optimization StopQ']"
"SCH MangoGem Optimization StopI","['Optimization StopI']"
"Demand Target","[]"
"Demand Realization Perc","[]"
"Purchase Orders",""
"D WIP BLL","[]"
"D WIP BAL","[]"
"SCH Item Supportability Late Tolerance UOM","['Late Tolerance UOM']"
"SCH Item Supportability Late Tolerance","['Late Tolerance']"
"SCH Item Supportability Early Tolerance UOM","['Early Tolerance UOM']"
"SCH Item Supportability Early Tolerance","['Early Tolerance']"
"D Total Short Quantity Delta","['Total Short Quantity Delta']"
"W Demand Quantity Override","['Demand Quantity Override']"
"W Demand Quantity Baseline","['Demand Quantity Baseline']"
"W Material Demand Late Short Quantity Lead Time Before Current","['Lead Time Plan Before Current']"
"W Material Demand Late Short Quantity Frozen Window","['Frozen Window']"
"W Material Demand Late Short Quantity Effectivity","['Effectivity']"
"W Material Consumption RCA Pegged Qty","[]"
"W Material Constrained","['Material Constrained']"
"W Manufacturing Capacity Demand Late Short Quantity","['Manufacturing Capacity Constraint']"
"Published Final Fcst","[]"
"SCH Material Slack","['Slack']"
"Demand LC","[]"
"SCH Material Location Association","['Item Location Association']"
"SCH Material InQuality Inspection","['InQuality Inspection']"
"SCH Material Expiry Date","['Expiry Date']"
"SCH Material Blocked","['Blocked']"
"Published Fcst Accuracy","[]"
"Difference Material Consumption",""
"Difference Capacity Consumption",""
"D Total Met On Time Delta","['Total Met On Time Delta']"
"D Total Late Quantity Delta","['Total Late Quantity Delta']"
"D Total Capacity Utilization % COC Change %","['COC Total Utilization Change %']"
"D Total Capacity Utilization %","[]"
"D Total Capacity COC Change %","['COC Total Capacity Change %']"
"SCH Output Resource Base Capacity","['Base Capacity']"
"Density L1","[]"
"Publish Forecast Quantity D Lag4",""
"SCH MangoGem Optimization Max Acceptance","['Max Acceptance']"
"Actual Cleansed System","[]"
"W Material Demand Late Short Quantity To Nodes","['Material Late Short Quantity']"
"W Material Demand Late Short Quantity Material Short","['Material Short']"
"SCH Output Gantt Operation Queue Info","[]"
"SCH Output Resource Overtimes Capacity","['Overtimes Capacity']"
"SCH PO Quantity","['PO Quantity']"
"SCH PO Goods Receiving Date","['Expected Arrival Date']"
"Audit Log","[]"
"Attach Rate System",""
"D Target Inventory Levels","['Target Inventory Levels']"
"W Distribution Planner Material Constraint Flag","['Prioritized Material Constraints']"
"W Distribution Capacity Demand Late Short Quantity","['Distribution Capacity Constraint']"
"SCH Output Violation Negative On Hand Summary","['Material Violation']"
"SCH Output Unscheduled Operations Skipped","['Operation Skipped']"
"SCH Output Unscheduled Operations Reason","['Reason for Unscheduled Operation']"
"SCH Material Receiving Date","['GR Receiving Date']"
"Actual L2","[]"
"Actual Cleansed vs Actual Gap%",""
"Actual Cleansed vs Actual Gap","[]"
"Disco Period","[]"
"ERP BOM Consumed Item Association","['ERP Input']"
"EOH","[]"
"Duration In Seconds","[]"
"Duplicate Volume","[]"
"Promo Days","[]"
"Production Target","[]"
"Production LY","[]"
"Production LC","[]"
"Production","[]"
"Product Segment L1","[]"
"Disaggregated Stat Fcst","[]"
"Publish Forecast Quantity D Lag2",""
"D Supplier Item Lead Time","['Proc Lead Time', 'Proc Lead Time']"
"D Supplier Commits Flex %","['Supplier Commits Flex %']"
"D Supplier Commits COC Change %","['Supplier Commits COC Change %']"
"D Supplier Commits COC Change","['Supplier Commits COC Change']"
"Attach Rate",""
"W Demand Priority Override","['Demand Priority Override']"
"W Demand Priority Baseline","['Demand Priority Baseline']"
"W Demand Plan Date Offset","['Demand Plan Date Offset']"
"SCH Output Violation Resource Summary","['Capacity Violation']"
"SCH Output Violation Operation Summary","['Sequence Violation']"
"D STO Alert o9 Criticality Index","['Criticality']"
"D STO Alert Status","['ERP STO Status']"
"SCH Resource Capacity","['Resource Base Strength']"
"SCH Request Parameters Time Unit","['Time Unit']"
"ERP Item BOM Routing Min LotSize","['ERP Input']"
"SCH Output Unscheduled Operations Queue Info","['Queue Info for Unscheduled operations']"
"ERP Item Approved Supplier Association","['ERP Input']"
"ERP DOS Target","['ERP Input']"
"ERP Consider Supplier Effectivity For Planning Flag","['ERP Input']"
"ERP Resource Consumed Per","['ERP Input']"
"ERP Re-Order Point Quantity","['ERP Input']"
"ERP Re-Order Point DOS","['ERP Input']"
"ERP PROC Exclude For OP Flag","[]"
"ERP PROC Exclude For MP Flag","[]"
"ERP Max Stock Target","['ERP Input']"
"ERP Max Stock BoS","['ERP Input']"
"Process Submission Status","[]"
"Process Status Date Stamp","[]"
"Process Owner","[]"
"ERP Target Inventory","['ERP Input']"
"ERP Supplier Start Date","['Supplier Start Date']"
"SCH Output Unscheduled Operations Flag","['Is Unscheduled Operation']"
"ERP Item Location Supplier Association","['ERP Input']"
"Attach Rate Override",""
"Attach Rate LY",""
"Attach Rate LC",""
"SCH Request Parameter Origin Date","['Origin Date']"
"SCH Production Requirements Quantity","['Demand Quantity']"
"SCH Production Requirements Due Date","['Due Date']"
"SCH Production Requirements Delivery Size","['Delivery Size']"
"D Sort By","['Sort By']"
"D Solver Flag Inventory Plan Type","['Solver Flag Inventory Plan Type']"
"D Solver Flag Inventory Plan Policy","['Solver Flag Inventory Plan Policy']"
"D STO Alert IF Prediction","['o9 IF Prediction']"
"D STO Alert Delivery Status","['Milestone Status']"
"D STO Alert Delivery Delay Reason","['Delay Status']"
"D STO Alert Delivery Days Delayed","['Days Delayed']"
"ERP Item BOM Routing LotSize Increment","['ERP Input']"
"ERP Resource Priority","['ERP Input']"
"Priority Number","[]"
"Priority Group Number","['Group Priority Number']"
"Priority Digits","[]"
"Active for Procurement Flag","['Active for Procurement']"
"W Other Capacity Demand Late Short Quantity","['Other Capacity Constraints']"
"W Number of Constraints buckets COC Change %","['COC # of Constraints Change %']"
"W Number of Constraints buckets","['# Constraints buckets']"
"W Number Total Overloads COC Change %","['COC # of Overloads Change %']"
"W Number Capacity Underloads COC Change %","['COC # of Underloads Change %']"
"W No Carry Inventory","['No Carry Inventory']"
"W Max Base Capacity Utilization %","['Max Base Capacity Utilization %']"
"Error Volume","[]"
"Error Summary","[]"
"ERP Soft Lot Size IL","[]"
"ERP Supplier End Date","['Supplier End Date']"
"SCH Request Parameters Horizon Start","['Horizon Start']"
"SCH Request Parameters Horizon End","['Horizon End']"
"SCH Request Parameters End Date","['End Date']"
"SCH Request Parameters Case Type","['Case Type']"
"SCH Routing to Resource Unload Association Boolean","['Unload Association']"
"SCH Routing to Resource Setup Association Boolean","['Setup Association']"
"SCH Routing to Resource Processing Association Boolean","['Processing Association']"
"PrO WIP Delivery Date Override","['PrO WIP Delivery Date Override']"
"PrO WIP Delivery Date Baseline","['PrO WIP Delivery Date Baseline']"
"PrO WIP Delivery Date","['WIP Delivery Date']"
"Exception count LC","[]"
"Exception Alert DR","['Demand Alert']"
"Error Record Count","[]"
"End Time","[]"
"W PO Shipped Quantity Baseline","['PO Shipped Quantity Baseline']"
"ERP Resource Routing Association","['ERP Input']"
"W PO Open Quantity Baseline","['PO Open Quantity Baseline']"
"W PO Delivery Date Override","['PO Delivery Date Override']"
"W PO Delivery Date Baseline","['PO Delivery Date Baseline']"
"W Other Material Demand Late Short Quantity","['Other Material Constraints']"
"D Rebalance Recommendation Transportation Cost","['Rebalance Transportation Cost']"
"PrO Header Creation Date","['Header Creation Date']"
"Excess Inventory LW",""
"Excess Inventory L4W",""
"Excess Inventory L12W",""
"Excess Inventory",""
"PrO Detail Open Quantity","[]"
"W Order Quantity TG","['Order Qty', 'Order Qty']"
"W Option Name","['Option Name']"
"PrO WIP Quantity TG","[]"
"PrO WIP Operation Quantity Override","['PrO WIP Operation Quantity Override']"
"SCH Request Parameters Objectives","['Objectives Combination']"
"SCH Resource IsParent","['Is Parent Resource']"
"SCH Resource Frozen Horizon UOM","['Frozen Horizon UOM']"
"SCH Resource Frozen Horizon Duration","['Frozen Horizon Duration']"
"D SS Capacity RCA Quantity","['SS Capacity RCA Quantity']"
"AL STO Outlier Corrected Lead Time Outbound","['Outlier Corrected Lead Time (Outbound)']"
"W Plan Start Bucket","['Plan Start Bucket']"
"W Plan End Bucket","['Plan End Bucket']"
"W Plan Current Bucket","['Plan Current Bucket']"
"W PROC Frozen Window Flag","['Frozen Window Flag']"
"W PO Shipped Quantity Override","['PO Shipped Quantity Override']"
"ATT ABC Classification","[]"
"PrO Open Quantity TG LC","[]"
"PrO Header Status","['Header Status']"
"PrO Header Last Update Date","['Header Last Update Date']"
"SCH Routing to Resource Capacity","['Required Resource Strength']"
"W PO Open Quantity Override","['PO Open Quantity Override']"
"SCH Resource Parent Type","['Parent Type']"
"D STO Alert OT Prediction","['o9 OT Prediction']"
"D STO Alert Inventory Status Projected","['Inventory Status@Commit Date']"
"D Rebalance Ship Date","['Ship Date']"
"SCH WO Completion Type","['Work Order Completion Type']"
"SCH Shift Day Indicator","['Day Indicator']"
"SCH o9 Item Routing Description","['o9 Maintained Input']"
"SCH o9 Item Routing Ability to Pause Boolean","['o9 Maintained Input']"
"SCH WO Quantity Override","['WO Quantity Override']"
"PrO Actual Plant Production Quantity","[]"
"PrO Actual Plant Consumption Quantity","[]"
"File Size","[]"
"Fcst Outside PLC Horizon Flag","[]"
"Fcst Outside PLC Horizon","[]"
"AL STO MAPE Outbound M","['ML MAPE % (Outbound)']"
"SCH Resource Item to ChangeoverID Association","['Resource Item to ChangeoverID Association']"
"AL STO Lead Time Observed M","[]"
"W Procurement Forecast Due to Orders","['Request Due to Orders']"
"W Procurement Forecast Due to Forecast","['Request Due to Forecast']"
"W Procurement Forecast Cumulative","['Cumulative Request']"
"D Resource Incremental Flag","['Resource Incremental Flag']"
"SCH o9 Item Routing Unload Time UOM","['o9 Maintained Input']"
"SCH o9 Item Routing Unload Time","['o9 Maintained Input']"
"SCH o9 Item Routing Setup Type","['o9 Maintained Input']"
"SCH o9 Item Routing Setup Time UOM","['o9 Maintained Input']"
"Planner Assigned Rule","[]"
"Planner Assigned Algorithm List","[]"
"File Timestamp","[]"
"Planned Production",""
"Percentage Error","[]"
"PrO Detail Actual Start Date","['Detail Actual Start Date']"
"SCH Routing to Resource Association","['Routing To Resource Association']"
"PrO Detail Actual Finish Date","['Detail Actual Finish Date']"
"D Rebalance Recommendation","['Rebalance Recommendation']"
"SCH WO Engine Project Name","['WO Engine Project Name']"
"SCH WO Due Date Override","['WO Due Date Override']"
"W Resource Base Units Capacity","[]"
"W Resource Base Machine Capacity","[]"
"W Resource Base Labour Capacity","[]"
"W RTF","['Previous Commit']"
"W Procurement Unconstrained Forecast COC Change","['Unconstrained Request COC Change']"
"W Procurement Total Requirements","['Total Request']"
"W Procurement Release Window Input","['Release Window']"
"W Procurement Release Fence Start Bucket Input","['Release Fence']"
"W Procurement Release Fence Buckets","['Final Release Fence']"
"W Procurement Lead Time Window TG","['Lead Time Window', 'Lead Time Window']"
"W Procurement Forecast Override","['Request Override']"
"AL STO MAPE M","['ML MAPE % (Inbound)']"
"W Procurement Forecast COC Change","['Procurement Forecast COC Change']"
"W Procurement Capacity Demand Late Short Quantity","['Procurement Capacity Constraint']"
"SCH WO Operation Latest End Date","['Latest End Date']"
"SCH WO Operation Earliest Start Date","['Earliest Start Date']"
"PROC Priority Threshold Min","['Min']"
"PROC Priority Threshold Max","['Max']"
"AL STO ML Predicted Lead Time Outbound M","['ML Predicted Lead Time (Outbound)']"
"Final Fcst","[]"
"SCH o9 Item Routing Setup Time","['o9 Maintained Input']"
"SCH o9 Item Routing Processing Type","['o9 Maintained Input']"
"SCH o9 Item Routing Processing Time UOM","['o9 Maintained Input']"
"D Rebalance Excess Inventory Inputs by Day","['Excess Supply Avl - Rebalance']"
"D Rebalance Demand Inputs by Day","['Demand  - Base Plan']"
"D Rebalance Need Demand","['Demand - Rebalance']"
"D Rebalance Inventory Inputs by Day","['Supply - Base Plan']"
"PrO Detail Actual Release Date","['Detail Actual Release Date']"
"D Produced Quantity UI",""
"D Produced Quantity LC",""
"D Produced Quantity COC Change %",""
"D Procurement Unconstrained Forecast COC Change %","['Unconstrained Request COC Change %']"
"SCH o9 Material Shelf Life UOM","['o9 Maintained Input']"
"SCH o9 Material Shelf Life","['o9 Maintained Input']"
"SCH o9 Material Lot Size","['o9 Maintained Input']"
"SCH o9 Material Lead Time UOM","['o9 Maintained Input']"
"SCH o9 Material Lead Time","['o9 Maintained Input']"
"SCH o9 Item Routing Unload Type","['o9 Maintained Data']"
"D Procurement Unconstrained Forecast COC Change","['Unconstrained Request COC Change']"
"D Procurement Total Requirements","['Total Request']"
"D Procurement Release Window TG","['Release Window']"
"PROC Lead Time Threshold Min","['Min']"
"PROC Lead Time Threshold Max","['Max']"
"W Procurement Forecast Infinite Node","['Requests Within Lead Time']"
"W Procurement Unconstrained Forecast COC Change %","['Unconstrained Request COC Change %']"
"PROC Shared Resource Consumed Quantity Per Threshold Min","['Min']"
"PROC Shared Resource Consumed Quantity Per Threshold Max","['Max']"
"Final Service Level","[]"
"D Procurement Forecast Override","['Request Override']"
"SO Delivered Quantity","[]"
"W SS Quantity","['Shipment Quantity']"
"W SS Capacity RCA Quantity","['SS Capacity RCA Quantity']"
"W Resource Incremental Flag","['Resource Incremental Flag']"
"AL STO AdHoc ML Predicted Lead Time","[]"
"AL PrO User Selected Lag","['User Selected Lag for PPA']"
"AL PrO On Time % TG","['On Time %']"
"AL PrO ML Predicted LineSpeed","[]"
"AL PrO In Full % TG","['In Full %']"
"PROC LotSize Threshold Min","['Min']"
"SCH o9 Item Routing Processing Time","['o9 Maintained Input']"
"SO Actual Delivery Date Log","[]"
"SM Total Cost Per Period","['Total Cost Per Period']"
"SM Order Quantity","['Order Quantity']"
"SKU DC Split","[]"
"W Solver Delete Data","['Solver Delete Data']"
"PO Line Detail Delivered Quantity","['Delivered Quantity']"
"PO Line Detail Creation Date","['Creation Date']"
"D Procurement Forecast Due to Orders","['Request Due to Orders']"
"D Procurement Forecast Due to Forecast","['Request Due to Forecast']"
"D Procurement Forecast COC Change","['Procurement Forecast COC Change']"
"D Procurement Commits Flex Window TG","['Flex Window', 'Flex Window']"
"SO Open Request Quantity","[]"
"W Demand Fill Rate COC Change %","['COC Demand Fill Rate Change %']"
"W Solver Flag Minimize Inventory Build Ahead","['Solver Flag Minimize Inventory Build Ahead']"
"W Solver Flag Inventory Plan Type","['Solver Flag Inventory Plan Type']"
"AL STO ILM Observed Lead Time","['Observed Lead Time']"
"W Solver Flag Inventory Plan Policy","['Solver Flag Inventory Plan Policy']"
"W Sched Receipt Quantity","['Scheduled Receipt Qty']"
"W STO Quantity","['STO Quantity']"
"D Procurement Lead Time Window TG","['Lead Time Window', 'Lead Time Window']"
"W Demand Build Late Limit Override","['Demand Build Late Limit Override']"
"W Demand Build Late Limit Baseline","['Demand Build Late Limit Baseline']"
"W Demand Build Ahead Limit Override","['Demand Build Ahead Limit Override']"
"W Demand Build Ahead Limit Baseline","['Demand Build Ahead Limit Baseline']"
"W DIST Outbound Quantity",""
"W DIST Activity Share Override","['Sourcing Proportion Override']"
"W DIST Activity Share From Monthly","['Sourcing Proportion From Monthly']"
"W DIST Activity Priority Time Varying Override","['Activity Priority Time Varying Override']"
"Avg Vol","[]"
"SO Request Actual Ship Date","[]"
"SO Request Actual Delivery Date","[]"
"PROC LotSize Threshold Max","['Max']"
"PO Commit Quantity Increment %","[]"
"W Solver Flag Avoid Build Ahead In Inventory Plan","['Solver Flag Avoid Build Ahead In Inventory Plan']"
"W Solver Demand Slice Threshold","['Solver Demand Slice Threshold']"
"W Solver Demand Slice Factor","['Solver Demand Slice Factor']"
"D PO Alert Impacted FG","['Dependent FGs']"
"W Supplier Commits COC Change %","['Supplier Commits COC Change %']"
"W Supplier Commits COC Change","['Supplier Commits COC Change']"
"W Sort By","['Sort By']"
"W Solver Inventory Plan Bands","['Solver Inventory Plan Bands']"
"W Solver Flag Try Material Reallocation In RCA","['Solver Flag Try Material Reallocation In RCA']"
"W Solver Flag Respect Freeze Window For WIPs","['Solver Flag Respect Freeze Window For WIPs']"
"AL PO Non Time Phased StdDev","['Outlier Corrected LT Deviation (Days)']"
"Flow 1 TPE Item Split Ratio","['TPE to Item Split Ratio']"
"Flow 1 TPE Item Reco Ratio Override","['TPE to Item Reco Ratio Override']"
"PO ASN Delivery Quantity TG LC","[]"
"W Solver Flag Inventory Plan Strategy","['Solver Flag Inventory Plan Strategy']"
"PO Header Status","[]"
"PO Header Last Update Date","[]"
"PO Header Creation Date","[]"
"PO Goods Receipt Quantity","['Good Receipt Quantity']"
"SO Request Creation Date","[]"
"D Number Capacity Underloads COC Change %","['COC # of Underloads Change %']"
"AL PO AdHoc ML Predicted Lead Time","['AdHoc ML Predicted Lead Time']"
"AL PO % of Total Purchase Value TG","['Supplier % of Total Purchase Value']"
"AL PO % of Total Goods Receipt TG","['Supplier % of Total Purchased Quantity']"
"D PO Alert Supplier Substitutability","['Supplier Substitutability']"
"D PO Alert Status","['ERP PO Status']"
"D PO Alert Request o9 OT Prediction","['o9 OT Prediction']"
"D PO Alert Request o9 IF Prediction","['o9 IF Prediction']"
"D PO Alert Request o9 Criticality Index","['Criticality']"
"D PO Alert Request Delivery Days Delayed","['Days Delayed']"
"PO Goods Receipt Date","['Goods Receipt Date']"
"D PO Alert Lane Lead Time","['Lane Lead Time']"
"SP Demand Pattern","['SP Demand Pattern prior']"
"D PO Alert Inventory Status Projected","['Inventory Status@Commit Date']"
"D PO Alert Inventory Status Current","['Inventory Status@Current Date']"
"o9 Supplier Start Date","['Supplier Start Date']"
"SP Product Life cycle","[]"
"SP Demand Pattern Final","[]"
"W DIST Activity Priority Time Varying From Month","['Activity Priority Time Varying']"
"W DIST Activity Priority Time Varying Final","['Activity Priority Time Varying Final']"
"Flow 3 Interim TPE Final Forecast LC1","['Final Forecast at Region TPE level LC']"
"Over/Under Exception","[]"
"Over Forecast Lag1 (Stat Fcst Reference)",""
"D PO Alert Delivery Status","['Milestone Status', 'Milestone Status']"
"D PO Alert Commit o9 OT Prediction","['o9 OT Prediction']"
"D PO Alert Commit o9 IF Prediction","['o9 IF Prediction']"
"PO ASN Delivery Quantity Increment %","[]"
"D PO Alert Commit Delivery Days Delayed","['Days Delayed']"
"SO Request Status","[]"
"SO Request Last Changed Date","[]"
"SO Request Date","[]"
"W Capacity Demand Late Short Quantity To Nodes","['Capacity Late Short Quantity']"
"STO Line Detail Open Quantity","[]"
"Output Volume","[]"
"Output Filename","[]"
"Outlook vs Uncons Outlook REV Abs Gap","[]"
"Outlook vs Uncons Outlook REV %","[]"
"Outlook vs Uncons Outlook COGS %","[]"
"Outlook vs Uncons Outlook Abs Gap","[]"
"% Location Last 12 Weeks ",""
"SP Segmentation Volume","[]"
"SP Segment Final","[]"
"D PO Alert Request Delay Reason","['Delay Status']"
"D Other Material Demand Late Short Quantity","['Other Material Constraints']"
"D Option Name","['Option Name']"
"D OnHand Quantity Override","['OnHand Quantity Override']"
"D OnHand Quantity Increment %","['OnHand Quantity Increment %']"
"D Number of Constraints buckets","['# Constraints buckets']"
"D Number Total Overloads COC Change %","['COC # of Overloads Change %']"
"Sales Fcst Comment Exception","[]"
"Sales Fcst Accuracy","[]"
"Outlook vs Target REV Abs Gap","[]"
"Outlook vs Target REV %","[]"
"Outlook vs Target COGS %","[]"
"Outlook vs Target Abs Gap","[]"
"Flow 3 TPE Region Split Ratio","['TPE to Region Split Ratio']"
"Flow 3 TPE Region Reco Ratio Override","['TPE to Region Reco Ratio Override']"
"% Accounts Last 4 Weeks",""
"D PO Alert Commit o9 Criticality Index","['Criticality']"
"W Capacity Root Cause Quantity Baseline",""
"BOD Shared Resource Consumed Quantity Per Threshold Min","['Min']"
"BOD Shared Resource Consumed Quantity Per Threshold Max","['Max']"
"o9 Target Inventory","['o9 Maintained Input']"
"STO Line Detail Status BODLane Location","['Line Detail Status']"
"STO Line Detail Status","[]"
"ADI","[]"
"W Total Broken Network Late Short","['Broken Network']"
"Like Item Fcst","[]"
"Outlook vs Target %","[]"
"Outlook vs Uncons Outlook %","[]"
"Lifecycle Volume","[]"
"Fresh Production",""
"Frequency","[]"
"STO Header Status","['Header Status']"
"D PO Alert Commit Delay Reason","['Delay Status']"
"STO Header Creation Date","['Header Creation Date']"
"STO Goods Receipt Quantity","['Goods Receipt Quantity']"
"STO Goods Receipt Date","['Goods Receipt Date']"
"D Number of Constraints buckets COC Change %","['COC # of Constraints Change %']"
"Fugitive Emission Factor Classification","['Final Classification']"
"Fugitive Consumption","['Fugitive Consumption']"
"Load In Period","[]"
"Outlook vs LC Abs Gap","[]"
"Outlook vs LC %","[]"
"AL KPI OTIF Yellow Zone","['Red Zone']"
"AL KPI OTIF Red Zone","['Yellow Zone']"
"W Total Capacity COC Change %","['COC Total Capacity Change %']"
"o9 Max Stock Target","['o9 Maintained Input']"
"W CM Flex Capacity Band2",""
"W CM Flex Capacity Band1 %",""
"% Accounts Last 12 Weeks ",""
"STO Total Quantity TG LC","[]"
"D Merge Machine Capacity Params","['Merge Machine Capacity Params']"
"D Merge Labour Capacity Params","['Merge Labour Capacity Params']"
"D Merge Artificial Capacity Params","['Merge Artificial Capacity Params']"
"C9 TKM","[]"
"History Time Buckets","[]"
"Outlook vs LY Abs Gap","[]"
"Outlook vs LY %","[]"
"W Capacity Constrained","['Capacity Constrained']"
"W COC Final Production Change Reason","['Reason']"
"D LC Material Constraint Quantity","['LC Shortage - Constrained Demand']"
"D LC Inventory Shortage Quantity","['LC Max Shortage']"
"D LC Excess EOH Max","['LC Max Excess EOH']"
"W Base Surplus Capacity","['Base Surplus Capacity']"
"Uncons Outlook GM % vs Target Gap","[]"
"STO Header Last Update Date","['Header Last Update Date']"
"Location Attribute1","[]"
"W Base Forecast Quantity","['Base Forecast']"
"Satisfied Orders",""
"Fugitive Emission Source Info","['Final Source']"
"D Inventory Shortage Days Count","['# Shortage Days']"
"D Flex1 Item Shared Supplier Capacity Override","['Flex1 Item Shared Supplier Capacity Override']"
"D Flex Capacity Utilization % COC Change %","[]"
"D Flex Capacity Utilization %","['Flex Capacity Utilization %']"
"Outlook GM vs Uncons Outlook %","[]"
"Outlook GM vs Target %","[]"
"Scope 2 LB Emission Factor","[]"
"Scope 2 Electricity Intensity Metrics Product Handled","['Product Handled']"
"D LC Excess EOH","['LC Excess EOH']"
"Uncons Outlook GM vs LY %","[]"
"D Item Incremental Flag","['Item Incremental Flag']"
"o9 Max Stock BoS","['o9 Maintained Input']"
"Scope 1 Stationary Intensity Metrics Area","['Area (sq. m)']"
"Scope 1 Fugitive Intensity Metrics Product Handled","['Product Handled']"
"Scope 2 LB Emission Source Info","[]"
"IBP Demand On Time Supportability","['Demand On Time Supportability']"
"D Excess Inventory Days Count","['# Excess Inventory Days']"
"D Excess Inventory Action","['Action']"
"D Excess EOH Max","['Max Excess EOH']"
"IO Activity Lead Time LC","['Lead Time LC']"
"IO Activity Lead Time","['Lead Time (in Buckets)']"
"Outlook Lag3","[]"
"Outlook Lag2","[]"
"D Flex Capacity Consumption","['Flex Capacity Consumption', 'Flex Capacity Consumption']"
"D Flex Capacity Band2","['Flex Capacity Band2']"
"D Flex Capacity Band1","['Flex Capacity Band1']"
"Sell Out Actual vs LY Abs Gap","[]"
"Low Inventory L12W",""
"D Flex2 Item Supplier Capacity Override","[]"
"D Flex2 Item Shared Supplier Capacity Override","['Flex2 Item Shared Supplier Capacity Override']"
"D Inventory Shortage Revenue Risk","['Shortage Revenue Risk']"
"o9 Resource Priority","['o9 Maintained Input']"
"Sell Out LY","[]"
"Sell Out LC","[]"
"D Demand Priority Plugin Output Rules Used Description","[]"
"D Demand Priority Plugin Output Rules Used","[]"
"% Accounts Last Week      ",""
"o9 Resource Routing Association","['o9 Maintained Input']"
"Outlook GM % vs Uncons Outlook Gap","[]"
"Outlook GM % LY","[]"
"Outlook GM %","[]"
"D Factory Planner Material Constraint Flag","['Prioritized Material Constraints', 'Prioritized Material Constraints']"
"Sell Out Actual vs LY %","[]"
"Scope 1 Stationary Intensity Metrics Employee","['Employee']"
"Sell In Initiative End","[]"
"Sell In Calc","[]"
"D Flex1 Item Supplier Capacity Override","[]"
"D Excess Inventory Holding Cost","['Excess Inventory Holding Cost']"
"W Base Capacity Utilization % COC Change %","['COC Base Utilization Change %']"
"W BODLane Flex Capacity Band2 Intermediate","['BODLane Flex Capacity Band2 Intermediate']"
"Outlier Method","[]"
"IO Actual Shipments Historical Reporting","['Actual Shipments Historical']"
"IO Actual Shipments Historical","['Actual Shipments Historical']"
"Outlier Lower Threshold Limit","[]"
"Outlier Lower Threshold","[]"
"Outlier Correction","[]"
"D Exception Planning Upstream Node",""
"D Event Status","[]"
"Sell Out vs LY Gap %","[]"
"D Frozen Window","['Frozen Window']"
"Sell Out vs LC Gap %","[]"
"Sell Out vs LC Gap","[]"
"Sell Out Stat Fcst Model2","[]"
"Sell Out Lag1","[]"
"% SKU Last Week",""
"% Location Last Week     ",""
"W BOD Flex Outbound Capacity Band1 Validation","[]"
"W BOD Flex Inbound Capacity Band2 Validation","[]"
"W BOD Flex Inbound Capacity Band1 Validation","[]"
"% Location Last 4 Weeks",""
"Volume-COV History Period","[]"
"AL KPI OTIF FCD","['Deliver To First Commit']"
"Outlier Upper Threshold Limit","[]"
"Outlier Upper Threshold","[]"
"D Distribution Planner Material Constraint Flag","['Prioritized Material Constraints', 'Prioritized Material Constraints']"
"Sell In Initiative Start","[]"
"SilScore","['Silhouette Score']"
"D Excess Inventory Obsolescence Risk","['Excess Inventory Obsolescence Risk']"
"D Demand Quantity Delta","['Demand Quantity Delta']"
"D Demand Quantity Aggregated","[]"
"o9 Re-Order Point DOS","['o9 Maintained Input']"
"D DIST Activity Priority Time Varying Final","['Activity Priority Time Varying Final']"
"Start Time","[]"
"Option Forecast LC",""
"Option Forecast",""
"IO Historical Forecast Reporting","['Historical Forecast']"
"IO Fix One Probability Distribution For Planning Horizon","['Fix One Probability Distribution For Planning Horizon']"
"IO Effective Lead Time Standard Deviation","['Effective Lead Time Std Dev']"
"IO Effective Lead Time LC","['Effective Lead Time LC']"
"Opportunity Fcst","[]"
"AL KPI OTIF Green Zone","['Green Zone']"
"Sell Out vs LY Gap","[]"
"W BOD Shared Flex Capacity Band2","['Shared Flex Capacity2']"
"W BOD Shared Flex Capacity Band1","['Shared Flex Capacity1']"
"W BOD Flex Outbound Capacity Band2 Validation","[]"
"Last Refresh Date","[]"
"o9 Supplier End Date","['Supplier End Date']"
"IO Independent Actual Shipments Historical","['Independent Actual Shipments Historical']"
"IO Holding Cost Ratio","['Holding Cost Ratio']"
"Order Quantity","[]"
"Option Forecast LY",""
"D Demand Fill Rate LC","['LC Demand Fill Rate']"
"Volume Segment L1","[]"
"Volume","[]"
"VolShare","[]"
"BOH","[]"
"Stat Cleansed History Adjustment","[]"
"D Demand SS PreBuild","['Demand SS PreBuild']"
"Simulation Non KIL Forecast","[]"
"D Demand Planning Sequence","[]"
"D Demand No Plan","['Demand No Plan']"
"o9 Re-Order Point Quantity","['o9 Maintained Input']"
"DIST Priority Threshold Min","['Min']"
"BOM Quantity Produced Per Threshold Min","['Min']"
"BOM Quantity Produced Per Threshold Max","['Max']"
"BOM Quantity Consumed Per Threshold Min","['Min']"
"BOM Quantity Consumed Per Threshold Max","['Max']"
"D DIST Activity Priority Time Varying From Month","['Daily Activity Priority Time Varying']"
"DIST Priority Threshold Max","['Max']"
"D Contribution Margin Percentage","['Contribution Margin %']"
"On Hand Cost  Last Week",""
"DIST Lead Time Threshold Min","[]"
"DIST Lead Time Threshold Max","[]"
"W BODLane Flex Capacity Band1 Intermediate","['BODLane Flex Capacity Band1 Intermediate']"
"W Flex1 Item Supplier Capacity Intermediate","['Flex1 Item Supplier Capacity Intermediate']"
"W Flex1 Item Shared Supplier Capacity Intermediate","['Flex1 Item Shared Supplier Capacity Intermediate']"
"W Flex Capacity Utilization % COC Change %","['COC Flex Utilization Change %']"
"CM Daily Flex Capacity Band1","[]"
"D Consumed Quantity COC Change %",""
"Stat Fcst Error","[]"
"Stat Fcst ETS","[]"
"Stat Fcst DES","[]"
"Stat Fcst Croston","[]"
"Stat Fcst Auto ARIMA","[]"
"Stat Fcst AR-NNET","[]"
"Off Invoice %","[]"
"Off - VT Price Off Invoice Actual","[]"
"Off - Slotting Actual","[]"
"Off - Shelving Actual","[]"
"D DOS Target Levels","['DOS Target Levels']"
"On Hand Cost Last 4 Weeks",""
"On Hand Cost Last 12 Weeks",""
"D DIST Activity Priority Time Varying Override","['Activity Priority Time Varying Override']"
"Validation Period","[]"
"Off - Other Discount Actual","[]"
"Off - Impulse Fund Actual","[]"
"AL KPI Min Inventory Sizes","['Below Target Size']"
"IO Optimal Service Level","['Optimal SL']"
"D COC Final Production Change Reason","['Reason']"
"Stat Fcst Naive Random Walk","[]"
"Stat Fcst L1 Accuracy","[]"
"D Capacity Demand Late Short Revenue Impact",""
"D Capacity Demand Late Short Quantity","['Capacity Demand Late Short Quantity']"
"Stat Fcst Reference","[]"
"Stat Fcst Prophet","[]"
"DIST Lane Flex Capacity Band2","['Flex Capacity Band2']"
"Stat Fcst Growth AOA","[]"
"Stat Fcst Moving Average","[]"
"D Consumed Quantity UI",""
"D Consumed Quantity LC",""
"Off - FT Growth Rebate Actual","[]"
"Off - FT Event Specific Actual","[]"
"Off - FT Contractual Fixed Actual","[]"
"Off - FT Bottler Funding Actual","[]"
"Off - Customer Merchandise Actual","[]"
"Off - Customer Discount Actual","[]"
"Off - Cooperation Fund Actual","[]"
"Off - Channel Discount Actual","[]"
"Off - Brand Coupon Actual","[]"
"Off - Billback Actual","[]"
"Off - Assortment Fund Actual","[]"
"On Invoice %","[]"
"IO Recommended Days of Cover Override","['Recommended Days of Cover Override']"
"IO Recommended Buckets of Cover","['Recommended Buckets of Cover']"
"Off - Prompt Pay Discount Actual","[]"
"Off - Promotion Rebate Actual","[]"
"Stat Fcst TBATS","[]"
"Stat Fcst Simple Snaive","[]"
"Stat Fcst Simple AOA","[]"
"Stat Fcst Seasonal Naive YoY","[]"
"Stat Fcst STLF","[]"
"Stat Fcst SES","[]"
"Stat Fcst Reference LC","[]"
"Stat Fcst Reference Error","[]"
"Stat Fcst Reference Bias","[]"
"D BODLane Base Capacity Override","['BODLane Base Capacity Override']"
"DIST LotSize Threshold Min","['Min', 'Max', 'Min', 'Min']"
"Stat Fcst Growth Snaive","[]"
"AL KPI Lost Margin","[]"
"AL KPI Inventory Min Target Days","['Min Inventory Target (Days)']"
"AL KPI OTIF ED","['Deliver To Target']"
"OIO Order Interval","['Order Interval']"
"Reference2 Fcst Accuracy","[]"
"D CM Artificial Base Capacity","['Mfg Base Capacity']"
"D Base Item Supplier Capacity Override","[]"
"D Base Item Shared Supplier Capacity Override","['Base Item Shared Supplier Capacity Override']"
"D Base Capacity Utilization % COC Change %","[]"
"IO Sensitivity Attribute Selection","['Sensitivity Attribute Selection']"
"IO Safety Stock Calculation Type","['Safety Stock Calculation Type']"
"IO Safety Stock Calculation Remarks","['SS Calculation Remarks']"
"IO Reporting Holding Cost Ratio","['Holding Cost Ratio']"
"IO Remaining Shelf Life Units","['Remaining Shelf Life (Units)']"
"Notes","[]"
"IO Override WMAPE Values","['WMAPE Override']"
"W Total Capacity Utilization % COC Change %","['COC Total Utilization Change %']"
"W Total Capacity Utilization %","['Total Capacity Utilization %']"
"Stat Fcst Theta","[]"
"Stat Fcst TES","[]"
"Under Forecast Lag1 (Stat  Fcst)",""
"Backorder LY","[]"
"Backorder LC","[]"
"Backorder","[]"
"Backlog Value",""
"Uncons Outlook vs Outlook REV Abs Gap","[]"
"Stationary Emission Source Info","['Final Source']"
"Stationary Emission Factor Classification","['Final Classification']"
"New Launch Period","[]"
"Netted Demand Quantity LC","[]"
"DIST Lane Flex Capacity Band1","['Flex Capacity Band1']"
"DIST LotSize Threshold Max","['Max', 'Max']"
"Stat Fcst vs LC Gap %","[]"
"Stat Fcst vs LC Gap","[]"
"Stat Fcst sARIMA","[]"
"DIST Lane Base Capacity","['Base Capacity']"
"D BOD Shared Capacity Override","[]"
"Record Count","[]"
"Recommended Action DR","['Recommended Action']"
"Received LY","[]"
"Received LC","[]"
"Received","[]"
"Under Forecast Lag1",""
"IO Sensitivity Percentage Step Size","['Percentage Step Size']"
"IO Sensitivity Lower Bound Percentage","['Lower Bound Percentage']"
"Reason DR","['Comment']"
"Re-Order Point Quantity Time Varying","['Re-Order Point Quantity Override']"
"IO Sensitivity Upper Bound Percentage","['Upper Bound Percentage']"
"DIST Transportation Shared Capacity","['Base Capacity']"
"D BODLane Flex Capacity Band2 Override","['BODLane Flex Capacity Band2 Override']"
"D BODLane Flex Capacity Band1 Override","['BODLane Flex Capacity Band1 Override']"
"Reference1 Fcst Accuracy","[]"
"Uncons Outlook vs Target %","[]"
"W Total Short Quantity LC","['LC Total Short Quantity']"
"W Total Short Quantity Baseline","['Total Short Quantity Baseline']"
"Location Attribute3","[]"
"W Total Met On Time Quantity LC","['LC Total Met On Time Quantity']"
"W Total Met On Time Quantity Baseline","['Total Met On Time Quantity Baseline']"
"W Total Late Quantity LC","['LC Total Late Quantity']"
"W Total Late Quantity Baseline","['Total Late Quantity Baseline']"
"W Total Flex Capacity Band2","[]"
"W Total Flex Capacity Band1","[]"
"Reviewed DR","['Reviewed']"
"OIO IsValid Based On Vendor Minimums","['IsValid Based On Vendor Minimums']"
"Stat Forecast Quantity D Lag4",""
"Stat Forecast Quantity D Lag2",""
"D BOD Shared Flex Capacity Band2 Override","[]"
"D BOD Shared Flex Capacity Band1 Override","[]"
"RGM Total COGS","['Total COGS']"
"Reference3 Fcst Accuracy","[]"
"IO Unit Cost","['Unit Cost']"
"NSV",""
"WIP Late-Short Qty","[]"
"WIP Feasible with Artificial Supply","[]"
"WIP Feasible Qty","[]"
"WIP Category","[]"
"AL KPI Inventory Max Target Days","['Max Inventory Target (Days)']"
"AL KPI Inventory Indicator","['Inventory Indicator']"
"IO Suggested Safety Stock LC","['Recommended Safety Stock LC']"
"Re-Order Point Quantity From MEIO","['Re-Order Point Quantity from MEIO']"
"Uncons Outlook vs Target REV Abs Gap","[]"
"Uncons Outlook vs Target REV %","[]"
"Uncons Outlook vs Target COGS %","[]"
"Uncons Outlook vs Target Abs Gap","[]"
"W Global Demand Build Late Limit","['Global Demand Build Late Limit']"
"W Global Demand Build Ahead Limit","['Global Demand Build Ahead Limit']"
"D Activity Item Lead Time","[]"
"Custom Measure2","[]"
"Custom Measure1","[]"
"NPI Fcst vs LC Gap","[]"
"NPI Fcst vs LC Abs Gap","[]"
"NPI Fcst vs LC %","[]"
"NPI Fcst LC","[]"
"In File Name","[]"
"W Frozen Window","['Frozen Window']"
"IO Storage Availability","['Storage Availability']"
"IO WMAPE Calculated","['WMAPE Calculated']"
"IO Use Archived Lag Forecast","['Use Archived Lag Forecast Data']"
"W Flex2 Item Shared Supplier Capacity Intermediate","['Flex2 Item Shared Supplier Capacity Intermediate']"
"RGM Variable Trade Spend","['Variable Trade Spend']"
"System Best Fit Cat9","[]"
"System Assigned Rule","[]"
"System Assigned Algorithm List","[]"
"InTransit Quantity TG LC","[]"
"InTransit Quantity","[]"
"Monthly Sourcing Ratio",""
"Mobile Fuel Emission Source Info","[]"
"Mobile Fuel Emission Factor Classification","[]"
"Missing File","[]"
"NPI Fcst vs LC Gap %","[]"
"Customer Attribute3","[]"
"Root Cause Quantity",""
"Customer Attribute1","[]"
"Supportability Alert DR","['Supportability Alert']"
"SCH Calendar Exception Description","['Description']"
"RSV",""
"Wrong WIP Data","[]"
"When",""
"Resource Location Association","[]"
"Inc CMA",""
"Target GM vs Outlook LY Gap %","[]"
"Target GM vs Outlook LY %","[]"
"Target GM %","[]"
"Resolution Summary","[]"
"SCH Calendar Exception Duration UOM","['Duration UOM']"
"SCH Calendar Exception Duration","['Duration']"
"Custom Measure3","[]"
"W Flex2 Item Supplier Capacity Intermediate","['Flex2 Item Supplier Capacity Intermediate']"
"System Stat Fcst L1 80% UB","[]"
"System Stat Fcst L1 80% LB","[]"
"System Cleansed Actuals","[]"
"System Best Fit Non KIL","[]"
"Re-Order Point DOS From MEIO","['DOS Re-Order Point from MEIO']"
"Material Consumption Plan",""
"Match Including Error Volume","[]"
"Match","[]"
"Initiative Feature","['Feature']"
"Raw File Record Count","[]"
"AL KPI Backlog Order TG","['Open Order Backlog']"
"Consumed Resource Per Threshold Min","['Min']"
"Consumed Resource Per Threshold Max","['Max']"
"Resource Priority Threshold Min","['Min']"
"Batch Duration","['Batch Duration (in Seconds)']"
"Customer Attribute2","[]"
"Uncons Outlook vs Outlook REV %","[]"
"Uncons Outlook vs Outlook COGS %","[]"
"Target Off Invoice","[]"
"AL KPI Accuracy L1","['Forecast Accuracy']"
"MN Item Attribute1","[]"
"MN Custom Measure2","[]"
"AI Predict Recipe Predict Level","[]"
"Initiative Distribution Coverage","[]"
"Initiative Display","['Display']"
"Input Filename","[]"
"Inc. CMA",""
"Re-Order Point DOS Time Varying","['DOS Re-Order Point Override']"
"Consensus Fcst Error","[]"
"Consensus Fcst Tracking Signal","[]"
"Uncons Outlook vs Outlook Abs Gap","[]"
"SCH Calendar Exception Downtime Type","['Downtime Type']"
"Target On Invoice","[]"
"Consensus Fcst Over/Under Exception","[]"
"Consensus Fcst Lag vs Actual %","[]"
"Initiative Bundle","['Bundle']"
"Uncons Outlook vs LC Abs Gap","[]"
"Uncons Outlook vs LC %","[]"
"Billing vs LY Abs Gap","[]"
"Billing vs LY %","[]"
"Common Exception Count To Total Records %","[]"
"Common Exception Count COC Change %","[]"
"ClusterMeanValue","['Mean Value']"
"MP Sourcing Ratio",""
"MN Priority Rule Sequence","[]"
"MN Priority Number","[]"
"Input Volume LC","[]"
"Resource Priority Threshold Max","['Max']"
"MN Priority Digits","[]"
"MN Location Attribute2","[]"
"MN Location Attribute1","[]"
"MN Item Attribute2","[]"
"Target vs Outlook LY Gap %","[]"
"Target vs Outlook LY Abs Gap","[]"
"Target vs Outlook LY %","[]"
"Target vs Outlook COGS LY Gap %","[]"
"Target vs Outlook COGS LY Gap","[]"
"Target vs Outlook COGS LY %","[]"
"Total Outflow ",""
"Total Mobile Emissions","[]"
"o9 BOM Consumed Item Association","['o9 Maintained Input']"
"MN Custom Measure1","[]"
"RGM Initiative Week Sellout End Date","['Sellout End Date']"
"Uncons Outlook vs Outlook %","[]"
"Initiative TPR","['TPR']"
"Marketing Fcst Accuracy","[]"
"Uncons Outlook vs LY Abs Gap","[]"
"Uncons Outlook vs LY %","[]"
"MG Output Gantt Type","['Type']"
"MG Output Gantt Processing Start Time","['Processing Start Time']"
"MG Output Gantt Processing End Time","['Processing End Time']"
"MG Output Gantt Processing Duration in Mins","['Processing Duration']"
"MG Output Gantt Operation Start Time","['Operation Start Time']"
"MG Output Gantt Operation End Time","['Operation End Time']"
"MG Output Gantt Operation Duration in Mins","['Operation Duration']"
"MG Output Gantt Load Duration in Mins","['Load Duration']"
"MG Output Gantt Description","['Description']"
"AI Predict Recipe Id","[]"
"AI Predict Recipe Extra Info","[]"
"Input Volume","[]"
"o9 Consider Supplier Effectivity For Planning Flag","['o9 Input']"
"Target vs Outlook REV LY Gap %","[]"
"Target vs Outlook REV LY Abs Gap","[]"
"Target vs Outlook REV LY %","[]"
"W Total Required Capacity Consumption Plan","['Total Required Capacity Consumption Plan']"
"MFG Consumed Time Varying Yield Threshold Max","['Min']"
"Intermittency","[]"
"Inventory Value",""
"RGM P&L Lumpsum Trade Spend","['Lumpsum Trade Spend']"
"RGM Net Margin","['Net CMA']"
"RGM Initiative Week Sellout Start Date","['Sellout Start Date']"
"MFG Produced Yield Time Varying","['Produced Yield']"
"MFG Produced Yield Threshold Min","['Max', 'Min']"
"MFG Produced Yield Threshold Max","['Max']"
"MFG Produced Time Varying Yield Threshold Min","['Max', 'Min']"
"MG Output Invalidated Gantt Project Invalid","[]"
"MFG Priority Threshold Min","['Min']"
"MG Output Invalidated Gantt Project Due Date","[]"
"MG Output Invalidated Gantt Operation Quantity","[]"
"MG Output Gantt Unload Duration in Mins","['Unload Duration']"
"Time Stamp","[]"
"Time Rule3","[]"
"Time Rule2","[]"
"Time Rule1","[]"
"Time Horizon","[]"
"Common Netting Split","['Netting Split']"
"Ch INV","[]"
"Below Target Inventory",""
"Routing Lead Time Threshold Min","['Min']"
"Routing Lead Time Threshold Max","['Max']"
"Routing Lead Time",""
"AI Predict Recipe Algorithm","[]"
"SCH ERP Item Routing Ability to Pause Boolean","['ERP Input']"
"MFG Consumed Yield Time Varying","['Consumed Yield']"
"MFG Consumed Yield Threshold Min","[]"
"MFG Consumed Yield Threshold Max","['Max', 'Min']"
"Transition Type","[]"
"Item Attribute3","[]"
"Item Attribute2","[]"
"Item Attribute1","[]"
"SCH Calendar Break From Time Day Indicator","['Break Start Time Day Indicator']"
"MFG Base Machine Maintenance Hours","['Base Machine Maintenance Hours']"
"MFG Base Flex Capacity Band2","['Units Capacity Band2']"
"MFG Base Flex Capacity Band1","['Units Capacity Band1']"
"MFG Base Artificial Capacity","['Base Units Capacity']"
"SCH Calendar Break From Time","['Break Start Time']"
"MFG Priority Threshold Max","['Max']"
"MFG Produced Time Varying Yield Threshold Max","['Min', 'Max']"
"Is Past Week","[]"
"Is Holiday","[]"
"Total Commit Order",""
"Change from last month",""
"SCH ERP Material Lot Size","['ERP Input']"
"SCH ERP Material Lead Time UOM","['ERP Input']"
"SCH ERP Material Lead Time","['ERP Input']"
"MFG Base Machine Run Down Hours","['Base Machine Run Down Hours']"
"TransMode Priority","[]"
"Uncons Outlook Lag1","[]"
"RGM Initiative Net Promo ROI","['Net Promo ROI']"
"RGM IF Planned Category L8","['Initiative Category']"
"RGM Retailer Sales Value","['RSV']"
"C4 TKM","[]"
"Total inflow ",""
"MFG LotSize Threshold Max","['Max']"
"Uncons Outlook REV vs LY Abs Gap","[]"
"Uncons Outlook REV vs LC Abs Gap","[]"
"Uncons Outlook REV vs LC %","[]"
"SCH Calendar Break To Time","['Break End time']"
"Purchased LY","[]"
"RGM Gross Sales Value","['GSV']"
"RGM %ACV","['%ACV', '%ACV']"
"SCH ChangeoverID Delay",""
"Item From Location To Location Priority","[]"
"SCH Calendar To Shift Association","['Calendar ID and Shift Association']"
"M Max Base Capacity Utilization %","['Max Base Capacity Utilization %']"
"SCH Calendar Shift Strength Override","['Shift Strength Override']"
"SCH Calendar Exception Type","['Exception Type']"
"SCH Calendar Exception Start Time","['Start Time']"
"SCH Calendar Exception Reduced Capacity","['Reduced Capacity']"
"MFG LotSize Threshold Min","['Min']"
"SCH Calendar Exception End Time","['End Time']"
"COV Segment L1","[]"
"COV SP","[]"
"SCH ERP Material Shelf Life","['ERP Input']"
"SCH Item Routing Relation Association","['Item Routing Relation Association']"
"COC MFG WIP Change %",""
"COC Intransit Change %",""
"CMA",""
"SCH ERP Item Routing Unload Type","['ERP Input']"
"SCH ERP Item Routing Unload Time UOM","['ERP Input']"
"SCH ERP Item Routing Unload Time","['ERP Input']"
"SCH ERP Item Routing Setup Type","['ERP Input']"
"SCH ERP Item Routing Setup Time UOM","['ERP Input']"
"Item Location Supplier TransMode Association Override","['Override']"
"SCH ERP Item Routing Setup Time","['ERP Input']"
"SCH Calendar Exception Added Capacity","['Added Capacity']"
"SCH ERP Item Routing Processing Time UOM","['ERP input']"
"SCH ERP Item Routing Processing Time","['ERP Input']"
"SCH ERP Item Routing Description","['ERP input']"
"Purchased Target","[]"
"o9 Item BOM Routing LotSize Increment","['o9 Maintained Input']"
"o9 Item Approved Supplier Association","['o9 Maintained Inputs']"
"SCH Item Routing Relation Type","['Relation Type']"
"o9 DOS Target","['o9 Maintained Input']"
"o9 Consumed Resource Per","['o9 Maintained Input']"
"AI Predict Recipe Train Time Secs","[]"
"AI Predict Recipe Slice Level","[]"
"AI Predict Recipe Score","[]"
"M Material Root Cause Quantity",""
"M Flex2 Capacity Pegged Quantity",""
"M Flex1 Capacity Pegged Quantity",""
"SCH Calendar Exception Override Capacity","['Override Capacity']"
"CM Flex Capacity Band2 Override","[]"
"CM Flex Capacity Band1 Override","[]"
"Uncons Outlook GM vs Target %","[]"
"Uncons Outlook GM vs Outlook %","[]"
"W Item Incremental Flag","['Item Incremental Flag']"
"o9 PROC Exclude For OP Flag","[]"
"o9 PROC Exclude For MP Flag","[]"
"W Factory Planner Material Constraint Flag","['Prioritized Material Constraints']"
"W Exception Planning Upstream Node",""
"SCH ERP Material Shelf Life UOM","['ERP Input']"
"o9 Soft Lot Size IL","[]"
"Lifecycle Profile","[]"
"SCH Item Routing Successor Max Delta UOM","['Max Delta UOM']"
"SCH Item Routing Successor Max Delta","['Max Delta']"
"Location Attribute2","[]"
"SCH ERP Item Routing Processing Type","['ERP Input']"
"COC STO Change %",""
"COC PO Shipped Change %",""
"Uncons Outlook GM %","[]"
"DIST Transportation Shared Flex Capacity Band1","['Flex Capacity Band1']"
"COC Scheduled Receipt Change %",""
"o9 Item BOM Routing Min LotSize","['o9 Maintained Input']"
"M Capacity Root Cause Quantity",""
"M Capacity Pegged Quantity",""
"Item Region to Item DC Split Ratio","[]"
"M Base Surplus Capacity","['Base Surplus Capacity']"
"Low Inventory LW",""
"o9 Location Types BODLane Is Active","['Lane Association']"
"o9 Item Location Supplier Association","['o9 Maintained Input']"
"CM Daily Run Down Hours","[]"
"CM Daily Maintenance Hours","[]"
"CM Daily Flex Capacity Band2","[]"
"W Flex Capacity Consumption","['Flex Capacity Consumption']"
"W Final DIST Activity Share","['Sourcing Proportions Final']"
"DIST Transportation Shared Flex Capacity Band2","['Flex Capacity Band2']"
"CM Maintenance Hours Override","[]"
"W Flex Capacity Band2 %","[]"
"SCH Item Routing Level Lot Size","['Item Routing Lot Size']"
"SCH Item Routing Level Association","['Item Routing Association']"
"D WIP Priority",""
"D WIP Material RCA Quantity",""
"D WIP Lot Size","[]"
"SCH MangoGem Optimization StopA","['Optimization StopA']"
"CM Daily Artificial Base Capacity","[]"
"CM Artificial Base Capacity Override","[]"
"CM Run Down Hours Override","[]"
"M DIST Outbound Quantity",""
"Low Inventory L4W",""
"SCH MangoGem Optimization Max Time in seconds","['Max Time in seconds']"
"MFG Consumed Time Varying Yield Threshold Min","['Max']"
"Monthly Spread Final Split Ratio.97613427-0693-41f9-b1bf-400b4b3f5305",""
"D Resource Consumed Quantity Per","['Resource Consumed Quantity Per']"
"Final Item Location Association","[]"
"Monthly Spread Final Split Ratio.f6e4993a-5f61-4afb-93de-e35cbe1ccb70",""
"Monthly Spread Final Split Ratio Validation","[]"
"Final BOM Quantity Consumed Per","['BOM Quantity Consumed Per', 'BOM Quantity Consumed Per']"
"Final Routing Item Location Association","[]"
"D Inventory Under Upper Level by Item Location","[]"
"o9PRIndicatorfromSSIS","[]"
"Resource Consumption Association Intermediate","[]"
"Activity3 Members","[]"
"BODLane Location Consumption Association","[]"
"Material Production Quantity Per","[]"
"D Final Inventory StockOut Upper Level by Item Location","[]"
"Quantity Available Intermediate Buyback","[]"
"PO Committed Delivery Date Final","[]"
"BOD Outbound Shared Resource Consumption Intermediate","[]"
"Frozen Window Intermediate","[]"
"BODLane From Location To Location Association","[]"
"Material Consumption Quantity Per","[]"
"Activity Priority","[]"
"Consolidated Demand AFTR","[]"
"Flow 3 Item Forecast","['Forecast at Item Region level']"
"PROC Lead Time Final","[]"
"Affiliate Demand AFTR","[]"
"MFG Final Release Window","[]"
"Supplier End Date Final","[]"
"Supplier Start Date Final","[]"
"M Material Production Quantity Plan Output","['Material Production Quantity Plan Output']"
"M Material Production Plan AFTR","[]"
"LotSize Increment","[]"
"GFR Quantity Daily for MRP1","['Good Field Returns']"
"D Inventory StockOut Upper Level by Item Location","[]"
"MFG Frozen Window By Item Group Location","['Frozen Window By Item Type Location (in Days)']"
"D Inventory Excess Lower Level by Item Location","[]"
"Past Due SO Provisioning PF","['Past Due SO Provisioning']"
"PROC Lead Time Standard Deviation Final","[]"
"Activity Item Start Date","[]"
"BODLane As Resource Association","[]"
"Activity Item End Date","[]"
"BOD Outbound Item Resource Location Association","[]"
"Soft LotSize","[]"
"Activity Lead Time Standard Deviation","[]"
"Resource Consumed Quantity Per Intermediate","[]"
"Activity3 LR Members","[]"
"Min LotSize","[]"
"BOM Routing Produced Item Association","[]"
"Beginning OnHand AFTR","[]"
"Monthly SO Open","[]"
"Activity Item Lead Time","[]"
"Past Due SO Replenishment PF","['Past Due SO Replenishment']"
"Supplier Activity Item Lead Time Standard Deviation","[]"
"Supplier Activity Item Lead Time","[]"
"Activity1 Members","[]"
"Past Due SO Maintenance PF","['Past Due SO Maintenance']"
"Association At CAT9","[]"
"Item BODLane TransMode End Date Final","[]"
"M Resource Consumed Quantity Per","['Resource Consumed Quantity Per']"
"Item BODLane TransMode Start Date Final","[]"
"D Final Inventory Under Upper Level by Item Location","[]"
"M Resource Consumption Association","['Resource Consumption Association']"
"D Final Inventory Excess Lower Level by Item Location","[]"
"M Material Production Association","['Material Production Association']"
"Activity Item Lead Time Standard Deviation","[]"
"D Activity Lead Time","['Activity Lead Time']"
"WIP Sweep Priority","[]"
"Published Forecast SCS Daily","['Published Forecast']"
"Stats Forecast at Day Level","['Stats Forecast']"
"Material Consumption Quantity Per Intermediate","[]"
"Total Supply Buyback","[]"
"D Shipment Lead Time","[]"
"ProcLane To Location Association","[]"
"BODLane Location Production Association","[]"
"Final From Location To Location Association","[]"
"Buyback Daily Netted Forecast","[]"
"STO Line Detail Delivery Date Final","[]"
"Lane Capacity Constraint","['BODLane Capacity Constraint']"
"BOD Outbound Shared Resource Association Intermediate","[]"
"Flow 3 Final Item Forecast Original UoM","['Primary UoM Forecast at Item Region level']"
"D PO Projected Date","[]"
"Net Available Exception Report PO Coverage","[]"
"Qty Intermediate","[]"
"Flow 1 Int Region TPE Final Forecast","['Final Forecast at Region TPE level']"
"Net Available Expected Receipts Monthly","[]"
"DIST Include for OP Final","[]"
"DIST Include for MP Final","[]"
"Item Location Supplier Association","[]"
"D STO Alert Projected Date","[]"
"PROC Soft Lot Size Flag Final","[]"
"BOD Outbound Item Resource Location Consumed Per","['Loading Resource Consumed Per']"
"Item Location To Location Goods Receipt Time Standard Deviation","[]"
"Item Location To Location Goods Receipt Time","[]"
"MFG Frozen Window By Item Location","['Frozen Window By Item Location (in Days)']"
"MFG Global Release Window","['Global Release Window (in Days)']"
"M Material Production Plan PF","[]"
"M Material Production Plan ET","[]"
"M Material Production Plan","[]"
"Item To Location Procurement Type","[]"
"D External Demand Priority","[]"
"M OnHand Quantity PF","[]"
"Flow 1 Cat9 Region Remaining Target","[]"
"Item Location To Location Procurement Type","[]"
"Item Location To Location Planned Delivery Time Standard Deviation","[]"
"Item Location To Location Planned Delivery Time","[]"
"PROC Lot Size Increment Final","[]"
"Supplier Activity Soft LotSize Flag","[]"
"Supplier Activity Min LotSize","[]"
"PROC Simultaneous Capacity Consumption Intermediate","[]"
"Supplier Activity LotSize Increment","[]"
"Item Location To Location Min Lot size","[]"
"Final Item Target agnostic of time","[]"
"Item Location To Location Lot Size Increment","[]"
"Total Supply ET","[]"
"Total Supply PF","[]"
"Past Due SO AFTR","[]"
"Closed SO Current Month Batch","[]"
"Flow 3 TPE Remaining Target","[]"
"Supplier Item Activity End Date","[]"
"ATT DP Remaining Ratio","[]"
"Supplier Item Activity Priority","[]"
"Material Consumption Static Yield Intermediate","[]"
"D Target Inventory Per WOS Target","['D Target Inventory Per DOS Target']"
"Deactivate PROCLane Intermediate","[]"
"BODLane Capacity Constraint Intermediate","[]"
"MRP Calculation","[]"
"PROC Min Lot Size Final","[]"
"MFG Consumed Yield Static Override Intermediate","[]"
"SO Qty Provisioning considering Flag PF","[]"
"Past Due Supplies Association","[]"
"D Total Demand At Material Node Agg","[]"
"Final Item Target Current Year1","[]"
"Excess Demand AFTR","[]"
"Flow 1 Region TPE Remaining Target","[]"
"SO Qty Maintenance considering Flag PF","[]"
"Resource Priority Intermediate","[]"
"SO Qty Replen considering Flag PF","[]"
"Location Members","[]"
"Routing Consumed Item Location Association","[]"
"MFG Consumed Yield Static Override","[]"
"Buyback Max Safety Stock","[]"
"MFG Resource Consumption Association Intermediate","[]"
"Lane Shared Resource Association Intermediate","[]"
"BODLane Capacity Consumed Per Intermediate","[]"
"Buyback Monthly Netted Forecast","[]"
"Buyback Min Safety Stock","[]"
"BOD Inbound Shared Resource Consumption Intermediate","[]"
"Item Location To Location Soft Lot Size","[]"
"BOD Inbound Shared Resource Association Intermediate","[]"
"Supplier Item Activity Start Date","[]"
"Actual Demand last 12 months","[]"
"W Resource Consumed Quantity Per","['Resource Consumed Quantity Per']"
"Association At TPE","[]"
"D Expected Receipts Agg","[]"
"M Material Consumption Association","['Material Consumption Association']"
"Flow 3 Region Item Final Split Ratio","['Region to Item Final Split Ratio']"
"Final BOM End Date","['BOM End Date']"
"SO Qty Maintenance 12months","[]"
"Flow 3 Item Forecast Override","['Forecast at Item Region Override']"
"Flow 1 Region TPE Final Split Ratio","['Region to TPE Final Split Ratio']"
"SO Qty Replenishment 12months","[]"
"SO Qty Provisioning 12months","[]"
"Final BOM Start Date","['BOM Start Date']"
"VMI Minimum Target","['Minimum Target']"
"VMI Maximum Target","['Maximum Target']"
"Quantity Available Dark2DC","[]"
"Onhand Buyback","[]"
"D OnHand Quantity Agg","[]"
"GFR Intermediate","[]"
"D Inventory Under Upper Level","[]"
"Past Due SO Qty - Item Level","[]"
"Item BODLane TransMode Soft Lot Size Final","[]"
"Actual Quantity","[]"
"ETS Intermediate","[]"
"DIST Release Window at Item Location","['Release Window at Item Location']"
"Intransit Qty - Item Level","[]"
"M Expected Receipts AFTR","[]"
"MP Demand Seed Aggregation Parameter","['Demand Transactional Aggregation Type']"
"Horizon for Fiber Item Region Split Ratio","[]"
"Flow 1 Int Region TPE Forecast","['Forecast at Region TPE level']"
"Lane Capacity Consumed Per","[]"
"OWC Intermediate","[]"
"SO Qty Maintenance - Item Level","[]"
"MP Distribution Seed Parameter","['Distribution Transactional Aggregation Type']"
"D Inventory Excess Lower Level","[]"
"D Material Production Date","[]"
"Item BODLane TransMode Priority Final","[]"
"PO Coverage Association","[]"
"Shipments Avg","[]"
"Shipments Intermediate","[]"
"GFR Avg","[]"
"M Material Production Quantity Plan Output AFTR","[]"
"PROC Transportation Cost Per Unit","[]"
"Reco PR Qty (AFTR)",""
"Net Available Exception Report All Months","[]"
"MFG Frozen Window By Location","['Frozen Winodw By Location (in Days)']"
"Actual Demand FR","[]"
"Aggregated Last 12 Months Actual Demand","[]"
"Item To Location Lot Size Increment","[]"
"Published Forecast - Avg","[]"
"OWV Intermediate","[]"
"DIST Frozen Window By Item Location BODLane Final","['Frozen Window By Item Location BODLane Final']"
"Item BODLane TransMode Lot Size Increment Final","[]"
"Item To Location Goods Receipt Time","[]"
"Item To Location Association","[]"
"Item To Location Planned Delivery Time Standard Deviation","[]"
"D Supply Past Due Supplies count","[]"
"Material Production Quantity Per Intermediate","[]"
"D Supply Past Due Supplies Exception Count","[]"
"Item To Location Soft Lot Size","[]"
"MP Manufacturing Seed Parameter","['Manufacturing Transactional Aggregation Type']"
"BOD Outbound Resource Category Intermediate","[]"
"BOD Outbound Resource Consumed Per Intermediate","[]"
"Past Due SO Qty - Item Level New","[]"
"Final PROC Exclude For OP Flag","['Exclude from OP']"
"Final PROC Exclude For MP Flag","['Exclude from MP']"
"M OnHand Quantity AFTR","[]"
"Onhand Available - Item Level","[]"
"D Inventory StockOut Upper Level","[]"
"Location LR Members","[]"
"Override Horizon","[]"
"ORV Intermediate","[]"
"Activity1 To Location Members","[]"
"SO Qty Maintenance SR","[]"
"BODLane Members","[]"
"Item BODLane TransMode Association Final","[]"
"Activity1 LR Members","[]"
"Item BODLane TransMode Min Lot Size Final","[]"
"DIST Frozen Window By Item Location BODLane",""
"M Beginning On Hand AFTR","[]"
"Item To Location Min Lot size","[]"
"Activity Node Icon","[]"
"BOD Inbound Item Resource Location Association","[]"
"Item To Location Planned Delivery","[]"
"Item To Location Goods Receipt Time Standard Deviation","[]"
"Activity1 From Location Members","[]"
"DIST Region TransMode Association","['Region TransMode Association']"
"YTD Actuals","[]"
"Item BODLane TransMode Lead Time Final","[]"
"SO Qty Replenishment SR","[]"
"Intermediate SSIS Loaded Actuals","[]"
"Item BODLane TransMode Lead Time Standard Deviation Final","[]"
"MP Procurement Seed Parameter","['Procurement Transactional Aggregation Type']"
"SO Qty Replenishment - Item Level","[]"
"SO Qty Provisioning - Item Level","[]"
"Quantity Available Dark2DC - Item Level","[]"
"Input Resource Priority","[]"
"Activity Node Icon Association","[]"
"BBG Intermediate","[]"
"Resource Category","[]"
"M Demand Quantity to SCS AFTR","[]"
"D Total Late Quantity Count","[]"
"ARIMA KIL","[]"
"NNET KIL","[]"
"Final Item BOM Routing Association","[]"
"Prophet KIL","[]"
"D Expected Receipts Pegging ID","['OnHand Pegging ID']"
"PROC Hanging Material Node Exceptions count","[]"
"Flow 3 Final Item Forecast $ Value","['Final Forecast at Item Region level $ Value']"
"PROC Lead Time Standard Deviation","[]"
"Final Soft Lot Size IL Number","[]"
"D Resource Category","['Resource Category']"
"Horizon for TPE Region Split Ratio","[]"
"Final BOM Consumed Item Association","[]"
"Past Due SO Qty New","[]"
"DIST Hanging Material Node Exception count","[]"
"SBA KIL","[]"
"SARIMA KIL","[]"
"Monthly Projected shipment Qty","[]"
"MFG Hanging Material Node Exception count","[]"
"D Demand Quantity To SCS Count","[]"
"D Total Short Quantity Count","[]"
"D Total Met On Time Quantity Count","[]"
"D Total Late Short Quantity","[]"
"Final BOM Quantity Produced Per","['BOM Quantity Produced Per']"
"Moving Average KIL","[]"
"Shipment Qty difference","[]"
"D OnHand Pegging ID","[]"
"STLF KIL","[]"
"Quantity Available Intermediate DC2DC Excess","[]"
"Quantity Available Intermediate DC2DC Deficit","[]"
"SSIS Loaded Actuals","[]"
"ETS KIL","[]"
"D MFG Release Window TG","[]"
"On Invoice Actual","[]"
"Final Item Location Supplier Association","[]"
"D Demand Quantity To SCS",""
"Sim SP Demand Override Prorated","[]"
"M Resource Category","['Resource Category']"
"PROC Soft Lot Size","['Default']"
"Croston KIL","[]"
"Custom Intermittent KIL","[]"
"BuyBack Target","[]"
"Like Item Search History Measure","[]"
"Flow 1 Int Region TPE Forecast Override","['Forecast at Region TPE Override']"
"Actual shipment Qty","[]"
"D Activity End Date","['Activity End Date']"
"Supplier Lead Time Not Defined Association","[]"
"M Expected Receipts PF","[]"
"Flow 1 Final Item Forecast $ Value","['Final Forecast at Item Region level $ Value']"
"Supplier Input Resource Group Priority Intermediate","[]"
"M Min LotSize","['Min LotSize']"
"PROC Min Lot Size External Input","['External Input']"
"M Material Production Quantity Plan Output PF","[]"
"M Material Production Quantity Plan Output ET","[]"
"PROC Frozen Window By Item Location Supplier Location Intermediate2","[]"
"PROC Frozen Window By Item Location Supplier Location Intermediate1","['Frozen Window']"
"M OnHand Quantity ET","[]"
"Onhand Available AFTR","[]"
"Supplier Capacity Constraint","[]"
"D SS Violation Quantity","['SS Violation Quantity', 'SS Violation Quantity']"
"Procurement Item Priority Not Defined Association","[]"
"PROC Network WIP Sweep Priority Intermediate","[]"
"Final Routing Lead Time Standard Deviation Override","[]"
"D Activity Start Date","['Activity Start Date']"
"BODLane Resource Consumed Per","[]"
"D DIST Frozen Window at Item Location BODLane","[]"
"M Simultaneous Capacity Consumption Association","['Simultaneous Capacity Consumption Association']"
"D DIST Release Window Indicator","[]"
"PROC Frozen Window By Item Location Supplier Location","['Default']"
"M Re-Order Point Quantity ET","[]"
"DIST UnLoading Shared Resource Association","['UnLoading Resource Association']"
"M Target Inventory ET","[]"
"Shipments National","[]"
"Prioritization Log","[]"
"Final Routing Start Date Override","[]"
"PROC Soft Lot Size Override","['Override']"
"SO Qty Replen FR","[]"
"Null Association","[]"
"Shared Resource Consumption Association","[]"
"Intermediate YTD Loaded Actuals","[]"
"D Planning Horizon Intermediate","[]"
"Activity Start Date","[]"
"PROC Soft Lot Size External Input","['External Input']"
"PROC Shared Resource Priority Final","[]"
"D Input Resource Group Priority","['Input Resource Group Priority']"
"D Netting Planning Horizon Association Delta","[]"
"D Netting Planning Horizon Delta Intermediate","[]"
"Existing PO Cables and MM","['Existing PO']"
"Final Resource Routing Association","[]"
"Day Key diff","[]"
"Final Routing End Date Override","[]"
"D Netting Planning Horizon Intermediate","[]"
"Final Resource Group Routing Association","[]"
"Final Resource Consumed Per","[]"
"PROC Hanging Material Node count","[]"
"Final Procurement Type","[]"
"Priority Format","[]"
"Assortment For First Of The Month","[]"
"D Planning Horizon Association Delta","[]"
"Existing PO AFTR PF","[]"
"W WIP Sweep Priority","[]"
"W Planning Horizon Association Delta","[]"
"DIST Region TransMode Priority","['Region TransMode Priority']"
"M WIP Sweep Priority","[]"
"W Planning Horizon Delta Intermediate","[]"
"W Planning Horizon Intermediate","[]"
"DIST Planned Delivery Time Standard Deviation IL","[]"
"Activity End Date","[]"
"M Target Inventory PF","[]"
"DIST WIP Sweep Priority Intermediate","['WIP Sweep Priority Intermediate']"
"W Netting Planning Horizon Association Delta","[]"
"W Netting Planning Horizon Delta Intermediate","[]"
"W Netting Planning Horizon Intermediate","[]"
"PROC Shared Resource Association Final","['PROC Shared Resource Association']"
"Quantity Available Dark2DC Target","[]"
"Affiliate Transfer Supply","[]"
"DIST Include For OP External","[]"
"DIST Include For OP","['Include For OP']"
"Final MFG Consumed Yield Static","[]"
"Affiliate Transfer Target","[]"
"DIST Include For MP Flag","['Include For MP Flag']"
"DIST Include For MP External","[]"
"DIST Include For MP","['Include For MP']"
"DIST Hanging Material Node count","[]"
"Final Routing Lead Time Override","[]"
"Past Due SO demand qty",""
"Assortment for Consensus Forecast Adjustment","[]"
"Available Quantity Excess","[]"
"DIST Goods Receipt Time Standard Deviation IL","[]"
"PROC Shared Resource Consumed Quantity Per Final","['Shared Resource Consumed Per']"
"DIST Global Release Window","['Global Release Window']"
"Assortment For Pass Through Fcst","[]"
"Assortment For Stats Fcst at Reg Item","[]"
"OSO Source Consideration Flag","[]"
"Resource Priority Intermediate By Supplier Location","[]"
"Resource Priority Intermediate By Supplier","[]"
"Assortment for Reco Ratio Respread","[]"
"BOD Inbound Item Resource Location Consumed Per","['Unloading Resource Consumed Per']"
"PO ASN Delivery Date Final","[]"
"Past Due SO Qty FR",""
"Resource Consumption Association Intermediate By Supplier Location","[]"
"DIST Soft Lot Size IL","['Default']"
"Lane Shared Resource Priority Intermediate","[]"
"SO Qty Maintenance FR","[]"
"Lane Shared Resource Consumed Per Interemediate","[]"
"Item To Location procurement Type",""
"Resource Consumed Quantity Per Intermediate By Supplier Location","[]"
"Lane As Resource Consumed Per","['BODLane Resource Consumed per']"
"Lane As Resource Association","['Enable BODLane Resource']"
"ProcLane From Location Association","[]"
"Resource Consumed Quantity Per Intermediate By Supplier","[]"
"Quantity Available DC Consolidation","[]"
"PROC Shared Resource Association Override","['Association Override', 'Association ']"
"Price Override Cables","['Price Override']"
"BOD Inbound Resource Category Intermediate","[]"
"BOD Inbound Resource Consumed Per Intermediate","[]"
"LoadingResource","[]"
"DIST Frozen Window by Item Location Final","[]"
"MFG Network Activity Node Icons","[]"
"BOD Outbound Item Resource Location Consumed Per Override","['Loading Resource Consumed Per Override']"
"BOD Outbound Shared Resource Category Intermediate","[]"
"BODLane WIP Sweep Priority","[]"
"PROC Supplier Shared Resource Priority Override","[]"
"PROC Shared Resource Consumed Quantity Per Override","['Consumed Quantity Per Override']"
"BOD Shared Resource Association","[]"
"DIST Frozen Window","[]"
"BOD Shared Resource Consumed Quantity Per Intermediate","[]"
"Routing Start Date Network Intermediate","[]"
"Routing Lead Time Standard Deviation Intermediate","[]"
"Routing Lead Time Intermediate","[]"
"BOD Shared Resource Priority","[]"
"BOD Shared Resource Priority Intermediate","[]"
"MFG Hanging Material Node count","[]"
"Routing End Date Network Intermediate","[]"
"MFG Global Release Window IL","[]"
"SO Qty Provisioning FR","[]"
"Global Demand Build Late Limit","[]"
"D WIP Delivery Date","[]"
"BODLane Member Creation","[]"
"DIST Flex Capacity Band2","[]"
"DIST Include For OP Flag","['Include For OP Flag']"
"DIST Flex Capacity Band1","[]"
"DC Stock","[]"
"M Activity Start Date","['Activity Start Date']"
"M Activity Priority","['Activity Priority']"
"M Activity Lead Time","['Activity Lead Time']"
"M Activity End Date","['Activity End Date']"
"BODLane Resource Consumption Association","[]"
"Darkstorage Target","[]"
"Vendor Collab Quantity Adjusted","['National Scheduled Receipts']"
"DIST Resource Base Capacity","[]"
"D WIP Met Int Late Quantity","[]"
"M Material Consumption Quantity Per","['Material Consumption Quantity Per']"
"DIST Min Lot Size IL","['Default']"
"BODLaneResource","[]"
"BOM Effectivity Outside Horizon Association","[]"
"DIST Lot Size Increment IL","['Default']"
"D Where Used Broken ProcLanes Exceptions Count","[]"
"Material Production Static Yield Intermediate","[]"
"DIST Loading Shared Resource Association","['Loading Resource Association']"
"D Where Used Broken Network ProcLane DataValidation","[]"
"D Where Used Broken Network From Nodes","[]"
"D Where Used Broken Network BOM DataValidation","[]"
"D Where Used Broken Network BODLane DataValidation","[]"
"D Where Used Broken BOMs Exceptions Count","[]"
"M Demand Quantity To SCS ET","[]"
"D Where Used Broken BODLane Exceptions Count","[]"
"BOM Quantity Consumed Per Outside Range Association","[]"
"M Material Production Quantity Per","['Material Production Quantity Per']"
"BOM Quantity Produced Per Outside Range Association","[]"
"D Upper Threshold Quantity","[]"
"Global Demand Build Ahead Limit","[]"
"VMI Accumulated Shipment","[]"
"Darkstorage Supply","[]"
"MFG Release Window TG","[]"
"PROC Lead Time Standard Deviation External Input","['External Input']"
"M Expected Receipts ET","[]"
"PROC Lead Time Standard Deviation Final By Week","[]"
"PROC Lead Time Standard Deviation Override","[]"
"PROC Lot Size Increment External Input","['External Input']"
"M Demand Quantity to SCS PF","[]"
"MFG Release Window OverRide","['Release Window Override (in Days)']"
"UnLoadingResource","[]"
"MFG Produced Yield Static Override Intermediate","[]"
"M Re-Order Point Quantity PF","[]"
"MFG Produced Yield Static Override","[]"
"Priority Rule Plugin Output","[]"
"D Simultaneous Capacity Consumption Association","['Simultaneous Capacity Consumption Association']"
"D Planning Horizon Delta Intermediate","[]"
"M Input Resource Group Priority","['Input Resource Group Priority']"
"GFR National","[]"
"Resource Consumption Association Intermediate By Supplier","[]"
"Final Routing Lead Time","[]"
"Monthly Projected shipment Value","[]"
"M PROC Transportation Cost Per Unit Intermediate","[]"
"D Soft LotSize","[]"
"Off Invoice Actual","[]"
"D Shipment Plan Output","['Shipment Plan Output']"
"Item Location Approved Supplier Association","[]"
"D PROC Transportation Cost Per Unit Intermediate","[]"
"PO Committed Ship Date","['Commit Ship Date']"
"D PO Alert Current Target Inventory","['Target Inventory@Current Date']"
"Flow 1 TPE Item Reco Ratio at Previous Year Validation","[]"
"D PO Alert Current Inventory","['Inventory@Current Date']"
"D PO Alert ASN Delivery Date","['ASN Delivery Date']"
"Flow 3 Region Item Reco Ratio at Previous Year Validation","[]"
"D Material Increased Flag Intermediate_2","[]"
"D Item Price","[]"
"PROC Item Location Association","[]"
"D Expected Receipts Quantity Baseline","['Expected Receipts Baseline']"
"PROC Transportation Cost Per Unit Intermediate","[]"
"Shipment value difference",""
"Supplier Item Priority count","[]"
"Final Item Location Approved Supplier Association","[]"
"Contract Price Cables","['Contract Price']"
"Flow 3 Region Item Reco Ratio","['Region to Item Reco Ratio/Last Cycle']"
"Flow 1 Region TPE Reco Ratio","['Region to TPE Reco Ratio/Last Cycle']"
"Item Prce - Intermediate","[]"
"Final BOM Association","[]"
"CREATED BY ASL","['CREATED BY']"
"CREATION DATE ASL","['CREATION DATE']"
"W PROC Transportation Cost Per Unit Intermediate","[]"
"D Material Increased Flag Intermediate_3","[]"
"W Soft LotSize","[]"
"Flow 2 Item Region Reco Ratio","['Item Region Reco Ratio/Last Cycle']"
"Assortment for Stats Forecast","[]"
"Net Available Exception Report Aggregated  All Months","[]"
"LAST UPDATED DATE","[]"
"Actual shipment Value","[]"
"IsModified Flag","[]"
"Final Routing Association","[]"
"LAST UPDATE BY","[]"
"Billing REV","[]"
"Forecast Refresh Flag","[]"
"M Demand Quantity to SCS","['Demand Quantity to SCS']"
"M Total Capacity","['Total Capacity']"
"Active for Procurement","[]"
"W Planner Assigned Capacity Constraint Flag","[]"
"STO Line Detail Delivery Date BODLane Location To Location","[]"
"W PROC Simultaneous Capacity Consumption Intermediate","[]"
"Item BODLane TransMode Lot Size Increment External Input","[]"
"M Total Capacity Utilization %","[]"
"Daily Base Item Supplier Location TransMode Capacity Intermediate","[]"
"M Total Supply At Material Node","[]"
"InTransit Delivery Date Final","[]"
"W Procurement Resource Base Capacity Not Defined Association","['Procurement Resource Base Capacity Not Defined Association']"
"W Procurement Planner Assigned Capacity Intermediate","[]"
"W Procurement Planner Assigned Capacity Constrained Flag","['Prioritized Capacity Constraints']"
"W Procurement Plan Strategy At Item Location","['Requirement Plan Strategy']"
"W Procurement Hanging Resource Node Association","['Procurement Hanging Resource Node Association']"
"Item BODLane TransMode Lead Time Standard Deviation External Input","['External Input']"
"W Safety Stock At No Carry Node Association","['Safety Stock At No Carry Node Not Defined Association']"
"Item BODLane TransMode Min Lot Size External Input","[]"
"STO Line Detail Delivered Quantity BODLane To Location","[]"
"W Supplier Item Activity Start Date","['Activity Start Date']"
"W Supplier Item Activity End Date","['Activity End Date']"
"W Supplier Activity Item Lead Time Standard Deviation","[]"
"W Supplier Activity Item Lead Time","['Lead Time']"
"W Supplier Item Share","['Supplier Share']"
"W Upstream Infinite Material Nodes","[]"
"DIST Region TransMode Priority Final","['Region TransMode Priority Final']"
"WIP COC Change Association","[]"
"W Where Used ProcLane Network Association","['Broken ProcLanes Association']"
"W Where Used Broken BODLane Association","['Broken BODs Association']"
"W Where Used BOMs Network Association","['Broken BOMs Association']"
"D STO Alert Expected Fulfillment Quantity Solver","[]"
"Past Due PO Secondary Market","[]"
"Daily Flex2 Item Supplier Capacity Intermediate","[]"
"PROC Supplier Shared Resource Consumed Quantity Per","['Consumed Quantity Per  ']"
"PROC Supplier Shared Resource Association","['Association']"
"PROCLane Effectivity Outside Horizon Association","[]"
"Distribution Hanging Material Node Association","[]"
"Forecast Without Order Association","[]"
"Final Resource Group To Resource Association","[]"
"Normal","[]"
"Purchase Order COC Change Association","[]"
"PROC o9 Soft Lot Size Intermediate","[]"
"Daily Flex2 Item Supplier Location TransMode Capacity Intermediate","[]"
"Daily Flex2 Item Supplier Location TransMode Capacity","[]"
"PROC o9 Planned Delivery Time Standard Deviation Intermediate","[]"
"PROC o9 Planned Delivery Time Standard Deviation ILS","[]"
"OWC Intermediate.a39cf333-3b0f-4f64-8648-40c8e2c1e29a",""
"Past Due PO PD Qty FR","[]"
"Past Due PO PD FR","[]"
"Past Due PO OEM/VAR","[]"
"Past Due PO NBD Qty","[]"
"Past Due PO NBD FR","[]"
"Past Due PO CTDI(OWV)","[]"
"Past Due PO CTDI(OWC)","[]"
"Past Due PO CTDI(ORV)","[]"
"Past Due PO CTDI(ETS)","[]"
"Past Due PO CTDI(BBG)","[]"
"Past Due Demands Association","[]"
"ETS Intermediate.558b9546-f986-48af-87f8-2be58967ba80",""
"Final PR Price Cables","['Final PR Price']"
"Final MFG Produced Yield Static","[]"
"D Procurement Hanging Resource Node Association","[]"
"Manufacturing Consumed Resource Per Outside Range Association","[]"
"Input Resource Group Priority","[]"
"Daily Flex2 Item Supplier Capacity","[]"
"Daily Flex2 Item Shared Supplier Capacity Intermediate","[]"
"Final Item BOM WIP Sweep Priority","[]"
"Flow 3 TPE Remaining Target.8307828b-e7f9-47a3-bbe1-e99298e9837e",""
"Flow 3 TPE Region Reco Ratio at Previous Year Validation","[]"
"DIST Soft Lot Size IL Override","['Override']"
"PrO Disable Upstream Material Consumption Intermediate","[]"
"Flow 3 Final Item Forecast LC1","['Final Forecast at Item Region level LC']"
"DIST Soft Lot Size IL Final","['Soft Lot Size IL Final']"
"ORV Intermediate.b61c5b3a-2d6a-4be4-9a30-3e5ba86deddd",""
"ORC Intermediate","[]"
"Lane Shared Resource Priority","[]"
"Lane Shared Resource Consumed Per","['UnLoading Resource Consumed Per']"
"Lane Shared Resource Association","['Enable Shared Transportation Resource']"
"DIST Lot Size Increment IL Override","['Override']"
"Planner Actuals Override","[]"
"Procurement Hanging Material Node Association","[]"
"Flow 2 Item Region Reco Ratio at Previous Year Validation","[]"
"Flow 2 Item Region Final Forecast LC1","['Final Forecast at Item Region level LC1']"
"Manufacturing Resource Priority Outside Range Association","[]"
"Manufacturing Resource Priority Not Defined Association","[]"
"Manufacturing Resource Consumed Per Not Defined Association","[]"
"Manufacturing Produced Yield Outside Range Association","[]"
"Manufacturing Produced Time Varying Yield Outside Range Association","[]"
"Manufacturing LotSize Outside Range Association","[]"
"Manufacturing Lead Time Outside Range Association","[]"
"Manufacturing Lead Time Not Defined Association","[]"
"Manufacturing Hanging Material Node Association","[]"
"Manufacturing Consumed Yield Outside Range Association","[]"
"Manufacturing Consumed Time Varying Yield Outside Range Association","[]"
"Procurement Priority Outside Range Association","[]"
"Flow 2 and 3 Cat9 TPE Reco Ratio at Previous Year Validation","[]"
"Flow 2 TPE Item Reco Ratio at Previous Year Validation","[]"
"Location Master","[]"
"Final BOM Component Start Date","[]"
"Final BOM Component End Date","[]"
"DIST Shipping Holiday Intermediate","[]"
"Qty Intermediate.37a27184-fbea-420b-bdda-e84f4a80868b",""
"DIST Shipping Holiday","[]"
"DIST Include for MP Override","[]"
"OWV Intermediate.bbe7a76a-1988-4ede-af0e-0f5b4792dee1",""
"Planning Cycle Status","[]"
"Email alert","[]"
"Planning Cycle Completion Date","[]"
"Published Forecast - Avg - Item Level","[]"
"Demands With Decimal Association","[]"
"DIST Release Window Item Location Override","['Release Window Item Location Override']"
"DIST Lot Size Increment IL Final","['Lot Size Increment IL Final']"
"Reel length Percentage",""
"Item Region to Item DC Validation New","[]"
"Item Region to Item DC Split Previous Year","[]"
"DIST Include For OP IL","['Include For OP IL']"
"Infinite Material Node External Input","[]"
"DIST Loading Capacity Final","[]"
"RA/RFQ Flag","[]"
"M Demand Due Date","[]"
"Daily Base Item Supplier Capacity","[]"
"Flow 1 Region TPE Remaining Target.a77d08f5-d791-4d11-af9a-44fe9f86b54e",""
"Flow 1 Region TPE Reco Ratio at Previous Year Validation","[]"
"Daily Base Item Shared Supplier Capacity Intermediate","[]"
"Procurement Resource Consumed Quantity Per Outside Range Association","[]"
"Procurement Resource Consumed Per Not Defined Association","[]"
"Daily Flex1 Item Shared Supplier Capacity Intermediate","[]"
"Procurement LotSize Outside Range Association","[]"
"Item Master","[]"
"M LotSize Increment","['LotSize Increment']"
"M Load Plan Res Consumed Qty","['Resource Consumed Qty']"
"M Load Plan Planned Supply","['Planned Supply']"
"M Load Plan Firm Supply","['Firm Supply']"
"Quantity Available.2ddf09c6-5116-4637-be3a-ea010a6a6edc",""
"Flow 1 Int Region Final Forecast LC1","['Final Forecast at Cat9 Region level LC']"
"Daily Base Item Shared Supplier Capacity","[]"
"Open PO NBD Qty FR","[]"
"Planning Status Modified By","['Last Modified By']"
"Manufacturing Priority Outside Range Association","[]"
"Procurement Lead Time Outside Range Association","[]"
"PrO Detail Start Date Activity3","[]"
"DIST Release Window at Item Location BODLane","['Release Window at Item Location BODLane']"
"STO Line Detail Last Update Date BODLane Location To Location","[]"
"Open PO PD Value FR","[]"
"Open PO PD Qty FR","[]"
"Monthly Total PD Value FR","[]"
"Monthly Total PD Qty FR","[]"
"Open PO NBD Value FR","[]"
"DIST Include for OP Override","[]"
"Daily Flex2 Item Shared Supplier Capacity","[]"
"Daily Flex1 Item Supplier Location TransMode Capacity Intermediate","[]"
"Item BODLane Transmode from location",""
"Item BODLane TransMode Start Date External Input","[]"
"Item BODLane TransMode Soft Lot Size External Input","[]"
"Daily Flex1 Item Supplier Location TransMode Capacity","[]"
"Demand Master","[]"
"Daily Flex1 Item Supplier Capacity Intermediate","[]"
"Daily Flex1 Item Supplier Capacity","[]"
"Orders Without Forecast Association","[]"
"Daily Flex1 Item Shared Supplier Capacity","[]"
"DIST Region TransMode Priority Override","['Region TransMode Priority Override']"
"Flex2 Item Supplier Location TransMode Capacity By Day","[]"
"Flex2 Item Supplier Location TransMode Capacity","['Flex2 Capacity']"
"STO Line Detail Delivered Quantity BODLane Location To Location","[]"
"STO Line Detail Creation Date BODLane To Location","[]"
"STO Line Detail Creation Date BODLane Location To Location","[]"
"STO Line Detail Consume Handling Capacity BODLane To Location","[]"
"STO Line Detail Consume Handling Capacity BODLane Location To Location","[]"
"STO Line Detail Actual Ship Date BODLane To Location","[]"
"STO Line Detail Actual Ship Date BODLane Location To Location","[]"
"STO Line Detail Actual Delivery Date BODLane To Location","[]"
"STO Line Detail Actual Delivery Date BODLane Location To Location","[]"
"STO Line Detail Open Quantity BODLane Location","['Line Detail Open Quantity']"
"STO Line Detail Last Update Date BODLane To Location","[]"
"DIST UnLoading Capacity Final","[]"
"STO Line Detail Issued Quantity BODLane To Location","[]"
"STO Line Detail Issued Quantity BODLane Location To Location","[]"
"Flex1 Item Supplier Capacity By Day Intermediate","[]"
"STO Line Detail Delivery Date BODLane To Location","[]"
"STO Line Detail Status BODLane Location To Location","[]"
"STO Line Detail Ship Date BODLane To Location","[]"
"STO Line Detail Ship Date BODLane Location To Location","[]"
"STO Line Detail Quantity BODLane To Location","[]"
"STO Line Detail Quantity BODLane Location To Location","[]"
"STO Line Detail Status BODLane To Location","[]"
"Safety Stock OrdelineID Association","[]"
"D Manufacturing Hanging Resource Node Association","[]"
"D Manufacturing Base Capacity Not Defined Association","[]"
"Holidays Considered","[]"
"Flex1 Item Supplier Capacity By Week Intermediate","[]"
"D Ending On Hand w Stock Intransits","['EOH w Stock Intransits']"
"D Planner Assigned Capacity Constraint Flag","['Planner Assigned Capacity Constraint Flag']"
"D Material Increased Flag","['Material Increased Flag']"
"D Material Demand Late Short Quantity Revenue Impact","['Material Demand Late Short Quantity Revenue Impact']"
"D PO Alert Projected Inventory","['Inventory@Commit Date']"
"Flex1 Item Supplier Capacity Intermediate","[]"
"Flex1 Item Supplier Location TransMode Capacity","['Flex1 Capacity']"
"D Frozen Window Intermediate","[]"
"o9 Item BOM Routing Soft LotSize Number","[]"
"D Flex2 Item Supplier Capacity","[]"
"D Flex2 Item Shared Supplier Capacity Intermediate","[]"
"D Item Activity Supplier Priority Time Varying","[]"
"D Item Activity Share","[]"
"PROC Item Location Approved Supplier Association","[]"
"Flex1 Item Shared Supplier Capacity By Week Intermediate","[]"
"DIST Frozen Window by Location","['Frozen Window by Location']"
"Simultaneous Capacity Consumption Association","[]"
"D Flex1 Item Supplier Capacity Intermediate","[]"
"D Flex1 Item Supplier Capacity","[]"
"D Flex1 Item Shared Supplier Capacity Intermediate","[]"
"D PROC Simultaneous Capacity Consumption Intermediate","[]"
"DIST Region TransMode Association Final","[]"
"PROC ERP Planned Delivery Time Intermediate","[]"
"PROC ERP Planned Delivery Time Standard Deviation ILS","[]"
"Netting Split Combined Applicable Weeks Time Varying","[]"
"SR COC Change Association","[]"
"Flex1 Item Shared Supplier Capacity By Day Intermediate","[]"
"PROC ERP Planned Delivery Time Standard Deviation Intermediate","[]"
"Intransit COC Change Association","[]"
"Shipment Schedule COC Change Association","[]"
"Final Routing End Date","[]"
"D Ending On Hand w Stock Intransits Orders","['EOH w Stock Intransits Planned Orders']"
"D Activity Share","['Activity Share']"
"D Ending On Hand w Stock","['EOH w Stock']"
"D ER Material Production Quantity Plan Output","[]"
"D PO Alert Projected Target Inventory","['Target Inventory@Commit Date']"
"D Procurement Plan Strategy At Item Location","['Requirement Plan Strategy']"
"D Procurement Planner Assigned Capacity Constrained Flag","['Prioritized Capacity Constraints']"
"PROC Frozen Window By Item Group Supplier Location","['Frozen Window By Item(In Days)']"
"Shipments","[]"
"D Order Lane Lead Time","[]"
"PROC Supplier Shared Resource Priority","[]"
"D Distribution Resource Base Capacity Not Defined Association","[]"
"D Distribution Hanging Resource Node Association","[]"
"Distribution Priority Outside Range Association","[]"
"D Demand Due Date","[]"
"D Demand Creation Date","[]"
"D Procurement Planner Assigned Capacity Intermediate","[]"
"D Average Lateness","['Average Lateness']"
"D DIST Release Window at Item Location BODLane","[]"
"D Procurement Resource Base Capacity Not Defined Association","[]"
"D Production Plan Recommendation In Release Window","['Suggested Recommendation']"
"D Critical Item Flag Override Backup","[]"
"D Critical Item Flag Override","['OP Override']"
"D Critical Item Flag Backup","[]"
"D Critical Item Final","[]"
"D Base Item Supplier Capacity Intermediate","[]"
"D Base Item Supplier Capacity","[]"
"D Base Item Shared Supplier Capacity Intermediate","[]"
"D BODLane Associations Intermediate","[]"
"D Purchase Requirement","['Purchase Requirements']"
"DIST WIP Sweep Priority","['WIP Sweep Priority']"
"Stats Forecast","[]"
"D Purchase Requirement Cumulative","['Cumulative Purchase Requirements']"
"Distribution Resource Consumed Quantity Per Outside Range Association","[]"
"Supplier Capacity Constraint Consumed Quantity Per","['Consumed Quantity Per']"
"D SS at No Carry Node Exceptions Count","[]"
"D STO Alert ETA Solver","[]"
"Flex2 Item Supplier Capacity Intermediate","[]"
"PROC Frozen Window By Item Location Supplier Override","['Override']"
"PROC Frozen Window By Supplier Location","['Frozen Window By Supplier(In Days)']"
"PROC Goods Receipt Time Intermediate","[]"
"Supplier Item Lead Time count","[]"
"Supplier Item Lead Time Override COC Change Association","[]"
"Supplier Item Lead Time Exception Count","[]"
"PR Soft Supply","[]"
"Flex1 Item Supplier Location TransMode Capacity By Day","[]"
"Flex1 Item Supplier Location TransMode Capacity By Day Intermediate","[]"
"D STO Alert Projected Inventory","['Inventory@Commit Date']"
"Flex1 Item Supplier Location TransMode Capacity By Week Intermediate","[]"
"Distribution LotSize Outside Range Association","[]"
"Supplier Resource Members","[]"
"Supplier Resource Group to Resource Association","[]"
"Supplier Resource Group Priority","[]"
"Supplier Master","[]"
"D STO Alert Projected Target Inventory","['Target Inventory@Commit Date']"
"D Activity Lead Time Standard Deviation","[]"
"Flex1 Item Supplier Location TransMode Capacity Intermediate","[]"
"D Safety Stock At No Carry Node Association","[]"
"Supplier Lead Time COC Change Association","[]"
"Flex1 Item Shared Supplier Capacity Intermediate","[]"
"Supplier Item Priority Exception Count","[]"
"Supplier WIP Sweep Priority","[]"
"Flex2 Item Shared Supplier Capacity By Day Intermediate","[]"
"PROC Resource TransMode Association","['Resource Association   ']"
"Distribution Lead Time Outside Range Association","[]"
"Backorders","[]"
"Flex2 Item Shared Supplier Capacity By Week Intermediate","[]"
"MFG Network Inputs For Cycle Plan By Day Number","[]"
"To Location Supplier Member Key","[]"
"To Location Supplier Member","[]"
"Total Existing PO Qty","[]"
"MFG Network Inputs For Cycle Plan Number","[]"
"D Supplier Activity Item Lead Time","[]"
"D Supplier Activity Item Lead Time Standard Deviation","[]"
"Capacity Consumption Holiday Intermediate By Day","[]"
"Capacity Consumption Holiday Intermediate","[]"
"D Supplier Item Activity End Date","[]"
"STO COC Change Association","[]"
"PROC Goods Receipt Time Standard Deviation Intermediate","[]"
"Broken Demand Node Association","[]"
"D Supplier Item Activity Start Date","[]"
"D WIP Material Production Quantity Agg","[]"
"MFG Resource Consumed Per Intermediate","[]"
"Base Item Supplier Location TransMode Capacity By Week Intermediate","[]"
"Base Item Supplier Location TransMode Capacity By Day Intermediate","[]"
"Base Item Supplier Location TransMode Capacity By Day","[]"
"Base Item Supplier Location TransMode Capacity","['Base Capacity', 'Weekly Base Capacity']"
"Base Item Supplier Capacity Intermediate","[]"
"D PO Recommendation Cumulative Override","['Cumulative Overrides']"
"MFG Resource Priority Intermediate","[]"
"PROC Resource TransMode Consumed Quantity Per","['Consumed Quantity Per  ']"
"Base Item Supplier Capacity By Day Intermediate","[]"
"Base Item Shared Supplier Capacity Intermediate","[]"
"Base Item Shared Supplier Capacity By Week Intermediate","[]"
"Base Item Shared Supplier Capacity By Day Intermediate","[]"
"Flex2 Item Shared Supplier Capacity Intermediate","[]"
"Base Item Supplier Location TransMode Capacity Intermediate","[]"
"Distribution Resource Consumed Per Not Defined Association","[]"
"BOM Start Date With Routing","[]"
"Flex2 Item Supplier Capacity By Day Intermediate","[]"
"Base Item Supplier Capacity By Week Intermediate","[]"
"VMI Trigger","[]"
"Flex2 Item Supplier Capacity By Week Intermediate","[]"
"PROC o9 Min Lot Size Intermediate","[]"
"PROC o9 Planned Delivery Time Intermediate","[]"
"BOM Routing Priority Not Defined Association","[]"
"D Upstream Infinite Material Nodes","[]"
"BOM Quantity Produced Per Not Defined Association","[]"
"D WIP Production Quantity Intermediate","[]"
"BOM Quantity Consume Per Not Defined Association","[]"
"BOM End Date With Routing","[]"
"D Where Used ProcLane Network Association","[]"
"BOM Consumed Item COC Change Association","[]"
"DIST Frozen Window By Item Location","['Frozen Window By Item Location']"
"D WIP Material Production Quantity Plan Output","[]"
"BODLane TransMode Lead Time COC Change Association","[]"
"BODLane To Location Members","[]"
"D WIP PROC Production Intermediate","[]"
"BODLane Item Priority Not Defined Association","[]"
"BODLane Item Lead Time COC Change Association","[]"
"D Where Used BOMs Network Association","[]"
"BODLane From Location Members","[]"
"BODLane Flex Capacity Band2 Intermediate","[]"
"W Activity Share","['Activity Share']"
"W Activity Lead Time Standard Deviation","[]"
"BODLane Start Date IL Final","[]"
"D Where Used Broken BODLane Association","[]"
"DIST Flex Loading Capacity Band1 Final","[]"
"DIST Flex Loading Capacity Band2 Final","[]"
"BOD Inbound Shared Resource Category Intermediate","[]"
"Routing End Date With BOM","[]"
"BODLane Lead Time Not Defined Association","[]"
"BODLane Flex Capacity Band2 Final","[]"
"BODLane Flex Capacity Band1 Intermediate","[]"
"BODLane Flex Capacity Band1 Final","[]"
"BODLane End Date IL Final","[]"
"BODLane Effectivity Outside Horizon Association","[]"
"NoSource Flag","[]"
"DIST Planned Delivery Time Standard Deviation IL Final","[]"
"BODLane Base Capacity Intermediate","[]"
"BODLane Base Capacity Final",""
"Flex2 Item Supplier Location TransMode Capacity By Day Intermediate","[]"
"Routing Item Lead Time COC Change Association","[]"
"Routing Item Lead Time Override COC Change Association","[]"
"Routing Start Date With BOM","[]"
"DIST Goods Receipt Time IL Final","['Goods Receipt Time IL Final']"
"Orders","[]"
"DIST Frozen Window By Item Location BODLane Override",""
"Flex2 Item Supplier Location TransMode Capacity By Week Intermediate","[]"
"Flex2 Item Supplier Location TransMode Capacity Intermediate","[]"
"Flow 1 Cat9 Region Reco Ratio Override","['Cat9 to Region Reco Ratio Override']"
"DIST Frozen Window by Item Location",""
"Flow 1 Cat9 Region Reco Ratio at Previous Year Validation","[]"
"Flow 1 Cat9 Region Remaining Target.83fd3f78-1ca6-4e5d-9c50-e8f6e8ef5a39",""
"DIST Frozen Window by Item Location BODLane Override","['Frozen Window by Item Location BODLane Override']"
"W Critical Item Flag Override Backup","[]"
"W Critical Item Flag Override","['MP Override']"
"W Critical Item Flag Backup","[]"
"W Critical Item Final","[]"
"W Consumption Holiday Intermediate","[]"
"W DIST Frozen Window at Item Location BODLane","[]"
"W Item Activity Supplier Priority Time Varying","[]"
"Flow 1 Cat9 Region Split Ratio","['Cat9 to Region Split Ratio']"
"DIST Frozen Window by Item Location Override",""
"Resource To Resource Group Association Intermediate","[]"
"BOD Inbound Item Resource Location Consumed Per Override","['Unloading Resource Consumed Per Override']"
"Resource Master","[]"
"DIST Planned Delivery Time Standard Deviation IL Override","[]"
"BBG Intermediate.3bab9261-17db-44ae-aff7-6a5a509caabe",""
"National to Region Split Ratio",""
"Assortment for Working Day","[]"
"D PO Recommendation Override","['Override Value']"
"PROC Resource TransMode Priority","[]"
"DIST Flex UnLoading Capacity Band1 Final","[]"
"Assortment For Region DC Split Reco Ratio Override","[]"
"Assortment For Pass Through Fcst REG","[]"
"DIST Flex UnLoading Capacity Band2 Final","[]"
"MFG Activity Share","['Activity Share']"
"Association for Item Region to Item DC Split","[]"
"D Netting Planning Horizon Association","[]"
"DIST Receiving Holiday","[]"
"W Distribution Resource Base Capacity Not Defined Association","['Distribution Resource Base Capacity Not Defined Association']"
"W Distribution Hanging Resource Node Association","['Distribution Hanging Resource Node Association']"
"DIST Goods Receipt Time Standard Deviation IL Final","[]"
"Assortment for Monthly Spread Split Ratio Adjustment","[]"
"DIST Goods Receipt Time Standard Deviation IL Override","[]"
"W Frozen Window Intermediate","['Frozen Window Intermediate']"
"DIST Receiving Holiday Intermediate","[]"
"DIST Include For MP IL","['Include For MP IL']"
"DIST Min Lot Size IL Final","['Min Lot Size IL Final']"
"Driver Target LC","[]"
"Actuals Intermediate Excess","[]"
"Actuals 12 Months Avg","[]"
"Item BODLane TransMode Lead Time Standard Deviation Override","[]"
"W Item Activity Share","['Item Activity Share']"
"W Manufacturing Hanging Resource Node Association","['Manufacturing Hanging Resource Node Association']"
"Final Routing Lead Time Standard Deviation","[]"
"GFR Date Range (In Months)","[]"
"Actual Receipts Value FR","[]"
"Actual Receipts Qty FR","[]"
"Actual Receipts NBD Value FR","[]"
"Actual Receipts NBD Qty FR","[]"
"Actual Quantity in Original UoM.0b246cc0-3853-4239-a8ef-58f813620355",""
"PrO Disable Upstream Capacity Consumption","[]"
"W Manufacturing Base Capacity Not Defined Association","['Manufacturing Base Capacity Not Defined Association']"
"MFG Frozen Window By Item Location Override","['Frozen Window By Item Location Override (in Days)']"
"PrO Disable Upstream Capacity Consumption Intermediate","[]"
"DIST Min Lot Size IL Override","['Override']"
"PrO Disable Upstream Material Consumption","[]"
"W ProcLane Shipping Holiday Supplier Location","[]"
"Final Routing Start Date","[]"
"Published Forecast SP SCS FR","['Demand Forecast Value']"
"DIST Planned Delivery Time IL Final","['Planned Delivery Time IL Final']"
"DIST Region TransMode Association Override","[]"
"Daily Base Item Supplier Capacity Intermediate","[]"
"W Netting Planning Horizon Association","[]"
"DONOTBUY Flag","[]"
"National Consolidated Demand at Month","[]"
"National GFR Quantity","[]"
"National Net Available (Expected Receipts)","[]"
"Item BODLane TransMode End Date External Input","[]"
"National OEM VAR Intransit","[]"
"Daily Base Item Supplier Location TransMode Capacity","[]"
"Item BODLane TransMode Lead Time Standard Deviation","[]"
"D Flex2 Item Supplier Capacity Intermediate","[]"
"Final Consider Supplier Effectivity For Planning Flag","['Consider Supplier Effectivity for Planning']"
"% Location Below Target Last Week",""
"AL KPI Actuals Cum Lag 2","['Cum Lag 2 Actuals']"
"MRP Priority","[]"
"AL KPI Abs Error Fcst Lag 3","['Lag 3 Forecast Error']"
"AL KPI Abs Error Fcst Lag 2","['Lag 2 Forecast Error']"
"AL KPI Abs Error Fcst Lag 1","['Lag 1 Forecast Error']"
"o9 Routing Lead Time Standard Deviation","[]"
"o9 Resource Location Association","['Resource Location Association']"
"o9 Resource Group To Resource Association","[]"
"o9 Resource Group Routing Association","[]"
"% SKU Below Target Last Week",""
"% SKU Below Target Last 4 Weeks",""
"L0 o9 C4 Weight Override","['o9 Weight Override']"
"YouTube Ad","[]"
"AL KPI CD Order Qty Month","['Total Order Qty']"
"AL KPI All Item Intersection","['All Item intersection']"
"AL KPI Cumulative Lag 3","['Cum Lag 3 Forecast']"
"AL KPI Abs Error Cum Fcst Lag 3","['Cum Lag 3 Forecast Absolute Error']"
"AL KPI Abs Error Cum Fcst Lag 2","['Cum Lag 2 Forecast Absolute Error']"
"AI Segmentation Observed Value","[]"
"AI Segmentation LC Target","[]"
"AI Segmentation Current Cycle Target","[]"
"AI Predict Feature Transform Value","[]"
"o9 BOM Component Start Date","['o9 Maintained Input']"
"o9 BOM Component End Date","['o9 Maintained Input']"
"o9 Adjusted PR Line Quantity","[]"
"mPower Volume",""
"L0 o9 C4 Shipment Date Override","['o9 Override']"
"L0 o9 C4 Distance Override","['o9 Override']"
"L0 System Mobile TKM","['System TKM']"
"o9 MFG Consumed Yield Static","['o9 Maintained Input']"
"Marketing Reach","[]"
"Material Demand Late Short Quantity",""
"MRP PLANNING CODE DESCR","[]"
"MRP PLANNING CODE","[]"
"MP Version Age Threshold","[]"
"MP Transaction Data Delivery Date Parameter","['Transactional Data Delivery Date']"
"MP Total Shipped Quantity",""
"MP Total Received Quantity",""
"MP Telescopic Weekly Buckets(In months)","[]"
"MP Telescopic Monthly Buckets(In months)","[]"
"MP Shipped Quantity",""
"MP Scenario Age Threshold","[]"
"MP Received Quantity",""
"Marketing Fcst Abs Error","[]"
"Manufacturer Association","[]"
"MSOH National",""
"Initial Build","[]"
"Marketing Medium","[]"
"Input Logistics Visibility","['Logistics Visibility']"
"Input Leaf/Grain","['Leaf/Grain']"
"Input File Name","['File Name']"
"Input File Format","['File Format']"
"Input File Delimiter","['File Delimiter']"
"Input Encryption","['Encryption']"
"Input Description","['Description']"
"Input Data Type","['Data Type']"
"Input DP","['DP']"
"Input Commercial Planning","['Commercial Planning']"
"Input Column Name","['Column Name']"
"Input Column Description","[]"
"Initiative TPR Details","[]"
"Marketing Fcst Bias","[]"
"Inc. Sales",""
"Master Stg Table Name","['Stg Table Name']"
"Initiative Spend","[]"
"Initiative Reach","[]"
"Initiative Rank",""
"Initiative Price","[]"
"Initiative Medium","[]"
"Initiative Feature Details","[]"
"Initiative Display Details","[]"
"Initiative Discount %","[]"
"Master Stg Column Name","['Stg Column Name']"
"Master Planning Scenario Limit","[]"
"Marketing Spend","[]"
"Material WIP RCA Quantity","[]"
"Material Production LC Plan",""
"Initiative Bundle Details","[]"
"Mobile Fuel Emission Factor","[]"
"Independence Date","[]"
"Material Production Actuals",""
"Material Node Priority Rule Plugin Output","[]"
"Material Node Priority Plugin Output Rules Used Description","[]"
"Material Node Priority Plugin Output Rules Used","[]"
"Material Node Priority Plugin Output Normalised","[]"
"Material Node Priority Plugin Output","[]"
"Material Node Build Ahead Limit","['Material Node Build Ahead Limit (in Days)']"
"Minimum Cluster Size","[]"
"Min Lot Size ",""
"Min Lot Size",""
"Include Opportunity (o9 says)","[]"
"Include Opportunity (Planner Override)","[]"
"Include In Performance Benchmark?","['Include In Performance Benchmark?']"
"Inc. Unit Sales",""
"Must Win Options","[]"
"Inc. NSV",""
"Inc Sales",""
"Inc NSV",""
"Member Deletion Flag","[]"
"Measures to be validated","[]"
"Measure Group Name KHUB","['Data Categories ']"
"Measure Data Table Name","[]"
"Monthly Received  Quantity",""
"Mode",""
"Mobile vs Scope 1 %",""
"Mobile TKM","[]"
"Mobile Fuel Emission Source Info MK","['Source Name']"
"Mobile Fuel Emission Source Info Customer","['Source Name']"
"Mobile Fuel Emission Factor MK","['Emission Factor']"
"Mobile Fuel Emission Factor Customer","['Emission Factor']"
"Naive Random Walk Model","[]"
"Mobile Fuel Consumption Classification","[]"
"Mobile Fuel Consumption","[]"
"Mitigation cost estimate","[]"
"Mitigation cost actual","[]"
"Monthly Total Shipped Quantity",""
"Monthly Total Received Quantity",""
"Inbound Shipment LC",""
"Inbound Inventory Handling Cost Per Unit","[]"
"InTransit Quantity Override","['InTransit Quantity Override']"
"InTransit Quantity Log","[]"
"InTransit Quantity Increment %","[]"
"InTransit Quantity Baseline","['InTransit Quantity Baseline']"
"InTransit Milestone Quantity","['Milestone Quantity']"
"InTransit Milestone Delivery Date","['Milestone Delivery Date']"
"Monthly Shipped Quantity",""
"IO Total Non-Zero Count (Forecast Error)","['Total Count (Non-Zero Forecast Error)']"
"Multi Buy","[]"
"Moving Average Non KIL","[]"
"Moving Average Model","[]"
"Moving Average Cat9","[]"
"InTransit Delivery Date Override","['InTransit Delivery Date Override', 'InTransit Delivery Date Override']"
"InTransit Delivery Date Log","[]"
"InTransit Delivery Date Baseline","['InTransit Delivery Date Baseline']"
"In Table Record Count","[]"
"In Table Name","[]"
"Importance","[]"
"Idle %",""
"ITEM LOC STATUS","[]"
"IO WMAPE Sensitivity Suggested Safety Stock","['WMAPE-SS']"
"IO Sum of Forecast Errors","['Sum of Forecast Errors']"
"IO Sum of Actuals","['Sum of Actuals']"
"IO Storage Fraction Consumed By Material Node","['Fraction of Storage Consumed']"
"NPI Horizon","[]"
"NOTE TO VENDOR","[]"
"NOT BEFORE DATE","[]"
"NNET Non KIL","[]"
"NNET Cat9","[]"
"NEW Demand Type","[]"
"NEW","[]"
"NEED BY DATE PO","['NEED BY DATE']"
"Need to Order (Y/N)",""
"National To Region Split Ratio","['National To Region Distribution Ratio']"
"IO WMAPE Sensitivity Suggested Reorder Point","['WMAPE-ROP']"
"IO WMAPE Sensitivity Suggested Cost","['WMAPE-Cost']"
"IO WMAPE LC","['WMAPE LC']"
"IO Underage Cost","['Underage Cost']"
"IO Total Storage Available For Material Nodes","['Maximum Available Storage']"
"IO Service Level Type","['Service Level Type']"
"IO Total Non-Zero Count (Actuals)","['Total Non-Zero Count (Actuals)']"
"IO Total Count (Forecast Error)","['Total Count (Forecast Error)']"
"IO Total Count (Actuals)","['Total Count (Actuals)']"
"IO Time Level WMAPE","['Time Level WMAPE']"
"Net REV Actual","[]"
"Net On Hand",""
"Net Invoice Actual","[]"
"IO Sum of Absolute Forecast Errors","['Sum of Absolute Forecast Errors']"
"IO Suggested Safety Stock Final","['Final Recommended Safety Stock', 'Final Recommended Safety Stock']"
"IO Suggested Safety Stock Attributed to Lead Time Variability","['Recommended Safety Stock Attributed to Lead Time Variability']"
"IO Suggested Safety Stock Attributed to Demand Variability","['Recommended Safety Stock Attributed to Demand Variability']"
"IO Suggested Reorder Point LC","['Suggested Reorder Point LC']"
"IO Suggested Lag","['Suggested Lag']"
"IO Suggested Activity To Be Removed","['Suggested Activity To Be Removed']"
"IO Storage Material Node Association","['Storage Material Node Association']"
"Netting Item Upward Levels","[]"
"IO Storage Consumed Per Unit","['Storage Consumed Per Unit']"
"IO Storage Consumed Fraction","['Storage Consumed Fraction']"
"IO Storage Consumed At Material Node Level","['Storage Consumed']"
"Netting Assortment Telescopic Bucket to Day","['Disaggregation rule from Telescopic Bucket to Day']"
"IO Storage Consumed","['Storage Consumed']"
"IO Storage Comparison Metric","['Storage Comparison Metric']"
"IO Storage Allocation Method","['Storage Allocation Method']"
"IO Standard Deviation Upper Threshold Limit Override","['Standard Deviation Upper Threshold Limit Override']"
"IO Standard Deviation Upper Threshold Limit","['Standard Deviation Upper Threshold Limit']"
"IO Standard Deviation Non-Zero (Forecast Error)","['Standard Deviation (Non-Zero Forecast Error)']"
"IO Standard Deviation Non-Zero (Actuals)","['Standard Deviation Non-Zero (Actuals)']"
"IO Standard Deviation Lower Threshold Limit Override","['Standard Deviation Lower Threshold Limit Override']"
"IO Standard Deviation Lower Threshold Limit","['Standard Deviation Lower Threshold Limit']"
"IO Standard Deviation (Forecast Error)","['Standard Deviation (Forecast Error)']"
"IO Standard Deviation (Actuals)","['Standard Deviation (Actuals)']"
"Netting Split - Override Global","[]"
"IO Service Level Target Reporting","['Target Service Level']"
"IO Service Level Target Override","['Service Level Override']"
"IO Service Level Target LC","['SL Target LC']"
"Netting Split - Override Brand Channel Time Varying","[]"
"Netting Split - Override Brand Channel","[]"
"Netting Split - Historical Item Customer Time Varying","[]"
"Netting Split - Historical Item Customer","[]"
"Netting Split - Historical Global Time Varying","[]"
"Netting Split - Historical Global","[]"
"Netting Split - Historical Brand Customer Time Varying","[]"
"Netting Split - Historical Brand Customer","[]"
"Netting Split - Historical Brand Channel Time Varying","[]"
"Netting Split - Historical Brand Channel","[]"
"Netting Sales Domain Upward Levels","[]"
"Netting Location Upward Levels","[]"
"Network DIST Parameter 11","[]"
"Netting Forward Buckets","[]"
"Netting Backward Buckets","[]"
"Netting Assortment Telescopic Bucket to Week","['Disaggregation rule from Telescopic Bucket to Week']"
"Netting Time Upward Levels","[]"
"Netting Split Intermediate Aggregated Time Varying.0aa57001-9809-4e01-b725-37ba2500a0b4",""
"Netting Split Intermediate Aggregated Time Varying","[]"
"Netting Split Brand Customer Time Varying.adf416e2-5d66-4a1f-9adb-dd378ec4c77d",""
"Netting Split Brand Customer Time Varying","[]"
"Netting Split Brand Channel Time Varying.62a7cc09-2674-4299-98ba-35f8ed56f06a",""
"Netting Split Brand Channel Time Varying Intermediate.8d79e111-1daa-45c5-b58e-9220d1fe3947",""
"Netting Split Brand Channel Time Varying Intermediate","[]"
"Netting Split Brand Channel Time Varying","[]"
"Netting Split - Override Item Customer Time Varying","[]"
"Netting Split - Override Item Customer","[]"
"Netting Split - Override Global Time Varying","[]"
"Network MFG Parameter 16","[]"
"Netting Split - Override Brand Customer Time Varying","[]"
"Netting Split - Override Brand Customer","[]"
"Network MFG Parameter 13","[]"
"Network MFG Parameter 12","[]"
"Network MFG Parameter 11","[]"
"Network MFG Parameter 10","[]"
"Network MFG Parameter 1","[]"
"Network DIST Parameter 9","[]"
"Network DIST Parameter 8","[]"
"Network DIST Parameter 7","[]"
"Network DIST Parameter 6","[]"
"Network DIST Parameter 5","[]"
"Network DIST Parameter 4","[]"
"Network DIST Parameter 3","[]"
"Network DIST Parameter 2","[]"
"Network PROC Parameter 4","[]"
"Network DIST Parameter 10","[]"
"Network DIST Parameter 1","[]"
"Network PROC Parameter 2","[]"
"Network PROC Parameter 11","[]"
"Network PROC Parameter 10","[]"
"Network PROC Parameter 1","[]"
"Network MFG Parameter 9","[]"
"Network MFG Parameter 8","[]"
"Network MFG Parameter 7","[]"
"Network MFG Parameter 6","[]"
"Network MFG Parameter 5","[]"
"Network MFG Parameter 4","[]"
"Network MFG Parameter 3","[]"
"Network MFG Parameter 2","[]"
"Network MFG Parameter 17","[]"
"OIO Discount Percentage","['Discount on Purchase Value (%)']"
"Network MFG Parameter 15","[]"
"Network MFG Parameter 14","[]"
"IO Sensitivity Storage Consumed At Material Node Level","[]"
"IO Sensitivity Safety Stock Calculation Remarks","['SS Calculation Remarks']"
"IO Sensitivity Safety Stock Calculation Errors","['SS Calculation Errors']"
"IO Sensitivity Expected Service Level","['Expected Service Level - Sensitivity']"
"No of Clusters","[]"
"Newspaper Ad","[]"
"New Base PTR",""
"New Base PTC",""
"Network PROC Parameter 9","[]"
"Network PROC Parameter 8","[]"
"Network PROC Parameter 7","[]"
"Network PROC Parameter 6","[]"
"Network PROC Parameter 5","[]"
"OIO Transportation Load Cut Offs Min","['Min Qualifying Transportation Load']"
"Network PROC Parameter 3","[]"
"OEH SOURCE DOCUMENT ID","[]"
"O9 Recommendation",""
"Num Like Items","[]"
"Normalization Method","[]"
"Non Value Added %",""
"Non KIL Segment","[]"
"IO Service Level Target At Customer Level User Input","['Target SL at Customer Level']"
"IO Service Level Sensitivity Suggested Safety Stock","['Service Level-SS']"
"IO Service Level Sensitivity Suggested Cost","['ServiceLevel-Cost']"
"IO Service Level Intermediate Grained","['Segment Service Level']"
"IO Sensitivity Total Storage Available For Material Nodes","[]"
"IO Sensitivity Suggested Safety Stock","['Suggested Safety Stock']"
"IO Sensitivity Suggested Reorder Point","['Suggested Reorder Point']"
"IO Sensitivity Storage Fraction Consumed By Material Node","[]"
"OIO Valid Transportation Load Types","['Valid Transportation Load Types']"
"OIO Cost Per Load","['Cost Per Load']"
"OIO Constrained Cost Optimal Order Interval","['Optimal Order Interval (Constrained)']"
"OHMD","[]"
"OH","[]"
"IO Sensitivity Attribute Step Multiple","['Attribute Step Multiple']"
"IO Segmentation Category","['Segmentation Category']"
"IO Safety Stock Qty Threshold","[]"
"IO Safety Stock Coverage Threshold","[]"
"IO Run Mode","['Inventory Optimization Run Mode']"
"IO Root Mean Squared Error Non-Zero","['Root Mean Squared Error Non-Zero']"
"IO Root Mean Squared Error","['Root Mean Squared Error']"
"IO Rolling Window Override","['Rolling Window Override']"
"IO Rolling Window","['Rolling Window']"
"IO Remaining Shelf Life Units Intermediate","['Remaining Shelf Life Units Int']"
"OEH SOURCE DOCUMENT LINE ID","[]"
"IO Outlier Identification Method Override","['Outlier Identification Method Override']"
"OIO Transportation Load Cut Offs Max","['Max Cut Off Per Unit Transportation Load']"
"OIO Transportation Load Consumed Per Unit","['Transportation Load Consumed Per Unit']"
"OIO Sourcing Splits By Suppliers","['Sourcing Split']"
"OIO Purchase Value Cut Off","['Purchase Value Cut Off']"
"OIO Purchase Quantity Cut Off","['Purchase Quantity Cut Off']"
"OIO Order Group Fixed Order Cost","['Fixed Order Cost']"
"OIO Order Group Association","['Order Group Association']"
"OIO Minimum Order Value Supplier Level","['Minimum Order Group Value']"
"OIO Minimum Order Value Item Level","['Minimum Order Value']"
"OIO Minimum Order Quantity Supplier Level","['Minimum Order Group Quantity']"
"OIO Minimum Order Quantity Item Level","['Minimum Order Quantity']"
"OIO Minimum Interval In Days","['Minimum Order Interval (Days)']"
"OIO Maximum Interval In Days","['Maximum Order Interval (Days)']"
"OIO Length Of Planning Horizon In Days","['Planning Horizon (Days)']"
"OIO Interval Increment In Days","['Interval Increment (Days)']"
"IO Planning End Bucket Historical for Last Run","['Historical - End Bucket for Last Run']"
"OIO Unit Purchase Cost","['Purchase Cost per Unit']"
"OIO Unconstrained Cost Optimal Order Interval","['Optimal Order Interval (Unconstrained)']"
"OIO Transportation Load Types","['Transportation Load Type']"
"IO Remaining Shelf Life Days","['Remaining Shelf Life Days']"
"IO Remaining Shelf Life Buckets","['Remaining Shelf Life Buckets']"
"IO Recommended Days of Cover Final","['Recommended Days of Cover Final']"
"IO Recommended Buckets of Cover Final","['Final Recommended Buckets of Cover', 'Final Recommended Buckets of Cover']"
"IO ROP Override Days","['ROP Override Days']"
"IO ROP Cost","['ROP Value']"
"IO Probability Distribution Override","['Probability Distribution Override']"
"IO Probability Distribution","['Probability Distribution']"
"IO Positive Tracking Signal Threshold Override","['Positive Tracking Signal Threshold Override']"
"IO Positive Tracking Signal Threshold","['Positive Tracking Signal Threshold']"
"IO Planning Start Bucket for Last Run","['Start Bucket for Last Run']"
"IO Planning Start Bucket Historical for Last Run","['Historical - Start Bucket for Last Run']"
"IO Min Safety Stock Days","['Min Safety Stock Input in Days']"
"OTIF %",""
"OSO SUB SOURCE","[]"
"OSO NUM","[]"
"OSO LINE","[]"
"ORG","[]"
"ORDER TYPE","[]"
"ORDER DROPPED DATE","[]"
"OPEN QTY PO","['OPEN QTY']"
"OPEN AMOUNT PO","['OPEN AMOUNT']"
"OPEN AMOUNT","['ORDER UOM OPEN AMOUNT']"
"OP Global",""
"IO Planning Start Bucket Historical","['Historical - Start Bucket']"
"IO Planning Start Bucket","['Start Bucket']"
"IO Planning Frequency","['Planning Frequency']"
"IO Planning End Bucket for Last Run","['End Bucket for Last Run']"
"IO Location Level WMAPE","['Location Level WMAPE']"
"IO Planning End Bucket Historical","['Historical - End Bucket']"
"IO Planning End Bucket","['End Bucket']"
"IO Periods To Consider For Demand Pattern","['Number of Historical Periods to Consider']"
"IO Perform Outlier Correction for Forecast Errors","['Perform Outlier Correction for Forecast Errors']"
"IO Perform Bias Correction for Historical Forecasts","['Perform Bias Correction for Historical Forecasts']"
"IO Override Comments","['Override Comments']"
"IO Overage Cost","['Overage Cost']"
"IO Outlier Treatment Method Override","['Outlier Treatment Method Override']"
"IO Outlier Treatment Method","['Outlier Treatment Method']"
"IO Outlier Corrected Intersections","['Outlier Corrected Intersections']"
"IO OnHand Quantity Cost","['OnHand Qty Value']"
"IO Network Data Source","['Network Data Source']"
"IO Negative Tracking Signal Threshold Override","['Negative Tracking Signal Threshold Override']"
"IO Negative Tracking Signal Threshold","['Negative Tracking Signal Threshold']"
"IO Min Safety Stock Units Final","['Min Safety Stock Units']"
"IO Item Level WMAPE","['Item Level WMAPE']"
"IO Min ROP Units Final","['Min ROP Units']"
"IO Min ROP Days","['Min ROP Input in Days']"
"IO Maximum WMAPE Value","['Maximum WMAPE Value']"
"IO Max Stock","['Max Stock']"
"IO Max Safety Stock Units Final","['Max Safety Stock Unit']"
"IO Max Safety Stock Days","['Max Safety Stock Input in Days']"
"IO Max ROP Units Final","['Max ROP Units']"
"IO Material Node Priority","['Material Node Priority']"
"IO Master Lag Forecast","['Master Lag Forecast']"
"IO MEIO WMAPE Last Run","['MEIO WMAPE Last Run']"
"IO MEIO Sensitivity Last Run","['MEIO Sensitivity Last Run']"
"IO MEIO Incremental Last Run","['MEIO Incremental Last Run']"
"IO MEIO ISLO Last Run","['MEIO ISLO Last Run']"
"IO MEIO ISLO Incremental Last Run","['MEIO ISLO Incremental Last Run']"
"IO MEIO Core Last Run","['MEIO Core Last Run']"
"On Time",""
"IO Lead Time Weightage for Safety Stock Override","[]"
"IO Lead Time Weightage for Safety Stock Final","['SS Coverage']"
"IO Lead Time Weightage for Safety Stock Default","[]"
"IO Lead Time Weightage for Safety Stock","[]"
"Off Invoice Discount",""
"IO Outlier Identification Method","['Outlier Identification Method']"
"IO Lead Time Variability Sensitivity Suggested Cost","['LeadTimeVariability-Cost']"
"IO Lead Time Variability Sensitivity Reorder Point","['Lead Time Variability-ROP']"
"IO Lead Time Demand Stats Calculation Method","['Lead Time Demand Stats Calculation Method']"
"IO Lag Selected","['Lag Considered']"
"IO Lag Override","['Lag Overrides']"
"IO Lag Forecast Type for WMAPE","['WMAPE Calculation Type']"
"IO Lag Forecast","['Lag Forecast']"
"IO Lag Calculated","['Lag']"
"IO Item Location Association","['Item Location Association']"
"Opportunity Probability","['Probability']"
"IO Inventory OnHand Quantity","['OnHand Quantity']"
"IO Intermittency Threshold","['Average Demand Interval Intermittency Threshold']"
"Offered Lead time",""
"IO Max ROP Days","['Max ROP Input in Days']"
"IO Material Nodes for Incremental MEIO Run","['Material Nodes for Incremental MEIO Run']"
"IO Material Node Segment","['Network Segment']"
"IO ISLO Service Level Inputs","['ISLO Service Level Override']"
"IO ISLO Optimized Service Levels LC","['Optimized Service Levels LC']"
"IO ISLO Optimized Service Levels","['Optimized Service Level']"
"IO ISLO Number of Passes","['Number of Passes']"
"IO ISLO Default Service Level","['Default Service Level']"
"Open Order Quantity","[]"
"Open Order Lateness (Avg Days)",""
"On Time Supportability",""
"On Time %",""
"Option Fcst LY","[]"
"IO Lead Time Variability Sensitivity Suggested Safety Stock","['Lead Time Variability-SS']"
"Opportunity Leasing Duration (in months)","['Leasing Duration (in months)']"
"Opportunity Created Date","['Created Date']"
"Operational Reason Code","[]"
"Open PO Qty History","['Open PO Qty']"
"IO Input Service Level","['Service Level']"
"IO Independent Historical Forecast","['Independent Historical Forecast']"
"IO Independent Future Forecast","['Independent Future Forecast']"
"IO ISLO Service Level Range Minimum Override","['Service Level Range Minimum Override']"
"IO ISLO Service Level Range Minimum","['Service Level Range Minimum']"
"IO ISLO Service Level Range Maximum Override","['Service Level Range Maximum Override']"
"IO ISLO Service Level Range Maximum","['Service Level Range Maximum']"
"IO ISLO Service Level Precision Override","['Service Level Precision Override']"
"IO ISLO Service Level Precision","['Service Level Precision']"
"Opportunity Requested Date","['Requested Date']"
"OrderlineID Delete Flag Override","[]"
"Opportunity Must Win","['Must Win']"
"Opportunity Modified Date","['Modified Date']"
"Opportunity Line Units Input","['Units']"
"Opportunity Line Stage Input LR","[]"
"Opportunity Line Stage Input","['Stage']"
"Opportunity Line Sales Type Input","['Sales Type']"
"Opportunity Line Revenue Input","['Revenue']"
"Opportunity Line Residual Value Input","['Residual Value']"
"Opportunity Line Requested Date Input","['Requested Date']"
"Opportunity Line Probability Input","['Probability']"
"Opportunity Line Must Win Input","['Must Win']"
"Opportunity Line Modified Date Input","['Modified Date']"
"Opportunity Line Leasing Duration Input (in months)","['Leasing Duration Input (in m']"
"Opportunity Line Created Date Input","['Created Date']"
"Option Fcst vs LC %","[]"
"Orders LY","[]"
"Option Fcst LC","[]"
"Option Fcst","[]"
"Opportunity Units","['Units']"
"IO Holding Cost","['Unit Holding Cost']"
"IO Historical Forecast","['Historical Forecast']"
"IO Historical Demand Forecast","['Historical Forecasted Demand']"
"IO Factor For Max Stock Item Location Override","['Factor For Max Stock Item Location Override']"
"IO Factor For Max Stock","['Factor For Max Stock']"
"IO EOQ Sensitivity Suggested Safety Stock","['EOQ-SS']"
"IO EOQ Sensitivity Suggested Cost","['EOQ-Cost']"
"Opportunity Stage","['Stage']"
"Opportunity Sales Type","['Sales Type']"
"Opportunity Revenue","['Revenue']"
"Opportunity Residual Value","['Residual Value']"
"IO Cutoff for Segmentation","['Cutoff for Segmentation']"
"IO Bias Corrected Intersections","['Bias Corrected Intersections']"
"OrderlineID Delete Flag Final","[]"
"OrderlineID Delete Flag","[]"
"Order of Deletion","[]"
"Order Volume Weighted Target",""
"Order Type OSO",""
"Order Cancelation Unit",""
"Option Fcst vs LY Gap %","[]"
"Option Fcst vs LY Gap","[]"
"Option Fcst vs LY Abs Gap","[]"
"Option Fcst vs LY %","[]"
"Option Fcst vs LC Gap %","[]"
"Option Fcst vs LC Gap","[]"
"Option Fcst vs LC Abs Gap","[]"
"Orders REV LY","[]"
"Orders REV","[]"
"ICM TRX QTY","[]"
"IO EOQ Sensitivity Reorder Point","['EOQ-ROP']"
"IO EOQ Override","['EOQ Override']"
"IO EOQ Cost","['EOQ Value']"
"IO EBO Calculation Method","['EBO Calculation Method']"
"IO Demand Standard Deviation Override","['Demand Standard Deviation Override']"
"IO Demand Sensitivity Suggested Safety Stock","['Future Forecast-SS']"
"IO Demand Sensitivity Suggested Cost","['Demand-Cost']"
"IO Demand Pattern Types","['Demand Pattern Type']"
"IO Demand Pattern","['Identified Demand Pattern']"
"IO Demand Magnitude Cut Offs","['Lead Time Demand Cut Offs']"
"IO Default WMAPE Value","['Default WMAPE Value']"
"IO Default Partial Fulfillment Factor Value","['Default PFF Value']"
"IO Default Lag","['Default Lag']"
"IO Calculate Additional Forecast Error Metrics","['Calculate Additional Forecast Error Metrics']"
"IO CV Squared Cut Offs","['CV-squared Cut Offs']"
"Outlook LY Contribution %","[]"
"IO Average Inventory Calculation Method","['Average Inv Calculation Method']"
"IO Average Demand Interval","['Calculated Average Demand Interval']"
"IO Aggregated Master Lag Forecast","['Aggregated Master Lag Forecast']"
"IO Aggregated Actual Shipments Historical","['Aggregated Actual Shipments Historical']"
"IO Activity Nodes Cycle Number","['Cycle Number']"
"IO Activity Nodes Causing Cyclicity","['Activities Causing Cyclicity']"
"IO Activity Lead Time at Material Node LC","['Lead Time LC']"
"Outbound Inventory Handling Cost Per Unit","[]"
"Out Table Record Count","[]"
"Out Table Name","[]"
"Out File Record Count","[]"
"Out File Name","[]"
"INSTALL LOC","[]"
"INSTALL DESC","[]"
"INSTALL CLLI","[]"
"Global Per User Limit",""
"Outlook GM % vs Target Gap","[]"
"Outlook GM % vs LY Gap","[]"
"Outlook GM % vs LC Gap","[]"
"Outlook GM % LC","[]"
"Outlook Downside Comment","[]"
"Outlook Downside","[]"
"Outlook Contribution to Parent %","[]"
"Outlook Contribution %","[]"
"IO Customer Order Lead Time","['Customer Order Lead Time']"
"IO Cumulative Lag Forecast Type","['Lag Forecast Type']"
"IO Consider Storage Constraints","['Consider Storage Constraints']"
"IO Consider Impact of EOQ on Safety Stock","['Consider Impact of EOQ on Safety Stock']"
"Heat vs Scope 2%",""
"Half Page","[]"
"Outlook LY Contribution to Parent %","[]"
"Growth Snaive Model","[]"
"ICM TRX AMOUNT","[]"
"ICM COST","[]"
"IBP Total Met On Time Quantity","['Total Met On Time Quantity']"
"IO Activity Lead Time at Material Node","['Lead Time (in Buckets)']"
"IO Activity Lead Time Standard Deviation LC","['Lead Time Variability LC (in Days)']"
"IO Activity Lead Time Standard Deviation","['Lead Time Variability (in Buckets)']"
"IO Activity Donot Consider Flag","['Activity Do Not Consider Flag']"
"IO Activities with No Production Node","['Activity with No Produced Node']"
"IO Activities with No Consumption Node","['Activity with No Consumed Node']"
"INSTALL ZIPCODE","[]"
"INSTALL STATE","[]"
"INSTALL LOC TYPE","[]"
"Goods Quantity",""
"Global Scenario Limit","[]"
"Global Scenario Age Threshold","[]"
"Output Mandatory","['Mandatory']"
"Gap From Target",""
"GSV",""
"IBP Demand Quantity","['Demand Quantity']"
"IBP Demand Fill Rate","['Demand Fill Rate']"
"Holiday Type","[]"
"History Trend Factor","[]"
"High Decline Threshold","[]"
"Fugitive Consumption Classification","['Classification']"
"GE","[]"
"GAP Last Week",""
"Outlook Upside Comment","[]"
"Outlook Upside","[]"
"HOLD UNTIL DATE","[]"
"HOLD COMMENT","[]"
"HEADER CANCEL FLAG","[]"
"Over Forecast Lag1 (Marketing Fcst)",""
"Growth AOA Model","[]"
"Free Mug","[]"
"Forecast Stream","[]"
"Forecast Storage Time Bucket","[]"
"Forecast Rule Non KIL","[]"
"Forecast Rule Cat9","[]"
"Forecast Rule","[]"
"Forecast Generation Time Bucket","[]"
"Full Page","[]"
"Fugitive vs Scope 1 %",""
"Fugitive Emission Source Info MK","['Source Name']"
"Fugitive Emission Source Info Customer","['Source Name']"
"Fugitive Emission Factor MK","['Emission Factor']"
"Fugitive Emission Factor Customer","['Emission Factor']"
"Fugitive Emission Factor","['Emission Factor']"
"Over Forecast Lag1 (Reference3 Fcst)",""
"Output MP","['MP']"
"Output MEIO","['MEIO']"
"Output Logistics Visibility","['Logistics Visibility']"
"Output LocalSync FilterCondition",""
"Output Leaf/Grain","['Leaf/Grain']"
"Output Filter","['Filter']"
"Output File Name","['File Name']"
"Output Fact Target","['Fact Target']"
"Output Data Type","['Data Type']"
"Output DP","['DP']"
"Output Commercial Planning","['Commercial Planning']"
"Output Column Name","['Column Name']"
"Output Cluster key","[]"
"Output Category","['Category']"
"Free T-shirt","[]"
"PO  Milestone ASN Delivery Date","[]"
"Over Forecast Lag1 (Consensus Fcst)",""
"Over Forecast",""
"Output Union","['Union']"
"Output Sync Direction","[]"
"Output Stg Table Name","['Stg Table Name']"
"Output Stg Table Column","['Stg Table Column']"
"Output Scheduling","['Scheduling']"
"Output Retail Replenishment","['Retail Replenishment']"
"Output Required For Integration","['Required For Integration']"
"Output Position","['Position']"
"Output Override Existing Measure Values","['Override Existing Measure Values']"
"Output OP","['OP']"
"Output Net Change Enabled","['NC Enabled']"
"Output Measure Name","[]"
"Output Measure Group","['Measure Group']"
"PO Commit Delivered Quantity Baseline","['PO Delivered Quantity Baseline']"
"Over Forecast Lag1 (Reference2 Fcst)",""
"Forecast Factor","[]"
"Forecast Consumption Priority","[]"
"Forecast Algorithm Non KIL","[]"
"Forecast Algorithm KIL","[]"
"Forecast Algorithm Cat9","[]"
"Forecast",""
"Flow 3 Region Item Split Ratio","['Region to Item Split Ratio']"
"Flow 3 Region Item Reco Ratio at Previous Year","[]"
"Over Forecast Lag1 (Reference1 Fcst)",""
"Over Forecast Lag1 (Published Fcst)",""
"PO ASN Delivery Date Scenario Final by EquipmentID","['ASN Delivery Date']"
"PO ASN Delivery Date Log","[]"
"PO ASN Delivery Date Baseline","[]"
"PO ASN Creation Date Log","[]"
"PO Commit Quantity Log","[]"
"PLNR","[]"
"PKG OALC SHIPMT","[]"
"PF Simulation Group","[]"
"PF Demand Override Prorated","[]"
"Override LC",""
"Over Forecast Lag1 (Stat Fcst L1)",""
"Over Forecast Lag1 (Sales Fcst)",""
"Flow 2 Item Region Split Ratio","['Item Region Split Ratio']"
"Flow 2 Item Region Reco Ratio Override","['Item Region Reco Ratio Override']"
"Flow 2 Item Region Final Forecast LC1 $ Value","['Final Forecast at Item Region level LC1 $ Value']"
"Flow 3 Region Item Reco Ratio Override","['Region to Item Reco Ratio Override']"
"Flow 3 Region Item Final Split Ratio Validation New","[]"
"Flow 3 Final Item Forecast LC1 $ Value","['Final Forecast at Item Region level LC $ Value']"
"PO Commit Delivery Status Log","[]"
"PO Commit Delivered Quantity Override","['PO Delivered Quantity Override']"
"PO Milestone ASN Delivery Quantity","[]"
"PO Commit Creation Date Log","[]"
"PO Commit Creation Date","['Commit Creation Date']"
"PO Commit Change Reason Log","[]"
"PO Commit Actual Delivery Date","['Commit Actual Delivery Date']"
"PO Commit ASN Delivery Date","['Commit ASN Delivery Date']"
"PO COMMENTS","[]"
"PO ASN Ship Date by EquipmentID","['ASN Ship Date']"
"PO ASN Ship Date Log","[]"
"PO ASN Quantity Log",""
"PO ASN Estimated Container Delivery Date by EquipmentID","['Container ETA']"
"PO ASN Delivery Quantity Log","[]"
"PO ASN Delivery Quantity Final by EquipmentID","['ASN Delivery Quantity']"
"PO ASN Delivery Quantity Baseline","[]"
"PO Committed Delivery Date Baseline","['PO Delivery Date Baseline']"
"PO Commit Status Log","[]"
"PO UNIT PRICE","['ORDER UOM PRICE']"
"PO Commit Quantity Final","[]"
"PO Commit Quantity Baseline","['PO Quantity Baseline']"
"Flow 2 Final Forecast","[]"
"Flow 1 TPE Item Reco Ratio at Previous Year","[]"
"Flow 1 TPE Item Final Split Ratio Validation New","[]"
"Flow 1 Region TPE Split Ratio","['Region to TPE Split Ratio']"
"Flow 1 Region TPE Reco Ratio Override","['Region to TPE Reco Ratio Override']"
"PO Commit Last Update Date Log","[]"
"PO Commit Last Update Date","['Commit Last Update Date']"
"PO HEADER ID","[]"
"PO HEADER CONTEXT","[]"
"Flow 1 Int Region TPE Final Forecast LC1","['Final Forecast at Region TPE level LC']"
"Flow 1 Final Item Forecast LC1 $ Value","['Final Forecast at Item Region level LC $ Value']"
"PO Committed Ship Date Log","[]"
"PO Committed Delivery Date Log","[]"
"PR NBD Cables","['PR NBD']"
"PO ML Predicted Arrival Date","['ML Predicted Arrival Date']"
"PO Line Detail Status Log","[]"
"PO Line Detail Status","['Status']"
"PO Line Detail Requested Ship Date Log","[]"
"PO Line Detail Requested Delivery Date Log","[]"
"PO Line Detail Request Change Reason Log","[]"
"PO Line Detail Quantity Log","[]"
"PO Line Detail Last Update Date Log","[]"
"PO Line Detail Last Update Date","['Last Update Date']"
"PO Line Detail Delivered Quantity Log","[]"
"PO Line Detail Creation Date Log","[]"
"PO Line Commit Quantity TG LC","[]"
"PO Line Commit Quantity TG","[]"
"PO Line Commit Open Quantity TG LC","[]"
"PO LINE ID PO","['PO LINE ID']"
"PROC ERP Lot Size Increment Intermediate","[]"
"PO TYPE","[]"
"PO REVISION NO","[]"
"PO QTY VALUE","['TOTAL PO AMOUNT']"
"PO QTY","['TOTAL PO QTY']"
"PO Price Per Unit","[]"
"PO Net Price per Unit","[]"
"PO Milestone Requested Delivery Date","[]"
"PO Milestone Request Quantity","[]"
"PO Milestone Request Last Update Date","[]"
"PO Milestone Commit Quantity","[]"
"PO Milestone Commit Last Update Date","[]"
"PO Milestone Commit Delivery Date","[]"
"PR SOURCE","[]"
"PR NO","[]"
"PR NBD Deleted Cables","['PR NBD']"
"PROMISED DATE","[]"
"PR LINE NO","[]"
"PR Comments Deleted Cables","['PR Comments']"
"PR Comments Cables","['PR Comments']"
"POSTPROCESSING LEAD TIME","[]"
"PRIMARY UOM PRICE","['PRIMARY PRICE']"
"PRIMARY OPEN AMOUNT","[]"
"PRIMARY LINE AMOUNT","[]"
"PREPROCESSING LEAD TIME","[]"
"PR Type Cables","[]"
"PR Type","[]"
"PROC Frozen Window By Item Location Supplier Location Intermediate",""
"PROC ERP Soft Lot Size ILS","[]"
"PROC ERP Min Lot Size Intermediate IL","[]"
"PROC ERP Min Lot Size Intermediate","[]"
"PROC ERP Min Lot Size ILS","['ERP Input']"
"Planner Adjustment History","['Planner Adjustment']"
"Flex Overload",""
"Flex Cost Band 2 Per Unit","[]"
"Flex Cost Band 1 Per Unit","[]"
"PROC Override Lead Time LC","[]"
"PROC Lot Size Increment Intermediate","[]"
"PROC Lead Time LC","[]"
"PROC Shared Resource Consumed Per",""
"Fixed Operating Cost","[]"
"PROC o9 Min Lot Size ILS","['o9 Maintained Input']"
"PROC o9 Lot Size Increment Intermediate","[]"
"PROCESSED FLAG","[]"
"Final PR Price Deleted Cables","['Final PR Price']"
"PROC o9 Soft Lot Size ILS Number","[]"
"PROC o9 Soft Lot Size ILS","[]"
"Parent Child Relation",""
"Planner Length of Series","[]"
"PROJECT NUMBER","[]"
"PROJECT NO","['PRJ']"
"Past Due SO Provisioning New","[]"
"Past Due SO Maintenance New","[]"
"Final Operation Step Association Input","[]"
"Final Like Item Selected",""
"Phase Out Threshold","[]"
"Phase Out History Period (in months)","[]"
"PercentileValue","['Value']"
"Final Item BOM Routing Priority","[]"
"Final Consensus Fcst Current Month","[]"
"Past Due SO Replenishment New","[]"
"Planner COV Segment","[]"
"Planner Bestfit Algorithm","[]"
"Planner Algorithm List","[]"
"Planning Item Intro Date LC","[]"
"Final Cannibalized Item Selected",""
"Final AR Forecast LC","[]"
"Planned Quantity per Week",""
"Planning Item Intro Date","[]"
"Planning Item Disc Date vs LC","[]"
"Planning Item Disc Date LC","[]"
"Planning Item Disc Date","[]"
"Planning Cycle Date","[]"
"Planning Cycle Activity","[]"
"Planning Active","[]"
"Planner Volume Segment","[]"
"Planner Trend","[]"
"Planner Stat Fcst L1","[]"
"Planner Seasonality","[]"
"Planner PLC","[]"
"PrO Milestone WIP Delivery Date","['Milestone WIP End Date']"
"Planner Intermittency","[]"
"PrO Detail Delivered Quantity Baseline","[]"
"PrO Detail Actual Start Date Log","[]"
"PrO Detail Actual Release Date Log","[]"
"PrO Detail Actual Finish Date Log","[]"
"FeatureImportance","[]"
"FeatureGranularity","[]"
"Feature Value Str","[]"
"Feature Value","[]"
"Feature Grain Remarks","[]"
"Feature Flag","[]"
"Feature","[]"
"Failure Root Cause","[]"
"Facebook Ad","[]"
"Planning Item Intro Date vs LC","[]"
"PrO Schedule Start Date","[]"
"PrO Detail Schedule Start Date Log",""
"PrO Detail Schedule Release Date Log",""
"PrO Detail Quantity Override","[]"
"PrO Detail Quantity Log","[]"
"PrO Detail Quantity Increment %","[]"
"PrO Detail Quantity Baseline","[]"
"FOS","[]"
"FIXED ORDER QUANTITY","[]"
"FIXED LEAD TIME","[]"
"PrO Detail Finish Date Override","[]"
"PrO Detail Finish Date Log","[]"
"PrO Detail Finish Date Baseline","[]"
"PrO Detail Delivered Quantity Override","[]"
"PrO Detail Delivered Quantity Log","[]"
"PrO Milestone WIP Operation Quantity","['Milestone WIP Operation Quantity']"
"Equivalent Demand Late Short Qty/Total Demand Late Short Qty",""
"PrO Milestone Schedule Finish Date","['Milestone Finish Date']"
"PrO Milestone Detail Quantity","['Milestone Detail Quantity']"
"PrO Disable Upstream Material and Capacity Consumption Flag","[]"
"Excluded Members","[]"
"Exclude from Planning Order","[]"
"Exclude from Netting Order","[]"
"Exchange Rate Input",""
"Excess Inventory Value",""
"PrO Detail Status Log","[]"
"PredictorName","[]"
"PrO WIP Operation Quantity Log","[]"
"PrO WIP Operation Quantity Increment %","[]"
"PrO WIP Operation Quantity  Baseline","['PrO WIP Operation Quantity Baseline']"
"PrO WIP Delivery Date Log","[]"
"PrO Schedule Status","[]"
"Process vs Scope 1 %",""
"Estimated Container Delivery Date STO Override","['Estimated Container Delivery Date Override']"
"Estimated Container Delivery Date STO","['Estimated Container Delivery Date']"
"Estimated Container Delivery Date PO Override","['Estimated Container Delivery Date Override']"
"PrO Schedule Quantity","[]"
"PrO Schedule Open Quantity TG","[]"
"PrO Schedule Finish Date","[]"
"PrO Schedule Actual Start Date","[]"
"PrO Schedule Actual Finish Date","[]"
"Priority Group Description","[]"
"Price Override WTG","['Price Override']"
"Price Override Deleted Cables","['Price Override']"
"Preventive Action","[]"
"Estimated Container Delivery Date PO","['Estimated Container Delivery Date']"
"Error Type","[]"
"Error Metric","[]"
"Product Build Late Input","[]"
"Entropy L1","[]"
"Ending Onhand","[]"
"End Date Intermediate",""
"End Date",""
"ETS Non KIL","[]"
"ETS Model","[]"
"ETS Cat9","[]"
"Process End Date LY","[]"
"Process End Date LC","[]"
"Process End Date","[]"
"Process Duration","[]"
"Process Active?","[]"
"ProcLane Start Date Intermediate","[]"
"ProcLane End Date Intermediate","[]"
"Probability Threshold","[]"
"ERP MFG Produced Yield Static","['ERP Input']"
"Process Start Date LY","[]"
"Process Start Date LC","[]"
"Process Start Date","[]"
"ERP Routing Lead Time Standard Deviation","[]"
"Electricity vs Scope 2%",""
"Effective to Date","[]"
"Effective from Date","[]"
"Early %",""
"Early",""
"EXTENDED PRICE","[]"
"EXPENDITURE TYPE","[]"
"EXPENDITURE ORG","[]"
"Product Group Build Ahead Input","[]"
"Product Customer Segment","[]"
"Product Customer L1 Segment","[]"
"Prophet Model","[]"
"Product Build Ahead Input","[]"
"Product","[]"
"Produced Yield Time Varying",""
"Produced Yield Static",""
"Procurement Lead time",""
"Procurement Lead Time Override",""
"Promo PTC",""
"Promo Distribution Coverage","[]"
"Production Plan",""
"Product Weight","[]"
"ERP MFG Consumed Yield Static","['ERP Input']"
"ERP Resource Group To Resource Association","['ERP Input']"
"ERP Resource Group Routing Association","['ERP Input']"
"ERP Resource Group Priority","['ERP Input']"
"ERP Resource Group Location Association","['ERP Input']"
"Demand Parameter 9","[]"
"Product Segment","[]"
"Product Option Association",""
"Product Life cycle Non KIL","[]"
"Product Life cycle Cat9","[]"
"Product Life cycle","[]"
"Product Group Build Late Input","[]"
"Distortion","[]"
"Display","[]"
"Prophet Non KIL","[]"
"ERP BOM Component Start Date","['ERP Input']"
"ERP BOM Component End Date","['ERP Input']"
"EOL Horizon","[]"
"Dummy Demand Quantity-R Output.aa5c3c05-71e2-4dd9-a3ad-0e41799f6190",""
"Dummy Demand Quantity-R Output","[]"
"Driver Importance","[]"
"Published Forecast L1C","[]"
"Prophet Cat9","[]"
"Promotional Price","[]"
"Promo Product Customer Association","[]"
"Promo PTR",""
"Difference",""
"Deployment Plan End Bucket","[]"
"Dependent Demand - Rebalance",""
"Density","[]"
"Discount & Allowance Actual","[]"
"Discount %","[]"
"Disaggregated Stat Fcst at Item","[]"
"Downtimes Capacity",""
"Downstream Transport vs Scope 3 %",""
"DistortionValue","['Optimal Number of Clusters']"
"Demand Pattern","[]"
"Published Forecast L3C","[]"
"Demand Parameter 8","[]"
"Demand Parameter 7","[]"
"Demand Parameter 6","[]"
"Published Fcst Bias","[]"
"Published Fcst Abs Error","[]"
"Published Demand Forecast.80c3380d-b368-4eee-b8b3-b1f6f7a185b9",""
"Direct PO (6 Month Avg)","[]"
"Direct PO (3 Month Avg)","[]"
"Dimension Name Object","[]"
"Dimension Data Table Name","[]"
"Dimension Attribute Object","[]"
"Dimension Alias Description","['Alias Description']"
"Difference Material Prouduction",""
"Difference Material Production",""
"Demand Intermediate","[]"
"Demand Attribute3 Mapping","[]"
"Published Forecast L12C","[]"
"Published Forecast L11C","[]"
"Published Forecast L10C","[]"
"Published Forecast Current Month","[]"
"Demand Realization Perc Threshold Upper","[]"
"Demand Realization Perc Threshold Lower","[]"
"Demand Quantity",""
"Demand Priority Group Sequence","['Group Sequence Number']"
"Demand Planning Scenario Limit","[]"
"Demand Pattern Non KIL","[]"
"Demand Pattern Cat9","[]"
"Published Forecast L7C","[]"
"Published Forecast L6C","[]"
"Published Forecast L5C","[]"
"Published Forecast L4C","[]"
"Deleted By Cables","['Deleted By']"
"Published Forecast L2C","[]"
"Demand Parameter 5","[]"
"Demand Parameter 4","[]"
"Demand Parameter 3","[]"
"Demand Parameter 2","[]"
"Demand Parameter 10","[]"
"Demand Parameter 1","[]"
"Demand Netting Item Customer Intermediate","[]"
"Demand Late Short Revenue Impact Event",""
"Demand Late Short Quantity Event",""
"Purchase Amount Cables","['Purchase Amount']"
"Demand Fulfillment - Rebalance",""
"Demand Forecast Value",""
"Demand Forecast Qty(MRP Published Forecast)",""
"Demand Forecast Qty",""
"RGM % Volume Lift","['% Volume Lift']"
"Demand Attribute2 Validation","[]"
"Demand Attribute2 Mapping","[]"
"Demand Attribute1 Validation","[]"
"Demand Attribute1 Mapping","[]"
"Purchase (6 Month Avg)","['Actual PO Quantity (6 Month Avg)']"
"Purchase (3 Month Avg)","['Actual PO Quantity (3 Month Avg)']"
"Published Forecast L9C","[]"
"Published Forecast L8C","[]"
"Default Demand ID","[]"
"Decline Threshold","[]"
"Dark2DC Total Supply","[]"
"Dark2DC Total Demand","[]"
"Deleted Time VMI","['Deleted Time']"
"Deleted Time Stamp Cables","['Deleted Time Stamp']"
"Deleted By VMI","['Deleted By']"
"RGM AvgTemperature","['AvgTemp', 'AvgTemp']"
"Delete Obsolete Members Deletion Limit","[]"
"Purchase History","['Actual PO Quantity']"
"Purchase Amount Deleted Cables","['Purchase Amount']"
"Dark2DC Priority","[]"
"Dark2DC Min Level","[]"
"Dark2DC Max Level","[]"
"Dark2DC Average Demand","[]"
"Daily Target Inventory from MEIO","['Target Inventory from MEIO']"
"Daily Target Inventory Override","['Target Inventory Override']"
"Qty to Ship History","['Qty to Ship']"
"RGM Any Promo Value Sales","['Any Promo Value Sales', 'Any Promo Value Sales']"
"RGM Any Promo Unit Sales","['Any Promo Unit Sales', 'Any Promo Unit Sales']"
"RGM Actual Sales","['Actual Sales']"
"RGM Actual","['Actual', 'Actual']"
"RGM %ACV Threshold","['Minimum %ACV Threshold (in %)', '%ACV Threshold (in %)']"
"RGM CPG Value Sold On Promo %","['Own Brands']"
"REQ PREPARER","[]"
"REQ ITEM","[]"
"REEL TYPE","[]"
"RECORD ID(ALLOCATION HOLD)","['STGTBL_RECORD_ID']"
"RECID","[]"
"RECEIVED REEL LENGTH","[]"
"Quantity Max Target from MEIO","['Max Target Inventory from MEIO']"
"Quantity Max Target","['Max Target Inventory Override']"
"RGM CP Planned Original Estimated CMA","['CMA']"
"RGM CP Planned Original End Date","['End Date']"
"RGM Billing REV","['Billing REV', 'Billing REV']"
"RGM Base Sales NSV","['Base Sales NSV']"
"RGM Base PTR","['Base PTR']"
"RGM Base PTC","['Base PTC']"
"RGM AvgTemperatureForecast","['AvgTempFC', 'AvgTempFC']"
"RGM Estimated Cannibalized Sales","['Estimated Cannibalized Sales']"
"RGM Avg Retailer Margin","['Avg Ret Mar']"
"RGM Avg PTR",""
"RGM Avg PTC",""
"RGM Avg Net Incremental NSV","['Avg Net Inc NSV']"
"RGM Avg Net Incremental Margin","['Avg Net Inc CMA']"
"RGM As Is User Override","['User Override']"
"RGM As Is User Action","['User Action']"
"RGM As Is Recommendation","['Recommendation']"
"RGM ConsumerInflationIndex","['Consumer Inflation Index']"
"RGM ConsumerEconomicIndex","['Consumer Economic Index']"
"RGM ConsumerConfidenceIndex","['Consumer Confidence Index']"
"RGM Competitor Value Sold On Promo %","['Competitor Brands']"
"RGM Competitor Promo Week Frequency","['Competitor Brands']"
"RGM Competitor Promo Depth","['Competitor Brands']"
"RGM Cannibalization NSV Loss","['Cannibalization NSV Loss']"
"Daily Planning Scenario Limit","[]"
"RGM CPG Promo Week Frequency","['Own Brands']"
"RGM CPG Promo Depth","['Own Brands']"
"RGM CP Planned Original Start Date","['Start Date']"
"RGM CP Planned Original RnO","['RnO']"
"RGM CP Planned Original Incremental Unit Sales","['Inc. Unit Sales']"
"RGM CP Planned Original Include Initiative","['Include in Plan']"
"RGM CP Planned Original Estimated Total Trade Spend","['Total Trade Spend']"
"RGM CP Planned Original Estimated Net Sales Value","['NSV']"
"Daily Max Stock BoS from MEIO","['DOS Max Target from MEIO']"
"RGM Feat & Disp Units","['Feat & Disp Units', 'Feat & Disp Units']"
"RGM External Data","['External Data']"
"RGM Estimated Stockpiled Sales","['Estimated Stockpiled Sales']"
"RGM Estimated Sales","['Estimated Sales']"
"RGM Estimated Net Sales Value","['Estimated NSV']"
"RGM Estimated Halo Sales","['Estimated Halo Sales']"
"RGM IF Planned Category L5","['Category L5']"
"RGM Estimated Baseline Sales","['Estimated Baseline Sales']"
"RGM Disp w/o Feat Units","['Disp w/o Feat Units', 'Disp w/o Feat Units']"
"RGM Discount Pct Threshold","['% Discount Threshold']"
"RGM IF Planned Category L1","['Category L1']"
"RGM IF Planned Budget L8","['Initiative Budget']"
"RGM Holidays","['Holiday']"
"RGM Historical Years","['Historical Years']"
"RGM Halo NSV Gained","['Halo NSV Gain']"
"RGM GrocerynPharmacy","['Grocery & Pharmacy (% chg from yr ago)']"
"RGM Fixed COGS","[]"
"RGM Feat w/o Disp Units","['Feat w/o Disp Units', 'Feat w/o Disp Units']"
"Daily Re-Order Point Quantity from MEIO","['Re-Order Point Quantity from MEIO']"
"Daily Re-Order Point Quantity Override","['Re-Order Point Quantity Override']"
"Daily Re-Order Point Bos Override","['DOS Re-Order Point Override']"
"Daily Re-Order Point BoS from MEIO","['DOS Re-Order Point from MEIO']"
"RGM IF Planned Customer Scope UI L5","['Customer Scope L5']"
"Daily Max Stock Quantity from MEIO","['Max Target Inventory from MEIO']"
"Daily Max Stock Quantity Override","['Max Target Inventory Override']"
"Daily Max Stock Bos Override","['DOS Max Target Override']"
"RGM IF Planned Customer Scope UI L1","['Customer Scope L1']"
"RGM IF Planned Customer Scope L8","['Customer Scope L8']"
"RGM IF Planned Customer Level UI L8","['Initiative Customer Level']"
"RGM IF Planned Customer Level UI L7","['Customer Level L7']"
"RGM IF Planned Customer Level UI L6","['Customer Level L6']"
"RGM IF Planned Customer Level UI L5","['Customer Level L5']"
"RGM IF Planned Customer Level UI L4","['Customer Level L4']"
"RGM IF Planned Customer Level UI L3","['Customer Level L3']"
"RGM IF Planned Customer Level UI L2","['Customer Level L2']"
"RGM IF Planned Customer Level UI L1","['Customer Level L1']"
"RGM IF Planned Category L7","['Category L7']"
"RGM IF Planned Category L6","['Category L6']"
"RGM IF Planned Item Level UI L6","['Item Level L6']"
"RGM IF Planned Category L4","['Category L4']"
"RGM IF Planned Category L3","['Category L3']"
"RGM IF Planned Category L2","['Category L2']"
"RGM IF Planned Item Level UI L2","['Item Level L2']"
"RGM IF Planned Item Level UI L1","['Item Level L1']"
"RGM IF Planned End Date L7","['End Date L7']"
"RGM IF Planned End Date L6","['End Date L6']"
"RGM IF Planned End Date L5","['End Date L5']"
"RGM IF Planned End Date L4","['End Date L4']"
"RGM IF Planned End Date L3","['End Date L3']"
"RGM IF Planned End Date L2","['End Date L2']"
"RGM IF Planned End Date L1","['End Date L1']"
"RGM IF Planned Customer Scope UI L8","['Initiative Customer Scope']"
"RGM IF Planned Customer Scope UI L7","['Customer Scope L7']"
"RGM IF Planned Customer Scope UI L6","['Customer Scope L6']"
"RGM IF Planned Location Level UI L5","['Location Level L5']"
"RGM IF Planned Customer Scope UI L4","['Customer Scope L4']"
"RGM IF Planned Customer Scope UI L3","['Customer Scope L3']"
"RGM IF Planned Customer Scope UI L2","['Customer Scope L2']"
"RGM IF Planned Location Level UI L1","['Location Level L1']"
"RGM IF Planned Item Scope UI L8","['Initiative Item Scope']"
"RGM IF Planned Item Scope UI L7","['Item Scope L7']"
"RGM IF Planned Item Scope UI L6","['Item Scope L6']"
"RGM IF Planned Item Scope UI L5","['Item Scope L5']"
"RGM IF Planned Item Scope UI L4","['Item Scope L4']"
"RGM IF Planned Item Scope UI L3","['Item Scope L3']"
"RGM IF Planned Item Scope UI L2","['Item Scope L2']"
"RGM IF Planned Item Scope UI L1","['Item Scope L1']"
"RGM IF Planned Item Scope L8","['Item Scope L8']"
"RGM IF Planned Item Level UI L8","['Initiative Item Level']"
"RGM IF Planned Item Level UI L7","['Item Level L7']"
"RGM IF Planned Objective L4","['Objective L4']"
"RGM IF Planned Item Level UI L5","['Item Level L5']"
"RGM IF Planned Item Level UI L4","['Item Level L4']"
"RGM IF Planned Item Level UI L3","['Item Level L3']"
"RGM IF Planned Location Scope UI L8","['Initiative Location Scope']"
"RGM IF Planned Location Scope UI L7","['Location Scope L7']"
"RGM IF Planned Location Scope UI L6","['Location Scope L6']"
"RGM IF Planned Location Scope UI L5","['Location Scope L5']"
"RGM IF Planned Location Scope UI L4","['Location Scope L4']"
"RGM IF Planned Location Scope UI L3","['Location Scope L3']"
"RGM IF Planned Location Scope UI L2","['Location Scope L2']"
"RGM IF Planned Location Scope UI L1","['Location Scope L1']"
"RGM IF Planned Location Scope L8","['Location Scope L8']"
"RGM IF Planned Location Level UI L8","['Initiative Location Level']"
"RGM IF Planned Location Level UI L7","['Location Level L7']"
"RGM IF Planned Location Level UI L6","['Location Level L6']"
"RGM Initiative Lumpsum Placeholder 2","['Lumpsum Placeholder 2']"
"RGM IF Planned Location Level UI L4","['Location Level L4']"
"RGM IF Planned Location Level UI L3","['Location Level L3']"
"RGM IF Planned Location Level UI L2","['Location Level L2']"
"RGM Inc. Retailer Margin","['Inc. Retailer Margin']"
"RGM Inc. Profit Pool","['Inc. Profit Pool']"
"RGM IF Planned Start Date L7","['Start Date L7']"
"RGM IF Planned Start Date L6","['Start Date L6']"
"RGM IF Planned Start Date L5","['Start Date L5']"
"RGM IF Planned Start Date L4","['Start Date L4']"
"RGM IF Planned Start Date L3","['Start Date L3']"
"RGM IF Planned Start Date L2","['Start Date L2']"
"RGM IF Planned Start Date L1","['Start Date L1', 'Start Date L1']"
"RGM IF Planned Objective L7","['Objective L7']"
"RGM IF Planned Objective L6","['Objective L6']"
"RGM IF Planned Objective L5","['Objective L5']"
"RGM Initiative Week Planned Display Type","['Display Type']"
"RGM IF Planned Objective L3","['Objective L3']"
"RGM IF Planned Objective L2","['Objective L2']"
"RGM IF Planned Objective L1","['Objective L1']"
"RGM Initiative Planned Mechanic","['Initiative Mechanic']"
"RGM Initiative Planned Lumpsum Placeholder 4","['Lumpsum Placeholder 4']"
"RGM Initiative Planned Lumpsum Placeholder 3","['Lumpsum Placeholder 3']"
"RGM Initiative Planned Lumpsum Placeholder 2","['Lumpsum Placeholder 2']"
"RGM Initiative Planned Lumpsum Placeholder 1","['Lumpsum Placeholder 1']"
"RGM Initiative Planned Base PTR Per Case","['Base PTR Per Case']"
"RGM Initiative Planned Base PTC Per Unit","['Base PTC Per Unit']"
"RGM Initiative Planned %ACV","['%ACV']"
"RGM Initiative Off Invoice Discount","['Initiative Off Invoice TPR']"
"RGM Initiative Mechanic","['Initiative Mechanic', 'Initiative Mechanic']"
"RGM Initiative Lumpsum Placeholder 4","['Lumpsum Placeholder 4']"
"RGM Initiative Lumpsum Placeholder 3","['Lumpsum Placeholder 3']"
"RGM Model Run Type","['Model Run Type']"
"RGM Initiative Lumpsum Placeholder 1","['Lumpsum Placeholder 1']"
"RGM Initiative Base PTR Per Case","['Base PTR Per Case']"
"RGM Initiative Base PTC Per Unit","['Base PTC', 'Base PTC', 'Base PTC']"
"RGM Initiative Planned Promo PTC Per Unit","['Promo PTC Per Unit']"
"RGM Initiative Planned Promo %ACV","['Promo %ACV']"
"RGM Initiative Planned Off Invoice Discount","['Planned Off Invoice Discount']"
"Daily Capacity Fence at Location","['Operational Capacity Fence at Location (in days)']"
"Daily BoS Target from MEIO","['DOS Target Inventory from MEIO']"
"Daily BoS Target Override","['DOS Target Inventory Override']"
"RGM Initiative Week Planned Sellout End Date","['Sellout End Date']"
"RGM Initiative Week Planned Promo PTC Per Unit","['Promo PTC Per Unit']"
"RGM Initiative Week Planned Promo Mechanic","['Promo Mechanic']"
"RGM Initiative Week Planned Promo Discount","['Promo Discount']"
"RGM Initiative Week Planned Promo %ACV","['Promo %ACV']"
"RGM Initiative Week Planned Effective Discount","['Effective Discount']"
"RGM Planned Sellin End Date","['Sellin End Date']"
"RGM Initiative Week Planned Base PTC Per Unit","['Base PTC Per Unit']"
"RGM Initiative Week Planned %ACV","['%ACV']"
"RGM Initiative TPR Base Selection","['TPR Base Selection']"
"RGM Initiative Retrospective Discount","['Retrospective Discount']"
"RGM Initiative Promo PTR Per Case","['Promo PTR Per Case']"
"RGM Initiative Promo PTC Per Unit","['Promo PTC', 'Promo PTC']"
"RGM Initiative Planned TPR Base Selection","['TPR Base Selection']"
"RGM Initiative Planned Retrospective Discount","['Planned Retrospective Discount']"
"RGM Initiative Planned Promo PTR Per Case","['Promo PTR Per Case']"
"RGM Pantry Decay Rate","['Pantry Decay Rate']"
"RGM PG Week Count","['Week Count']"
"RGM Optimization Metric","['Optimization Metric']"
"RGM Net Profit Pool","['Net Profit Pool']"
"RGM Negative Correlation Threshold For Cannibalization","['Negative Correlation Threshold For Cannibalization']"
"RGM NSV Payback","['NSV Payback']"
"RGM Promo Calendar Estimated Halo Unit Sales",""
"RGM MinTemperatureForecast","['MinTempFC', 'MinTempFC']"
"RGM MinTemperature","['MinTemp', 'MinTemp']"
"RGM Maximum Discount Threshold","['Maximum Discount Threshold For Promo (in %)', 'Maximum Discount Threshold For Promo (in %)']"
"RGM MaxTemperatureForecast","['MaxTempFC', 'MaxTempFC']"
"RGM MaxTemperature","['MaxTemp', 'MaxTemp']"
"RGM ML Algorithms","['ML Algorithms']"
"RGM List Price","[]"
"RGM Learning Rate","['Learning Rate']"
"RGM Initiative Week Planned Sellout Start Date","['Sellout Start Date']"
"RGM Precipitation","['Precip', 'Precip']"
"RGM Power Date","['Power Date']"
"RGM Positive Correlation Threshold For Halo","['Positive Correlation Threshold For Halo']"
"RGM Planned Sellout Start Date","['Sellout Start Date']"
"RGM Planned Sellout End Date","['Sellout End Date']"
"RGM Planned Sellin Start Date","['Sellin Start Date']"
"RGM Promo Calendar Estimated Stockpiling CMA Loss",""
"RGM Planned Secondary Display","['Secondary Display']"
"RGM Planned Promo Discount","['Promo Discount']"
"RGM Planned Promo Calendar Estimated Unit Sales",""
"RGM Planned Promo Calendar Estimated Stockpiled Unit Sales",""
"RGM Planned Promo Calendar Estimated Halo Unit Sales",""
"RGM Planned Promo Calendar Estimated Cannibalized Unit Sales",""
"RGM Planned Promo Calendar Estimated Baseline Unit Sales",""
"RGM Percentage Change In Amplitude","['Percentage Change In Amplitude']"
"RGM Parks","['Parks (% chg from yr ago)']"
"DSOH Bucket ($$ Shipped)","[]"
"DSOH (Loaded Demand $$) Agg","[]"
"DSOH (Loaded Demand $$)","[]"
"DSOH (AVG of $$ Shpd and Dmd $$) Agg","[]"
"DSOH (AVG of $$ Shpd and Dmd $$)","[]"
"DSOH ($$ Shipped) Agg","[]"
"RGM Residual Sales","['Residual Sales']"
"RGM Promo Calendar Estimated Halo NSV Gain",""
"RGM Promo Calendar Estimated Halo CMA Gain",""
"RGM Promo Calendar Estimated Cannibalized Unit Sales",""
"RGM Promo Calendar Estimated Cannibalization NSV Loss",""
"RGM Promo Calendar Estimated Cannibalization CMA Loss",""
"RGM Private Label Value Sold On Promo %","['Private Label']"
"RGM Private Label Promo Week Frequency","['Private Label']"
"RGM Private Label Promo Depth","['Private Label']"
"RGM PrecipitationForecast","['PrecipFC', 'PrecipFC']"
"RGM Promo Simulation Data Points","['Promo Simulation Data Points']"
"RGM Promo Simulation Coefficient",""
"RGM Promo Simulation Adjusted R-Square","['Promo Simulation Adjusted R-Square']"
"RGM Promo Discount Threshold","['Minimum Discount Threshold For Promo (in %)', 'Minimum Discount Threshold For Promo (in %)']"
"RGM Promo Discount","['Promo Discount']"
"RGM Promo Calendar Estimated Stockpiling NSV Loss",""
"RGM URUnderSchooledSA","['URUnderSchooledSA']"
"RGM Promo Calendar Estimated Stockpiled Unit Sales",""
"DSOH Bucket (Loaded Demand $$) Agg","[]"
"DSOH Bucket (Loaded Demand $$)","[]"
"DSOH Bucket (AVG of $$ Shpd and Dmd $$) Agg","[]"
"DSOH Bucket (AVG of $$ Shpd and Dmd $$)","[]"
"DSOH Bucket ($$ Shipped) Agg","[]"
"RGM TDP","['TDP', 'TDP']"
"RGM Stockpiling NSV Loss","['Stockpiling NSV Loss']"
"RGM Sellin Start Date","['Sellin Start Date', 'Sellin Start Date']"
"RGM Sellin End Date","['Sellin End Date', 'Sellin End Date']"
"RGM Secondary Display","['Initiative Secondary Display', 'Initiative Secondary Display']"
"RGM Seasonality Years","['Seasonality Years']"
"RGM Seasonality Time Bucket","['Seasonality Time Bucket']"
"RGM Rolling Weeks","['Number Of Previous Rolling Weeks For Base PTC calc.', 'Number Of Previous Rolling Weeks']"
"RGM RetailsnRecreation","['Retails & Recreation (% chg from yr ago)']"
"DOS Max Target from MEIO","['DOS Max Target from MEIO']"
"RGM Residual Net Sales Value","['Residual NSV']"
"RGM Residential","['Residential (% chg from yr ago)']"
"RGM Promo Simulation p Value",""
"RGM Promo Simulation R-Square","['Promo Simulation R-Square']"
"RGM Promo Simulation MAPE","['Promo Simulation MAPE']"
"RGM Promo Simulation Durbin Watson","['Promo Simulation Durbin Watson']"
"DM Time Attribute1 Mapping","[]"
"Radio Ad","[]"
"ROI",""
"RGM Workplaces","['Workplaces (% chg from yr ago)']"
"RGM Volume Lift","['Volume Lift']"
"RGM Variable COGS","[]"
"RGM Unit Sales","['Unit Sales', 'Unit Sales']"
"RGM UnemploymentOutlookNSA","['UnemploymentOutlookNSA']"
"RGM UnemploymentNSA","['UnemploymentNSA']"
"Rate of Change Planning Item vs L2",""
"RGM URHighSchoolGraduateSA","['URHighSchoolGraduateSA']"
"RGM URBachelorsDegreeSA","['URBachelorsDegreeSA']"
"RGM UOM Considered For Modeling","['UOM Considered For Modeling']"
"RGM TransitStations","['Transit Stations (% chg from yr ago)']"
"RGM Total Trade Spend Per Gross Sales Value","['Total Trade Spend/GSV']"
"RGM Total Trade Spend For Heatmap","['Trade Spend']"
"Rate of Change L2",""
"Rank/Priority","[]"
"DSOH ($$ Shipped)","[]"
"DROP TO WHSE","['ORDER DROPPED DATE']"
"DP Version Age Threshold","[]"
"DP Scenario Age Threshold","[]"
"DP SP Handshake Enabled","[]"
"DOS Target Time Varying Override","['DOS Target Inventory Override']"
"DOS Target From MEIO Time Varying","['DOS Target Inventory from MEIO']"
"Reference2 Fcst Abs Error","[]"
"DOS Max Target","['DOS Max Target Override']"
"DM Value2","[]"
"DM Value1","[]"
"DM Value Measure2","[]"
"DM Value Measure1","[]"
"DIST UnLoading Capacity Override","[]"
"Received Target","[]"
"Received Qty History","[]"
"Received PO Qty History","['Received PO Qty']"
"Reason Code Supply DR","['Reason Code Supply']"
"Reason Code Demand DR","['Reason Code Demand']"
"Reason Code DR",""
"Raw o9 Value","['o9 Value']"
"Raw Value","[]"
"Raw Column Name","['Column Name']"
"75% Chance PO Arrival Date","[]"
"Rate of Change Planning Item","[]"
"Reference1 Fcst Abs Error","[]"
"Ref Model WIP Inputs",""
"Ref Model Inputs",""
"Reduced Price","[]"
"DM Location Attribute1 Mapping","[]"
"DM Location Attribute1","[]"
"DM Item Attribute1 Mapping","[]"
"DM Item Attribute1","[]"
"DM Input Table Name","[]"
"DM DemandID Attribute1 Mapping","[]"
"DM Demand Type Attribute1 Mapping","[]"
"DM Data Type","[]"
"DM Customer Attribute1 Mapping","[]"
"DM Customer Attribute1","[]"
"o9 Supply Globally","['Supply Globally']"
"Reference1 Fcst Bias","[]"
"DIST Transportation Cost Per Unit","[]"
"DIST SHIP TO LOCATION","[]"
"DIST Release Window at Item Location BODLane Override","['Release Window at Item Location BODLane Override']"
"DIST Loading Capacity Override","[]"
"DIST Release Window Indicator","['Release Window Indicator']"
"Reference3 Fcst Bias","[]"
"Reference3 Fcst Abs Error","[]"
"DIST IsStandard","[]"
"DIST IsExpedite","[]"
"MG Workflow Task Mode to Operation Association","[]"
"Reference2 Fcst Bias","[]"
"95% Chance PO Arrival Date","[]"
"L0 o9 C9 Distance Override","['o9 Override']"
"75% Chance STO Arrival Date","[]"
"Report","[]"
"Reorder Point",""
"Remarks",""
"Remainder Component L1","[]"
"o9 Resource Group Priority","[]"
"0",""
"% Excess Inventory SKU Last 12 Weeks",""
"% Excess Inventory SKU Last 4 Weeks",""
"% Excess Inventory SKU Last Week",""
"% Location Below Target Last 12 Weeks",""
"% Location Below Target Last 4 Weeks",""
"% SKU Last 12 Weeks ",""
"sARIMA Model","[]"
"pareto","['Percentage Contribution to Feature']"
"o9 Volume","[]"
"% Excess Inventory Location Last 12 Weeks",""
"DIST Flex UnLoading Capacity Band2 Override","[]"
"% Excess Inventory Location Last 4 Weeks",""
"DIST Flex UnLoading Capacity Band1 Override","[]"
"% Excess Inventory Location Last Week",""
"o9 Resource Group Location Association","[]"
"o9 Purchase Requisition Line ID","[]"
"o9 Purchase Requisition ID","[]"
"o9 MFG Produced Yield Static","['o9 Maintained Input']"
"75th Percentile STO Lead Time","[]"
"75th Percentile Lead Time","[]"
"% SKU Below Target Last 12 Weeks",""
"L1 Mobile Fuel Date","['Final Date']"
"L1 Mobile Fuel Consumption","['Final Consumption']"
"L1 Heat Consumption","['Final Consumption']"
"Resource Consumed Per","[]"
"L1 Fugitive Consumption","['Final Consumption']"
"Routing Activity Operation Association",""
"Review",""
"Revenue at Risk Event","[]"
"Retrospective Discount",""
"L1 Cooling Consumption","['Final Consumption']"
"L1 C9 TKM","['TKM']"
"L1 C9 Shipment Date","['Shipment Date']"
"L1 C4 TKM","['TKM']"
"DIST Frozen Window by Item Location BODLane","['Frozen Window by Item Location BODLane']"
"L1 C4 Shipment Date","['Shipment Date']"
"DIST Frozen Window By Item Location Override","['Frozen Window By Item Location Override']"
"L0 o9 Mobile Weight Override","['o9 Weight Override']"
"L0 o9 Mobile TKM Override","['o9 TKM Override']"
"L0 o9 Mobile Shipment Date Override","['o9 Override']"
"L0 o9 Mobile Distance Override","['o9 Override']"
"L0 o9 C9 Weight Override","['o9 Weight Override']"
"SAPDeletion Value","['Value']"
"SAPDeletion Column Name","['Column Name']"
"Rule Sequence","[]"
"L0 o9 C9 TKM Override","['o9 TKM Override']"
"L0 o9 C9 Shipment Date Override","['o9 Override']"
"L1 System Mobile Fuel Consumption","['System Input']"
"Routing Lead Time Override LC","[]"
"Routing Lead Time Override",""
"Routing Lead Time LC","[]"
"L1 System Heat Date","['Date Input']"
"L1 System Heat Consumption Classification","['Consumption Classification']"
"L1 System Heat Consumption","['Heat Consumption']"
"L1 System Fugitive Date","['Date']"
"L1 System Fugitive Consumption Classification","['System Classification']"
"L1 System Fugitive Consumption","['System Consumption']"
"Routing Association",""
"SCH CIP Idle Limit UOM","['Limit Duration UOM']"
"SCH CIP Idle Limit","['Limit Duration']"
"SCH CIP Idle Delay UOM","['Delay Duration UOM']"
"SCH CIP Idle Delay","['Delay Duration']"
"SCH CIP Common Delay UOM","['Duration UOM']"
"SCH CIP Common Delay","['Delay Duration']"
"SCH BOM Produced Quantity Negative Or Zero","['BOM Produced Quantity Negative Or Zero']"
"SCH BOM Consumed Quantity Negative","['BOM Consumed Quantity Negative']"
"SCH BOM Consumed Operation Invalid","['BOM Consumed Operation Invalid']"
"SCH Attached Operation Invalid","['Attached Operation Invalid']"
"SBA Non KIL","[]"
"L1 System Cooling Date","['Date Input']"
"SBA Cat9","[]"
"SARIMA Non KIL","[]"
"L1 System Cooling Consumption Classification","['Consumption Classification']"
"SARIMA Cat9","[]"
"SCH Calendar Break Start Time Missing Or Invalid","['Calendar Break Start Time Missing Or Invalid']"
"SCH Calendar Break Start Time Before Shift Start Time","['Calendar Break Start Time Before Shift Start Time']"
"SCH Calendar Break End Time Missing Or Invalid","['Calendar Break End Time Missing Or Invalid']"
"SCH Calendar Break End Time Before Calendar Break Start Time","['Calendar Break End Time Before Calendar Break Start Time']"
"SCH Calendar Break End Time After Shift End Time","['Calendar Break End Time After Shift End Time']"
"SCH Calendar Break Day Indicator Missing Or Invalid","['Calendar Break Day Indicator Missing Or Invalid']"
"SCH CIP Uses Limit","['No. Of Operation']"
"SCH CIP Uses Delay UOM","['Delay Duration UOM']"
"SCH CIP Uses Delay","['Delay Duration']"
"SCH CIP Quantity Limit","['Volume/Quantity Of Produced Goods']"
"SCH CIP Quantity Delay UOM","['Delay Duration UOM']"
"SCH CIP Quantity Delay","['Delay Duration']"
"SCH CIP Period Limit UOM","['Limit Duration UOM']"
"SCH CIP Period Limit","['Limit Duration']"
"SCH CIP Period Delay UOM","['Delay Duration UOM']"
"SCH CIP Period Delay","['Delay Duration']"
"SCH ChangeoverID Additive",""
"SCH Changeover Matrix None Type Violation",""
"SCH Changeover Matrix Combination Invalid",""
"SCH Changeover Delay Negative",""
"SCH Capacity Reduction Greater than Resource Base Strength","['Capacity Reduction Greater than Resource Base Strength']"
"DIST Flex Loading Capacity Band2 Override","[]"
"L1 System Cooling Consumption","['Cooling Consumption']"
"DIST Flex Loading Capacity Band1 Override","[]"
"L1 System C9 TKM Classification","['TKM Classification']"
"L1 System C4 TKM Classification","['TKM Classification']"
"L1 Steam Consumption","['Final Consumption']"
"DIST Exclude for OP Override","['Exclude for OP Override']"
"DIST Exclude for MP Override","['Exclude for MP Override']"
"DIST Exclude For OP IL","['Exclude For OP']"
"DIST Exclude For OP External Input","[]"
"DIST Exclude For MP IL","['Exclude For MP']"
"DELIVERY DATE","[]"
"DELIVERED QTY","[]"
"DELIVERED AMOUNT","[]"
"DELIVER TO LOCATION","[]"
"DEL TO LOCATION TYPE","[]"
"DEL TO LOCATION CODE","[]"
"SCH Downtime Type Invalid","['Downtime Type Invalid']"
"SCH Downtime Start Time Missing","['Downtime Start Time Missing']"
"SCH Downtime End Time Missing","['Downtime End Time Missing']"
"SCH Downtime End Time Before Downtime Start Time","['Downtime End Time Before Downtime Start Time']"
"SCH Downtime Duration UOM Missing Or Invalid","['Downtime Duration UOM Missing Or Invalid']"
"SCH Down Type Weekly Downtime Violation","['Down Type Weekly Downtime Violation']"
"SCH Down Type Downtime Violation","['Down Type Downtime Violation']"
"SCH Cyclic Routing Present","['Cyclic Routing Present']"
"SCH Child Resource Attached As Parent",""
"SCH ChangeoverID Anticipate",""
"SCH ERP Item BOM Routing Active To","['ERP Input']"
"SCH ERP Item BOM Routing Active From","['ERP Input']"
"SCH ERP BOM Quantity Produced Per","['ERP Input']"
"SCH ERP BOM Quantity Consumed Per","['ERP Input']"
"SCH ERP BOM Quantity Consumed Operation","['ERP Input']"
"SCH ERP BOM Quantity Consumed Fixed","['ERP Input']"
"DIST Exclude For MP External Input","[]"
"DIST Activity Share External  Input",""
"DIST Activity Priority Time Varying External Input","['Sourcing Priority External Input']"
"DEST REGION","[]"
"DEST ORG GRP","[]"
"DEST MARKET","[]"
"DESCRIPTION","[]"
"DES Model","[]"
"DELIVERY NUMBER","[]"
"DELIVERY LINE NUMBER","[]"
"SCH ERP Material Make To Order","['ERP Input']"
"SCH ERP Material Location Association Boolean","['ERP Input']"
"DEL TO DC","[]"
"DEL TO CLLI","[]"
"DEL REG","[]"
"DC2DC Priority","[]"
"DC Transfer Actual Shipment Quantity","[]"
"DC Transfer Actual Receipt Quantity","[]"
"DC Transfer Actual Delivered Quantity","[]"
"L1 Stationary Consumption","['Final Consumption']"
"DC Orgs","[]"
"DC Non-Stock","[]"
"DC Consolidation start date","[]"
"DARK","[]"
"SCH ERP Item BOM Routing Priority","['ERP Input']"
"SCH ERP Item BOM Routing Association Boolean","['ERP Input']"
"L1 System Stationary Consumption Classification","['System Classification']"
"L1 Mobile TKM","['TKM']"
"L1 Mobile Shipment Date","['Shipment Date']"
"D Weighted Late Quantity","['Weighted Late Quantity']"
"D WOS Target COC Change %","['COC WOS Target Change %']"
"SCH Identical Predecessor Successor Combination Present","['Identical Predecessor Successor Combination Present']"
"SCH Horizon Start Date Before Origin Start Date","['Horizon Start Date Before Origin Start Date']"
"SCH Horizon Start Before Operation Actual Start Date Or Operation Actual Stop Date","['SCH Horizon Start Before Operation Actual Start and Stop']"
"SCH Horizon End Date Before Horizon Start Date","['Horizon End Date Before Horizon Start Date']"
"SCH Frozen Horizon UOM Missing","['Frozen Horizon UOM Missing']"
"SCH Frozen Horizon Duration Negative","['Frozen Horizon Duration Negative']"
"SCH Firm Flag Violation","['Firm Flag Violation']"
"SCH Exception Workflow Association","['Exception Workflow Association']"
"SCH End Date Before Horizon End Date","['End Date Before Horizon End Date']"
"SCH Early Tolerance UOM Missing Or Invalid","['Early Tolerance UOM Missing']"
"SCH Early Tolerance Negative or Null","['Early Tolerance Negative or Null']"
"L1 System Stationary Consumption","['System Consumption']"
"L1 o9 Steam Consumption Override","['o9 Consumption Override']"
"L1 o9 Stationary Consumption Override","['o9 Consumption Override']"
"L1 o9 Mobile Fuel Date Override","['o9 Override']"
"L1 o9 Mobile Fuel Consumption Override","['o9 Override']"
"D WIP Lot Size Global","[]"
"D WIP Lot Size Final","[]"
"D WIP Lot Size Detail","[]"
"D WIP Infeasibility Resolution Type Global","[]"
"L1 o9 Heat Consumption Override","['o9 Consumption Override']"
"L1 o9 Fugitive Consumption Override","['o9 Consumption Override']"
"L1 o9 Cooling Consumption Override","['o9 Consumption Override']"
"L1 System Steam Date","['Date Input']"
"L1 System Steam Consumption Classification","['Consumption Classification']"
"L1 System Steam Consumption","['Steam Consumption']"
"L1 System Stationary Date","['Date']"
"SCH MangoGem Ignore MRP","['Ignore MRP']"
"SCH MangoGem Ignore Demand","['Ignore Demand']"
"SCH Limit Or Delay Duration Zero","['Limit Or Delay Duration Zero']"
"SCH Limit Or Delay Duration UOM Missing Or Invalid","['Limit Or Delay Duration UOM Missing Or Invalid']"
"SCH Limit Or Delay Duration Negative","['Limit Or Delay Duration Negative']"
"SCH Lead Time UOM Missing","['Lead Time UOM Missing']"
"SCH Late Tolerance UOM Missing Or Invalid","['Late Tolerance UOM Missing']"
"SCH Late Tolerance Negative or Null","['Late Tolerance Negative or Null']"
"SCH Last Operation Invalid","['Last Operation Invalid']"
"SCH Item Shelf Life Negative","['Item Shelf Life Negative']"
"SCH Item Routing Lot Size Negative","['Item Routing Lot Size Negative']"
"SCH Item Lot Size Null Or Zero","['Item Lot Size Null Or Zero']"
"SCH Item Lot Size Negative","['Item Lot Size Negative']"
"SCH Item Lead Time Null Or Zero","['Item Lead Time Null Or Zero']"
"SCH Item Lead Time Negative","['Item Lead Time Negative']"
"SCH Identical Predecessor Successor Operation","['Identical Predecessor Successor Operation']"
"SCH Material Production Association","['Material Production Association']"
"SCH Material Consumption Association","['Material Consumption Association']"
"SCH Material Alt Workflow Flag Boolean","['Alt Workflow Flag']"
"D WIP Infeasibility Resolution Type Detail","[]"
"L1 System Mobile TKM Classification","['TKM Classification']"
"D WIP BLL Global","[]"
"D WIP BLL Final","[]"
"D WIP BLL Detail","[]"
"D WIP BAL Global","[]"
"D WIP BAL Final","[]"
"D WIP BAL Detail","[]"
"D Use Container ETA for Planning Flag","['Use Container ETA for Planning Flag']"
"D Upstream Network Resource Lead Time",""
"D Upstream Network Resource Cum Yield",""
"D Upstream Network Item Primary Path Flag Platform",""
"SCH MangoGem Objective Weight","['Objective Weight']"
"D Transactional Parameter 4","[]"
"D Transactional Parameter 3","[]"
"D Transactional Parameter 2","[]"
"D Transactional Parameter 14","[]"
"D Transactional Parameter 13","[]"
"SCH None Type Changeover Violation","['None Type Changeover Violation']"
"SCH No Stopping Criteria Present","['No Stopping Criteria Present']"
"SCH No Phase Attached To Operation","['No Phase Attached To Operation']"
"SCH Multiple ChangeoverID Present For Item Level","['Multiple ChangeoverID Present For Item Level']"
"SCH Min Delta UOM Missing","['Min Delta UOM Missing']"
"SCH Min Delta Negative","['Min Delta Negative']"
"SCH Max Delta UOM Missing","['Max Delta UOM Missing']"
"SCH Max Delta Negative","['Max Delta Negative']"
"SCH Material Unrestricted Quantity Negative","['Material Unrestricted Quantity Negative']"
"SCH Material Unconstrained Flag","['Unconstrained']"
"SCH Material Solver Suggested Replenishments","['Solver Suggested Replenishments']"
"SCH Output Engine Created WO Due Date","['Due Date']"
"SCH Output Engine Created WO Approved To","['o9 Created WO']"
"SCH Output Dashboard SFG Inventory BOH","['Semi-Finished Goods']"
"SCH Output Dashboard RM Inventory BOH","['Raw Materials Inventory']"
"SCH Output Dashboard FG Inventory BOH","['Finished Goods Inventory']"
"SCH Operation Not Attached To Any Resource","['Operation Not Attached To Any Resource']"
"SCH Objective Weight Negative","['Objective Weight Negative']"
"D Upstream Network Item Lead Time",""
"D Upstream Network Item Cum Yield Platform",""
"L1 System Mobile Fuel Date","['System Input']"
"L1 System Mobile Fuel Consumption Classification","['Final System Classification']"
"D Transactional Parameter 9","[]"
"D Transactional Parameter 8","[]"
"D Transactional Parameter 7","[]"
"D Transactional Parameter 6","[]"
"D Transactional Parameter 5","[]"
"SCH Output Gantt Type","['Type']"
"SCH Output Gantt Resource Strength","['Resource Strength']"
"SCH Output Gantt Processing Duration in Mins","['Processing Duration (mins)']"
"SCH Output Gantt Operation Duration in Mins","['Operation Duration (mins)']"
"D Transactional Parameter 12","[]"
"D Transactional Parameter 11","[]"
"D Transactional Parameter 10","[]"
"D Transactional Parameter 1","[]"
"Lag1 vs Stat Fcst Gap %",""
"Lag1 vs Stat Fcst Gap",""
"SCH Output Gantt Changeover To Item","['Changeover - To Item']"
"SCH Output Gantt Changeover From Item","['Changeover -  From Item']"
"SCH Output Engine Created WO Short","['WO Short']"
"SCH Output Engine Created WO Quantity","['WO Quantity']"
"SCH Output Engine Created WO Project Name","['MangoGem Project Name']"
"SCH Output Engine Created WO Is Approved","['Approved']"
"SCH Output Resource Avail Strength","['Available Strength']"
"SCH Output Resource Avail From Time","['From Time']"
"SCH Output Operation Overlap Flag","[]"
"SCH Output Objective KPI","['Objective KPI Value']"
"SCH Output Material Production Qty","['Production Qty']"
"SCH Output Material Production Datetime","['Production DateTime']"
"SCH Output Material Consumption Datetime","['Consumption DateTime']"
"SCH Output Inventory Event Sorting","[]"
"SCH Output Inventory Event Net On Hand","['Event Net On Hand']"
"Lag Selection",""
"LS Upload Error Count","[]"
"D Total Flex Capacity Cost","['Total Flex Capacity Cost']"
"LS Upload Count","[]"
"SCH Output Inventory Ending On Hand","['Ending On Hand']"
"SCH Output Inventory Beginning On Hand","['Beginning On Hand']"
"SCH Output Gantt WO Due Date","['WO Due Date']"
"SCH Output Resource Downtimes Capacity","['Downtimes Capacity']"
"SCH Output Resource Cons Type","['Operation Status']"
"SCH Output Resource Cons To Time","[]"
"SCH Output Resource Cons Strength Used","['Strength Used']"
"SCH Output Resource Cons From Time","['From Time']"
"SCH Output Resource Avail To Time","[]"
"D Target Quantity From IBP","['Target Quantity From IBP']"
"LOCATION ID","[]"
"D Target Inventory COC Change %","['COC Target Inventory Change %']"
"LOAD DATE(ALLOCATION HOLD)","[]"
"LOAD DATE","[]"
"D Supplier Substitutability At Item Location","[]"
"D Supplier Item Priority","['Supplier Item Priority']"
"D Supplier Item Override Start Date",""
"D Supplier Item Override Lead Time","['Override Lead Time']"
"D Supplier Item Override End Date",""
"SCH Overlapping Calendar Breaks Present","['Overlapping Calendar Breaks Present']"
"SCH Output WO Scheduled Completion Datetime","['Scheduled Completion']"
"SCH Output WO Due Date","['Due Date']"
"SCH Output Violation Downtime Summary","['Downtime Violation']"
"SCH Output Resource Utilization Time","['Consumed Capacity']"
"D Supplier Item Min LotSize","['Min LotSize']"
"D Supplier Item LotSize Increment","['Supplier Item LotSize Increment', 'Supplier Item LotSize Increment']"
"D Supplier Item Location Association","['Supplier Item Location Association']"
"LINE CANCEL FLAG","[]"
"LAST UPDATED DATE(ALLOCATION HOLD)","[]"
"D Supplier Commits Flex LC","[]"
"D Supplier Commits COC Upper Threshold %","['Supplier Commits COC Upper Threshold %']"
"D Supplier Commits COC Lower Threshold %","['Supplier Commits COC Lower Threshold %']"
"LAST UPDATED BY DC Inventory","['LAST UPDATED BY']"
"SCH Output Resource Utilization %","['Utilization %']"
"SCH Output Resource Overlap Flag","[]"
"D Solver Flag Avoid Build Ahead In Inventory Plan","['Solver Flag Avoid Build Ahead In Inventory Plan']"
"D Solver Demand Slice Threshold","['Solver Demand Slice Threshold']"
"D Solver Demand Slice Factor","['Solver Demand Slice Factor']"
"D Solver Delete Data","['Solver Delete Data']"
"SCH Parent Resource Modelling Violation","['Parent Resource Modelling Violation']"
"SCH Parent Resource Attached To CalendarID","['Parent Resource Attached To CalendarID']"
"SCH PO Quantity Null","['PO Quantity Null']"
"SCH PO Goods Receiving Date Null","['PO Goods Receiving Date Null']"
"SCH Overtime End Time Before Overtime Start Time","['Overtime End Time Before Overtime Start Time']"
"SCH Overtime Duration UOM Missing Or Invalid","['Overtime Duration UOM Missing']"
"SCH Overtime Additional Capacity Negative","['Overtime Added Capacity Negative']"
"SCH Override End Time Before Override Start Time","['Override End Time Before Override Start Time']"
"SCH Override Duration UOM Missing Or Invalid","['Override Duration UOM Missing']"
"SCH Override Capacity Negative","['Override Capacity Negative']"
"SCH Overlapping Shifts Present","['Overlapping Shifts Present']"
"SCH Overlapping Calendar Exceptions Present","['Overlapping Calendar Exceptions Present']"
"SCH Production Requirement Completion Type Invalid","['Completion Type Invalid']"
"SCH Processing Phase Violation","['Processing Phase Violation']"
"SCH Predecessor Operation Invalid","['Predecessor Operation Invalid']"
"SCH Population Size Negative Or Null","['Population Size Negative Or Null']"
"SCH Phase Duration UOM Invalid","['Phase Duration UOM Invalid']"
"SCH Phase Duration Type Invalid","['Phase Duration Type Invalid']"
"SCH Phase Duration Negative","['Phase Duration Negative']"
"LAST UPDATED BY","[]"
"D Suggested PO Start Date","['Start Date']"
"D Suggested PO Quantity","['Approved Purchase Recommendations', 'Approved Purchase Recommendations']"
"D Suggested PO Delivery Date","['Delivery Date']"
"D Solver Inventory Plan Bands","['Solver Inventory Plan Bands']"
"D Solver Flag Try Material Reallocation In RCA","['Solver Flag Try Material Reallocation In RCA']"
"D Solver Flag Respect Freeze Window For WIPs","['Solver Flag Respect Freeze Window For WIPs']"
"D Solver Flag Minimize Inventory Build Ahead","['Solver Flag Minimize Inventory Build Ahead']"
"D Solver Flag Inventory Plan Strategy","['Solver Flag Inventory Plan Strategy']"
"L0 System C4 TKM Load Factor","['Load Factor']"
"D STO Alert Projected Target DOS","['Target DOS@Commit Date']"
"SCH Resource Capacity Negative","['Resource Capacity Negative']"
"SCH Resource Attached To Multiple Calendar IDs","['Resource Attached To Multiple Calendar IDs']"
"SCH Required Resource Strength Negative","['Required Resource Strength Negative']"
"SCH Required Resource Strength Greater Than Base Strength","['Required Resource Strength Greater Than Base Strength']"
"SCH Request Parameters Missing","['Request Parameters Missing']"
"SCH Relative Type Weekly Downtime Violation","['Relative Type Weekly Downtime Violation']"
"SCH Relative Type Downtime Violation","['Relative Type Downtime Violation']"
"SCH Relation Type Violation","['Relation Type Violation']"
"SCH Relation Type Invalid","['Relation Type Invalid']"
"SCH Production Requirements Make to Order","['Make to Order']"
"SCH Production Requirements Deliver from Stock","['Satisfy from Stock']"
"SCH Production Requirements Completion Type","['Completion Type']"
"SCH Production Requirement Quantity Negative Or Null","['Demand Quantity Negative or Null']"
"SCH Production Requirement Due Date Before Origin Start Date","['Due Date Before Origin Start Date']"
"SCH Resource Not Attached To Any CalendarID","['Resource Not Attached To Any CalendarID']"
"SCH Resource Location Association","['Resource Location Assoc']"
"SCH Resource Holiday Flag","['Resource Holiday Flag']"
"SCH Resource Holiday Description","['Description']"
"SCH Resource Consumption Association","['Resource Consumption']"
"SCH Resource Capacity Zero","['Resource Capacity Zero']"
"LAST UPDATE DATE DC Inventory","['LAST UPDATE DATE']"
"LAST UPDATE DATE","[]"
"D Shipping Holiday Number","[]"
"D Shipment Plan Recommendation Final","['Final Shipment Plan']"
"D Shipment Plan Override","['Shipment Plan Override']"
"L0 System C9 Distance","['System Input']"
"D Shipment Plan Approval","['Shipment Plan Approval']"
"L0 System C9 Container Weight","['Container Weight']"
"D Shipment Delivery Date","['Shipment Delivery Date']"
"L0 System C4 Weight","['Shipment Weight']"
"D Routing Item Group Association","[]"
"D Routing End Date Override","[]"
"D Routing End Date","['Routing End Date', 'Routing End Date']"
"SCH Same Resource Attached As Parent And Child",""
"SCH Resource Unconstrained Flag","['Unconstrained']"
"SCH Resource To Calendar Association","['Resource to Calendar Association']"
"SCH Resource Parent Association",""
"L0 System C4 TKM","['System TKM']"
"L0 System C4 Shipment Date","['System Input']"
"D STO Alert Projected DOS","['DOS@Commit Date']"
"D STO Alert Line Detail ETA Analytics","[]"
"D STO Alert Lane Lead Time","[]"
"D STO Alert Intransit ETA Analytics","[]"
"D STO Alert InTransit Delivery Date","['InTransit Delivery Date']"
"Launch Date",""
"Late Short Quantity Event",""
"SCH Shift Start Time Missing Or Invalid","['Shift Start Time Missing Or Invalid']"
"SCH Shift End Time Missing Or Invalid","['Shift End Time Missing Or Invalid']"
"SCH Shift End Time Before Shift Start Time","['Shift End Time Before Shift Start Time']"
"SCH Shift Day Indicator Missing Or Invalid","['Shift Day Indicator Missing Or Invalid']"
"SCH Shelf Life UOM Missing","['Shelf Life UOM Missing']"
"SCH Setup Phase Violation","['Setup Phase Violation']"
"SCH Scheduling Chunk Negative Or Null","['Scheduling Chunk Negative Or Null']"
"D STO Alert Current Target DOS","['Target DOS@Current Date']"
"D STO Alert Current DOS","['DOS@Current Date']"
"Late %",""
"Late",""
"D SS Pre-Build Node Marker","['SS Pre-Build Node Marker']"
"D Routing Start Date Override","[]"
"D Routing Start Date","['Routing Start Date', 'Routing Start Date']"
"D Routing Lead Time Override","[]"
"D Routing Lead Time","['Mfg Lead Time', 'Mfg Lead Time']"
"SCH WO Earliest Start Date",""
"SCH WO Due Date Null","['WO Due Date Null']"
"SCH WO Completion Type Invalid","['WO Completion Type Invalid']"
"SCH Unload Phase Violation","['Unload Phase Violation']"
"SCH Total Warning Count","['Total Warning Count']"
"SCH Total Error Count","['Total Error Count']"
"SCH Successor Operation Invalid","['Successor Operation Invalid']"
"SCH StopT Violation","['StopT Violation']"
"SCH StopQ Violation","['StopQ Violation']"
"SCH StopI Violation","['StopI Violation']"
"SCH StopA Violation","['StopA Violation']"
"SCH Slack Duration UOM Missing Or Invalid","['Slack Duration UOM Missing Or Invalid']"
"SCH Slack Duration Negative","['Slack Duration Negative']"
"SCH Shifts Not Expanding 24 Hours","['Shifts Not Expanding 24 Hours']"
"SCH Shifts Expanding More Than 24 Hours","['Shifts Expanding More Than 24 Hours']"
"SCH Shift Strength Override Negative","['Shift Strength Override Negative']"
"SCH Weekly Downtime Type Invalid","['Weekly Downtime Type Invalid']"
"SCH Weekly Downtime Start Time Missing Or Invalid","['Weekly Downtime Start Time Missing Or Invalid']"
"SCH Weekly Downtime End Time Missing Or Invalid","['Weekly Downtime End Time Missing Or Invalid']"
"SCH Weekly Downtime End Time Before Weekly Downtime Start Time","['Weekly Downtime End Time Before Weekly Downtime Start Time']"
"SCH Weekly Downtime Duration UOM Missing Or Invalid","['Weekly Downtime Duration UOM Missing Or Invalid']"
"SCH Weekly Downtime Duration Missing Or Invalid","['Weekly Downtime Duration Missing Or Invalid']"
"SCH WO Quantity Null","['WO Quantity Null']"
"D Resource Routing Association","[]"
"D Resource Priority","['Resource Priority']"
"Last User Updated","[]"
"Last Updated Time","[]"
"D Requirement Plan Definition","['Requirement Plan Definition']"
"D Request vs Commits LC","['Difference between Request and LC Commits']"
"D Receiving Holiday Number","[]"
"D Rebalance Need WOS Threshold by Day","['Need WOS Threshold']"
"SCH WO Latest End Date",""
"D Rebalance Lane Lead Time","['Rebalance Lane Lead Time']"
"D Rebalance Lane Association","['Rebalance Lane Association']"
"D Rebalance Exclude Item Location","['Exclude ?']"
"D Rebalance Exclude Brand Location","['Exclude ?']"
"D Rebalance Excess WOS Threshold by Day","['Excess WOS Threshold']"
"D Rebalance Excess Rule","['Excess Threshold Rule']"
"D Rebalance Excess Qty Threshold Balance","[]"
"SCH o9 Item BOM Routing Priority","['o9 Maintained Input']"
"SCH o9 Item BOM Routing Association Boolean","['o9 Maintained Input']"
"SCH o9 Item BOM Routing Active To","['o9 Maintained Input']"
"SCH o9 Item BOM Routing Active From","['o9 Maintained Input']"
"SCH o9 BOM Quantity Produced Per","['o9 Maintained Input']"
"SCH o9 BOM Quantity Consumed Per","['o9 Maintained Input']"
"SCH o9 BOM Quantity Consumed Operation","['o9 Maintained Input']"
"SCH o9 BOM Quantity Consumed Fixed","['o9 Maintained Input']"
"SCH Work Order Completion Type",""
"D Re-Order Point WOS","['Re-Order Point DOS']"
"D RTF","['Previous Commit']"
"D RM Planner Material Constraint Flag","['Prioritized Material Constraints', 'Prioritized Material Constraints']"
"D Purchase Requirement Generation Type","['Purchase Requirement Strategy']"
"L0 System Mobile Container Weight","['Container Weight']"
"L0 System Electricity Renewable %","['Renewable %']"
"D Production Plan Recommendation In Release Window OverRide","['Override']"
"L0 System Electricity Date","['Date Input']"
"D Production Plan Approval","['Approve']"
"D Rebalance Need Rule","['Need Threshold Rule']"
"D Rebalance Need Inventory Inputs Carryover","[]"
"D Rebalance Lane Use Constrained Lot Size","['Use Constrained Lot Size ?']"
"D Rebalance Lane Priority","['Rebalance Lane Priority']"
"D Rebalance Lane Min Lot Size - Standard","['Rebalance Min Lot Size - Standard']"
"D Rebalance Lane Min Lot Size - Constrained","['Rebalance Min Lot Size - Constrained']"
"D Rebalance Lane Lot Size Increment","['Rebalance Lot Size Increment']"
"SHIP TO LOCATION CODE","[]"
"SHIP TO DC","[]"
"SHIP TO","['SHIP TO LOCATION']"
"SHIP STATE","['SHIP TO STATE']"
"SHIP LOC TYPE","['SHIP TO LOC TYPE']"
"SHIP FROM LOCATION","[]"
"SHIP FROM LOC TYPE","[]"
"SHIP FROM DESCRIPTION","[]"
"SHIP FROM CLLI","[]"
"SHIP DESC","['SHIP TO DESC']"
"SHIP CLLI","['SHIP TO CLLI']"
"SES Model","[]"
"SERVICE LEVEL","[]"
"SCH o9 Material Make To Order","['o9 Maintained Input']"
"SCH o9 Material Location Association Boolean","['o9 Maintained Input']"
"D Rebalance Excess Qty Threshold","['Excess Qty Threshold']"
"D Producer To Producer To Pegged Quantity LC",""
"D Producer To Producer To Pegged Quantity COC Change%",""
"D Producer To Producer From Pegged Quantity UI",""
"D Producer To Producer From Pegged Quantity LC",""
"D Producer To Producer From Pegged Quantity COC Change %",""
"SO Commit Actual Ship Date Log","[]"
"SO Commit Actual Delivery Date Log","[]"
"SO Actual Shipment Sell In Quantity","[]"
"SO Actual Delivery Date","[]"
"SO Actual Delivered Quantity Log","[]"
"SO Actual Delivered Quantity","[]"
"SM Setup Cost per Period","['Setup Cost per Period']"
"SM Holding Cost per Period","['Holding Cost per Period']"
"SHIPPED ITEM","[]"
"SHIP ZIP","['SHIP TO ZIP']"
"SHIP TO ORG","[]"
"SO Commit Quantity Baseline","[]"
"SO Commit Last Changed Date Log","[]"
"SO Commit Delivered Quantity Override","[]"
"SO Commit Delivered Quantity Log","[]"
"SO Commit Delivered Quantity Baseline","[]"
"SO Commit Date Override","[]"
"SO Commit Date Log","[]"
"SO Commit Date Baseline","[]"
"SO Commit Creation Date Log","[]"
"D Production Holiday Intermediate","[]"
"D Production Holiday","['Production Holiday']"
"D Product Group Build Late Input","['Product Group Build Late Limit']"
"D Product Group Build Ahead Input","['Product Group Build Ahead Limit']"
"D Product Build Late Input","[]"
"D Product Build Ahead Input","[]"
"D Producer To Producer To Pegged Quantity UI",""
"ET Simulation Group","[]"
"D Procurement Forecast within Lead Time For Starts","['Request Within Lead Time']"
"SO Milestone Commit Quantity","['Milestone Commit Quantity']"
"SO Milestone Commit Last Update Date","['Milestone Commit Last Update Date']"
"SO Milestone Commit Date","['Milestone Commit Date']"
"SO Maintenance",""
"SO Lines Impacted","[]"
"SO Line Impact",""
"SO Header Status","['Header Status']"
"SO Header Last Update Date","['Header Last Update Date']"
"SO Header Creation Date","['Header Creation Date']"
"SO Delivery Status Log","[]"
"SO Delivery Status","[]"
"SO Delivered Quantity Log","[]"
"SO Commit Quantity Override","[]"
"SO Commit Quantity Log","[]"
"SO Planned Delivery Quantity Log","[]"
"SO Planned Delivery Quantity","[]"
"SO Planned Delivery Date Log","[]"
"SO Planned Delivery Date","[]"
"SO Milestone Request Quantity","['Milestone Request Quantity']"
"SO Milestone Request Date","['Milestone Request Date']"
"SO Milestone Last Update Date","['Milestone Last Update Date']"
"SO Milestone Delivery Quantity","[]"
"SO Milestone Delivery Date","[]"
"L0 System Electricity Consumption Classification","['Consumption Classification']"
"D Procurement Release Window Input","['Release Window']"
"D Procurement Release Fence Start Bucket Input","['Release Fence']"
"D Procurement Release Fence Buckets","['Final Release Fence']"
"L0 System Electricity Consumption","['Electricity Consumption']"
"L0 System C9 Weight","['Shipment Weight']"
"L0 System C9 TKM Load Factor","['Load Factor']"
"Location Realignment Percentage Weighted",""
"L0 System C9 TKM","['System TKM']"
"L0 System C9 Shipment Date","['System Input']"
"L0 System C9 Final Weight","['Final Weight']"
"Location Attribute2 Mapping","[]"
"Location Attribute1 Validation","[]"
"SO QTY VALUE","[]"
"SO QTY SP","['SO QTY']"
"D Procurement Forecast COC Upper Threshold %","['Procurement Forecast COC Upper Threshold %']"
"D Procurement Forecast COC Lower Threshold %","['Procurement Forecast COC Lower Threshold %']"
"D ProcLane Shipping Holiday Number","[]"
"D ProcLane Shipping Holiday Intermediate","[]"
"D ProcLane Shipping Holiday","[]"
"D ProcLane Receiving Holiday Number","[]"
"D ProcLane Receiving Holiday","[]"
"SO Provisioning",""
"D Plan Current Bucket","['Plan Current Bucket']"
"Location Attribute1 Mapping","[]"
"List of Opportunity Types","[]"
"D PROC Frozen Window By Item Location Supplier Location Intermediate",""
"List of Opportunity Stages","[]"
"D PO Recommendation Final","['Purchase Recommendation Final']"
"Like Item Similarity",""
"SO Replenishment",""
"Like Item Selected","[]"
"Like Item Search Space","[]"
"Like Item Rank",""
"Like Item Distance",""
"Like Item Actual","[]"
"Lead Time(Days)","[]"
"Lead Time Override","[]"
"Lead Time",""
"SO Request Creation Date Log","[]"
"SO Request Actual Ship Date Log","[]"
"D PO Recommendation Approval","['Approval']"
"Location Realignment Percentage",""
"D PO Alert Request ETA","[]"
"Location Realignment Created On",""
"D PO Alert Projected Target DOS","['Target DOS@Commit Date']"
"Location Realignment Created By",""
"D PO Alert Projected DOS","['DOS@Commit Date']"
"Location Holiday Calendar Number","[]"
"Location Holiday Calendar Daily Number","[]"
"Location Holiday Calendar Daily","[]"
"Location Holiday Calendar","[]"
"D Plan Start Bucket","['Plan Start Bucket']"
"D Plan End Bucket","['Plan End Bucket']"
"D Plan Date Node Marker","['Plan Date Node Marker']"
"SP Intermittency Flag","[]"
"SP EOL Horizon","[]"
"SOURCE LINE ID","[]"
"SOURCE HEADER ID","[]"
"D PO Alert Goods Receipt Quantity","['Goods Receipt Quantity']"
"D PO Alert Goods Receipt Date","['Goods Receipt Date']"
"Location Delete Flag Override","[]"
"D PO Alert Current Target DOS","['Target DOS@Current Date']"
"Location Delete Flag Final","[]"
"D PO Alert Current DOS","['DOS@Current Date']"
"D PO Alert Commit ETA","[]"
"SO SHIPMENT NUMBER","[]"
"SO SHIPMENT LINE NO","[]"
"SO Request Quantity Log","[]"
"SO Request Last Changed Date Log","[]"
"SO Request Date Log","[]"
"SSIS Indicator for PR","[]"
"SSIS Batch Status","[]"
"SS/LR","[]"
"SS Build Ahead Limit","['Safety Stock Build Ahead (in Days)']"
"Location Delete Flag","[]"
"SP Variability Threshold","[]"
"SP Segmentation History Period","[]"
"D PO Alert ASN ETA","[]"
"Location Attribute3 Mapping","[]"
"Location Attribute2 Validation","[]"
"Low $/ High $/ High $ High Usage","[]"
"Log Table Column","['Log Table Column']"
"D OBO Material Constraint Quantity",""
"D OBO Capacity Constraint Quantity",""
"SP Sales Volume Threshold","[]"
"SP NPI Horizon","[]"
"M Capacity Short Late RCA Quantity","['Capacity Short Late RCA Quantity']"
"Log Out Table Column","['Out Table Column']"
"STLF Non KIL","[]"
"STLF Model","[]"
"D Number Base Overloads","['Number Base Overloads']"
"D Netting Unforecasted Orders","['Unforecasted orders']"
"Log Key Columns For Version","['Key Columns For Version']"
"Location Type Delete Flag Override","[]"
"Location Type Delete Flag Final","[]"
"Location Type Delete Flag","[]"
"D Netting New Orders","['New Orders']"
"D Netting New Forecast","['New Forecast']"
"D Netting Committed Orders","['Committed Orders']"
"Location Realignment Percentages Sum","['Realignment % Sum']"
"STLF Cat9","[]"
"M Beginning On Hand PF Sim","[]"
"Item ShipTo Location Realignment Created On",""
"M Beginning On Hand ET Sim","[]"
"STO Line Detail Delivered Quantity by EquipmentID","['Delivered Quantity']"
"STO Line Detail Delivered Quantity Log","[]"
"L0 System C4 Final Weight","['Final Weight']"
"L0 System C4 Distance","['System Input']"
"STO Line Detail Creation Date Log","[]"
"L0 System C4 Container Weight","['Container Weight']"
"L0 Mobile Shipment Date","['Final']"
"STO Line Detail Creation Date BODLane Location","['Line Detail Creation Date']"
"STO Line Detail Creation Date","[]"
"L0 C9 Shipment Date","['Final']"
"L0 C4 Shipment Date","['Final']"
"Kmeans Max Iterations","[]"
"KIL Segment","[]"
"JOB COMPLETION DATE","[]"
"STO Line Detail Open Quantity by EquipmentID","['Open Quantity']"
"M Capacity RCA UI",""
"STO Line Detail Last Update Date Log","[]"
"M Capacity Constrained","['Capacity Constrained']"
"M CM Flex Capacity Band1","['Flex Band1 Units']"
"STO Line Detail Last Update Date BODLane Location","['Line Detail Last Update Date']"
"STO Line Detail Last Update Date","[]"
"STO Line Detail Issued Quantity by EquipmentID","['Issued Quantity']"
"Item ShipTo Location Realignment Percentages Sum","[]"
"Item ShipTo Location Realignment Percentage Weighted",""
"STO Line Detail Estimated Container Delivery Date by EquipmentID","['Container ETA']"
"STO Line Detail Delivery Date Scenario Final by EquipmentID","['Line Delivery Date']"
"STO Line Detail Delivery Date Override","[]"
"STO Line Detail Delivery Date Log","[]"
"Item ShipTo Location Realignment Percentage",""
"STO Line Detail Delivery Date Baseline","[]"
"D Merge Intransit Params","['Merge Intransit Params']"
"D Merge Demand Params","['Merge Demand Params']"
"D Max Lateness Buckets","['Max Lateness Buckets']"
"Item ShipTo Location Realignment Created By",""
"STO Line Detail Ship Date by EquipmentID","['Line Ship Date']"
"STO Line Detail Ship Date Log","[]"
"Item Selling Price","[]"
"Item Region Association","[]"
"STO Line Detail Ship Date","[]"
"STO Line Detail Quantity Override","[]"
"STO Line Detail Quantity Log","[]"
"STO Line Detail Quantity Increment %","[]"
"STO Line Detail Quantity Final by EquipmentID","['Line Quantity']"
"STO Line Detail Quantity Baseline","[]"
"M Demand Priority Plugin Output Rules Used Description","['Demand Priority Plugin Output Rules Used Description']"
"M Demand Priority Plugin Output Rules Used","['Demand Priority Plugin Output Rules Used']"
"STO Solver ETA Enabled","[]"
"STO Milestone Detail Last Update Date","['Milestone Detail Last Update Date']"
"STO Milestone Delivery Date","['Milestone Delivery Date']"
"STO Milestone Commit Quantity","['Milestone Commit Quantity']"
"STO ML Predicted Arrival Date","[]"
"STO Line Detail Status by EquipmentID","['Line Status']"
"STO Line Detail Status Log","[]"
"M Demand Priority Plugin Output Normalised","['Demand Priority Plugin Output Normalised']"
"D Netting Committed Forecast","['Committed Forecast']"
"D Need Item Stock Inv Days Threshold","['Need DOS Threshold']"
"D Need Item Inv Days Threshold","['Need DOS Threshold']"
"D Merge STO Params","[]"
"D Merge Purchase Orders Params","[]"
"D Merge Purchase Orders ASN Params","[]"
"D Merge Production Order Params","['Merge Production Order Params']"
"D Merge OnHand Params","['Merge OnHand Params']"
"Sales Fcst Abs Error","[]"
"Safety Stock Priority","[]"
"M Demand Priority Plugin Output","['Demand Priority Plugin Output']"
"D Material Short Late RCA Quantity","['Material Short Late RCA Quantity']"
"D Material Requirements Generation Type","['Requirements Plan Strategy ( Starts or Outs )']"
"D Material RCA Quantity COC Change %","['COC Material Constraint Change %']"
"D Material RCA Quantity - WIP","[]"
"D Material Production RCA Pegged Qty","[]"
"D Material Production Quantity Plan Output LC","['LC Material Production Quantity']"
"D Material Production Quantity Plan Output COC Change %","['COC Material Production Change %']"
"D Material Production Plan From Pegging","['Material Production Plan From Pegging']"
"SUPPLIER SITE CODE","[]"
"SUBINVENTORY","[]"
"SUB INV CREATION DATE","['CREATION DATE']"
"SUB INV CREATED BY","['CREATED BY']"
"STOCK FLAG","[]"
"D Material Constrained","['Material Constrained']"
"M Demand Build Late Limit","['Demand Build Late Limit']"
"M Demand Build Ahead Limit","['Demand Build Ahead Limit']"
"M DIST Final Activity Share","['Sourcing Proportion Published']"
"D MFG Produced Yield Time Varying Override Intermediate","[]"
"D Material Production Pegged Quantity UI",""
"D Material Production Pegged Quantity LC",""
"D Material Production Pegged Quantity COC Change %",""
"M DIST Activity Share Override","['Sourcing Proportions Override']"
"D Material Production Cascading RCA Quantity",""
"D Material Produced Quantity Per Time Varying","['Material Produced Quantity Per Time Varying']"
"M DIST Activity Priority Time Varying Override","['Sourcing Priority Override']"
"M DIST Activity Priority Time Varying Final","['Sourcing Priority Published']"
"M Ending On Hand PF Sim","[]"
"M Ending On Hand PF","['Ending Stock']"
"Sales Fcst Bias","[]"
"Schedule Receipt Quantity","[]"
"Schedule Receipt Delivery Date","[]"
"Sched Receipt Quantity TG LC","[]"
"Scenario Name","['Scenario Name of Action Triggered']"
"Scenario Limit Per User Override","[]"
"Scenario Limit Per User Global","[]"
"Scenario Limit Per User","[]"
"Scenario Created Date","[]"
"Scenario Created By","[]"
"Scenario Age Threshold","[]"
"Scaling Factor","[]"
"Satisfied Orders (Out of Total Commit Order)",""
"Sales Volume Threshold","[]"
"D Material Consumption RCA Pegged Qty","[]"
"D Material Consumption Plan From Pegging","['Material Consumption Plan From Pegging']"
"D Material Consumed Quantity Per Time Varying","['Material Consumed Quantity Per Time Varying']"
"D MFG Produced Yield Time Varying","['Time Varying Produced Yield']"
"D MFG Produced Yield Static Override","[]"
"D MFG Produced Yield Static","['Static Produced Yield']"
"D MFG Consumed Yield Time Varying Override Intermediate","[]"
"D MFG Consumed Yield Time Varying Override","[]"
"D MFG Consumed Yield Time Varying","['Time Varying Consumed Yield']"
"D MFG Consumed Yield Static Override","[]"
"D MFG Consumed Yield Static","['Static Consumed Yield']"
"D Lower Threshold WOS","['D Lower Threshold DOS']"
"D Load Plan Resource Consumption Quantity UI",""
"D Load Plan Resource Consumption Quantity LC",""
"D Load Plan Resource Consumption Quantity COC Change %",""
"D Load Plan Resource Consumption Quantity",""
"D Load Plan Res Consumed Qty","['Resource Consumed Qty']"
"Schedule Receipt Quantity TG LC","[]"
"Schedule Receipt Quantity TG","[]"
"D Load Plan Planned Supply","['Planned Supply']"
"D Load Plan Material Production Quantity UI",""
"D Load Plan Material Production Quantity LC",""
"D Load Plan Material Production Quantity COC Change %",""
"D Load Plan Material Production Quantity",""
"D Load Plan Firm Supply","['Firm Supply']"
"D Level to pegging",""
"M Ending On Hand ET Sim","[]"
"D Item BOM Routing Priority","['Mfg Priority', 'Mfg Priority']"
"D Item BOM Routing Min LotSize","['Item BOM Routing - Min Lot Size']"
"Scope 1 Stationary Intensity Metrics Product Weight","['Product Weight']"
"Scope 1 Stationary Intensity Metrics Product Handled","['Product Handled']"
"Scope 1 Mobile Intensity Metrics TKM","['TKM']"
"Scope 1 Mobile Intensity Metrics Product Handled","['Product Handled']"
"Scope 1 Fugitive Intensity Metrics Product Weight","['Product Weight']"
"D MFG Produced Yield Time Varying Override","[]"
"Scope 3 C4 Intensity Metrics TKM","['TKM']"
"Scope 3 C4 Intensity Metrics Product Handled","['Product Handled']"
"Scope 2 Steam Intensity Metrics Product Weight","['Product Weight']"
"Scope 2 MB Emissions","[]"
"Scope 2 MB Emission Source Info","['Source Name']"
"Scope 2 MB Emission Factor","['Final Emission Factor']"
"Scope 2 LB Emissions","[]"
"Scope 2 LB Emission Source Info MK","['Source Name']"
"Scope 2 LB Emission Source Info Customer","['Source Name']"
"Scope 2 LB Emission Factor MK","['Emission Factor']"
"Scope 2 LB Emission Factor Customer","['Emission Factor']"
"Scope 2 Heat Intensity Metrics Product Weight","['Product Weight']"
"Scope 2 Final Emission Source Info","[]"
"Scope 2 Electricity Intensity Metrics Product Weight","['Product Weight']"
"Scope 2 Cooling Intensity Metrics Product Weight","['Product Weight']"
"Scope 2 Consumption Classification","[]"
"D Inventory Holding Cost","['Inventory Holding Cost']"
"M Ending On Hand ET","['Ending Stock Expected Trigger']"
"Item Purchase Price","[]"
"D Input Resource Priority","['Input Resource Priority']"
"Seasonality Component L1","[]"
"Seasonal Strength L1","[]"
"Seasonal Periods L1","[]"
"Seasonal Naive YoY Model","[]"
"Seasonal Aisle","[]"
"Scope3 vs Total Scope%",""
"Scope2 vs Total Scope%",""
"Scope1 vs Total Scope%",""
"Scope 3 Intensity Metrics TKM","['TKM']"
"Scope 3 Intensity Metrics Product Handled","['Product Handled']"
"Scope 3 C9 Intensity Metrics TKM","['TKM']"
"Scope 3 C9 Intensity Metrics Product Handled","['Product Handled']"
"D Gross Margin Percentage","['Gross Margin %']"
"M Material Constrained","['Material Constrained']"
"M LP Active","['Objective Is Active']"
"D Flex2 Item Supplier Capacity Baseline","['Flex2 Item Supplier Capacity Baseline']"
"M Input Resource Priority","['Input Resource Priority']"
"M Infinite Material Node","['Infinite Material Node']"
"D Flex2 Item Shared Supplier Capacity Baseline","['Flex2 Item Shared Supplier Capacity Baseline']"
"D Flex2 Item Shared Supplier Capacity","[]"
"D Item BOM Routing LotSize Increment","['Item BOM Routing - Lot Size Increment']"
"D Item BOM Routing Association","[]"
"M Global Demand Build Late Limit","['Global Demand Build Late Limit']"
"M Global Demand Build Ahead Limit","['Global Demand Build Ahead Limit']"
"M Flex Capacity Utilization %","['Flex Capacity Utilization %']"
"Item Delete Flag Override","[]"
"Item Delete Flag Final","[]"
"Item Delete Flag","[]"
"Sell In Calc vs LC Gap %","[]"
"Sell In Calc vs LC Gap","[]"
"Sell In Calc Lag1","[]"
"Sell In Calc LY","[]"
"Sell In Calc LC","[]"
"M Material RCA UI",""
"D Flex1 Item Supplier Capacity Baseline","['Flex1 Item Supplier Capacity Baseline']"
"M Material RCA Quantity","['Material Constraint Quantity']"
"M Material Production Pegged Quantity",""
"D Flex1 Item Shared Supplier Capacity Baseline","['Flex1 Item Shared Supplier Capacity Baseline']"
"D Flex1 Item Shared Supplier Capacity","[]"
"D Flex Cost Band 2 Per Unit Graph",""
"D Flex Cost Band 1 Per Unit Graph",""
"Segmentation History Period","[]"
"Seed Selection","[]"
"M Plan Current Bucket","['Plan Current Bucket']"
"Sell Out Stat Fcst LC","[]"
"Sell Out Lag3","[]"
"Sell Out Lag2","[]"
"D Final Production Plan Recommendation","['Final Recommendation']"
"M Number Total Overloads","['Number Total Overloads']"
"M Number Capacity Underloads","['Number Capacity Underloads']"
"M Number Base Overloads","['Number Base Overloads']"
"Item Location Realignment Percentages Sum","[]"
"Item Location Realignment Percentage Weighted",""
"Item Location Realignment Percentage",""
"Item Location Realignment Created On",""
"D Excess Stock Inv Days Threshold","['Excess DOS Threshold']"
"D Excess Item Stock Inv Days Threshold","['Excess DOS Threshold']"
"Sell In Override","[]"
"Sell In Calc vs LY Gap %","[]"
"Sell In Calc vs LY Gap","[]"
"Shelf","[]"
"Item Location Realignment Created By",""
"Sell Out Tournament Fcst","[]"
"Sell Out Stat Fcst vs LY Gap %","[]"
"Sell Out Stat Fcst vs LY Gap","[]"
"Sell Out Stat Fcst vs LC Gap %","[]"
"Sell Out Stat Fcst vs LC Gap","[]"
"Sell Out Stat Fcst Model2 vs LY Gap %","[]"
"Sell Out Stat Fcst Model2 vs LY Gap","[]"
"Sell Out Stat Fcst Model2 vs LC Gap %","[]"
"Sell Out Stat Fcst Model2 vs LC Gap","[]"
"Sell Out Stat Fcst Model2 Lag1","[]"
"Sell Out Stat Fcst Model2 LY","[]"
"Sell Out Stat Fcst Model2 LC","[]"
"Sell Out Stat Fcst Lag1","[]"
"Sell Out Stat Fcst LY","[]"
"M Sourcing Proportions Calculated","['Sourcing Proportion Calculated']"
"Shipment Value difference","[]"
"Item Hierarchy Association","['Association']"
"M Solver Flag Avoid Build Ahead In Inventory Plan","['Solver Flag Avoid Build Ahead In Inventory Plan']"
"ShipTo Realignment Percentages Sum","[]"
"ShipTo Realignment Percentage Weighted",""
"ShipTo Realignment Percentage",""
"ShipTo Realignment Created On",""
"ShipTo Realignment Created By",""
"D Excess Item Addon Stock Inv Days Threshold","['Excess DOS Threshold - Addon']"
"D Excess Addon Stock Inv Days Threshold","['Excess DOS Threshold - Addon']"
"D Event Comment","[]"
"M Solver Demand Slice Threshold","['Solver Demand Slice Threshold']"
"M Solver Demand Slice Factor","['Solver Demand Slice Factor']"
"M Solver Delete Data","['Solver Delete Data']"
"M Scope Min","['Min Scope']"
"M Solver Flag Try Material Reallocation In RCA","['Solver Flag Try Material Reallocation In RCA']"
"M Scope Max","['Max Scope']"
"Short %",""
"Shipper","[]"
"Shipped Quantity History","['Shipped Quantity']"
"Shipped LC","[]"
"Shipped Date History","['Shipped Date']"
"Shipped","[]"
"Shipments REV LY","[]"
"Shipments REV","[]"
"M Published Priority Range Start","['Range Of Published Priority']"
"Shipments LY","[]"
"M Publish Freeze Window","['Publish Frozen Window']"
"Shipments History","[]"
"M Plan Start Bucket","['Plan Start Bucket']"
"M Plan End Bucket","['Plan End Bucket']"
"Sim Pseudo New POs To Issue","[]"
"Sim Onhand Override ET","[]"
"Sim Net Supply Available (NBD) PF","[]"
"Sim Expected Trigger Reco","[]"
"Sim Excess Demand ET","[]"
"Sim Cosolidated Supply (NBD)","['Sim Consolidated Supply']"
"M Sourcing Priority Calculated","['Sourcing Priority Calculated']"
"D Demand Quantity Baseline","['Demand Quantity Baseline']"
"D Demand Priority Baseline","['Demand Priority Baseline']"
"D Dummy Demand Quantity Unforecasted Orders","[]"
"D Dummy Demand Quantity New Orders","[]"
"D Dummy Demand Quantity New Forecast","[]"
"D Dummy Demand Quantity Committed Orders","[]"
"D Dummy Demand Quantity Committed Forecast","[]"
"M Solver Inventory Plan Bands","['Solver Inventory Plan Bands']"
"D Distribution Material Transportation Cost Graph",""
"Simple AOA Model","[]"
"Sim Trigger Min Stock ET","[]"
"Sim Trigger Max Stock ET","[]"
"Sim Total Supply ET","[]"
"M Solver Flag Respect Freeze Window For WIPs","['Solver Flag Respect Freeze Window For WIPs']"
"D Demand Parameter 9","[]"
"D Demand Parameter 8","[]"
"D Demand Parameter 7","[]"
"D Demand Parameter 6","[]"
"D Demand Parameter 5","[]"
"D Demand Parameter 4","[]"
"D Demand Parameter 3","[]"
"D Demand Parameter 2","[]"
"D Demand Parameter 10","[]"
"D Demand Parameter 1","[]"
"Sim Purchase Forecast","[]"
"Start Date",""
"Standard Price","[]"
"Sourcing Attainment Source Location","['Sourcing Attainment']"
"Sourcing Attainment Destination location","['Sourcing Attainment']"
"Source Exclusion Query","[]"
"D Demand Fulfillment Quantity",""
"M Solver Flag Minimize Inventory Build Ahead","['Solver Flag Minimize Inventory Build Ahead']"
"M Solver Flag Inventory Plan Type","['Solver Flag Inventory Plan Type']"
"D Demand Build Late Limit Baseline","['Demand Build Late Limit Baseline']"
"D Demand Build Ahead Limit Baseline","['Demand Build Ahead Limit Baseline']"
"D Deactivate BODLane","[]"
"Sort Rule1 Mapping","[]"
"Sort Rule1","[]"
"M Solver Flag Inventory Plan Strategy","['Solver Flag Inventory Plan Strategy']"
"M Solver Flag Inventory Plan Policy","['Solver Flag Inventory Plan Policy']"
"Simple Snaive Model","[]"
"Stat Fcst Contribution to Parent %","[]"
"Stat Fcst Accuracy Point Loss","[]"
"Stat Fcst Accuracy L6P","[]"
"Stat Fcst Abs Error","[]"
"D DOS Target From IBP","['DOS Target From IBP']"
"M08 Ramp Up Profile","[]"
"M07 Ramp Up Profile","[]"
"M06 Ramp Up Profile","[]"
"D DIST Activity Share Override","['Sourcing Proportions Override']"
"D DIST Activity Share From Monthly","['Sourcing Proportions From Monthly Solve']"
"D DIST Activity Share Final","['Sourcing Proportions Final']"
"D DIST Activity Share","[]"
"D DIST Activity Priority Time Varying Override Input","[]"
"D DIST Activity Priority Time Varying","[]"
"Stat Bucket Weight","[]"
"Start Date Intermediate",""
"D Capacity RCA Pegged Quantity Flex1","[]"
"D Capacity RCA Pegged Qty","[]"
"D Capacity RCA At Item LC","['LC Capacity Constraints']"
"D Capacity RCA At Item COC Change %","['D Capacity RCA At Item COC Change %', 'COC Capacity Constraint Change %']"
"D Capacity RCA At Item","['Capacity Constraints']"
"M05 Ramp Up Profile","[]"
"M04 Ramp Up Profile","[]"
"M03 Ramp Up Profile","[]"
"M02 Ramp Up Profile","[]"
"D Consumption Holiday","['Consumption Holiday']"
"D Consumed Resource Per","['Consumption Rate']"
"D Consume Outbound Capacity","[]"
"D Component Start Date","[]"
"D Component End Date","[]"
"D Capacity Short Late RCA Quantity","['Capacity Short Late RCA Quantity']"
"Stat Fcst Contribution%",""
"Stat Fcst L1 Accuracy L6P","[]"
"Stat Fcst L1 Abs Error","[]"
"D Capacity Increased Flag","[]"
"D Capacity Fence at Resource Location Override","['Operational Capacity Fence Override (in days)']"
"D Capacity Fence at Resource Location","['Operational Capacity Fence at Resource Location (in days)']"
"D Capacity Fence","['Operational Capacity Fence Final (in days)']"
"D Capacity Demand Late Short Quantity Revenue Impact","['Capacity Demand Late Short Quantity Revenue Impact']"
"D Capacity Consumption Plan From Pegging","['Capacity Consumption Plan From Pegging']"
"D Capacity Consumption Cascading RCA Quantity",""
"D Capacity Constrained","['Capacity Constrained']"
"D COGS Variable Inventory Storage Cost","['Variable Inventory Storage Cost']"
"D COGS Transportation Cost Expedite Full","['Transportation Cost - Expedite']"
"Stat Fcst Final Profile TL","[]"
"D Capacity RCA Quantity Baseline","['Capacity Constraint Baseline']"
"D Capacity RCA Quantity - WIP","['Root Cause Quantity']"
"D Capacity RCA Pegged Quantity Flex2","[]"
"Stat Fcst Profile1 TL","[]"
"Stat Fcst Profile PL","[]"
"Stat Fcst Product MAPE","[]"
"Stat Fcst Product Accuracy L6P","[]"
"Stat Fcst Over/Under Exception","[]"
"D COGS Percentage","['COGS %']"
"D COGS Auxillary Variable Inventory Storage Cost","['Auxillary Variable Inventory Storage Cost']"
"D CM Working Days Per Week Override","['Working Days Per Week Override']"
"D CM Working Days Per Week Baseline","['CM Working Days Per Week Baseline']"
"D CM Run Down Hours Override","['Run Down Hours Override']"
"Stat Fcst Lag vs Actual %","[]"
"Stat Fcst LY","[]"
"Stat Fcst L1 N6P vs LC Gap","[]"
"Stat Fcst L1 N6P LC","[]"
"Stat Fcst L1 N6P","[]"
"Stat Fcst L1 Lag1","[]"
"D CM Efficiency Override","['Efficiency Override']"
"D CM Efficiency Baseline","['CM Efficiency Baseline']"
"D CM Capacity Underload Threshold","[]"
"D CM Base Working Hrs Per Day Override","['Working Hrs Per Day Override']"
"D CM Base Working Hrs Per Day Baseline","['CM Base Working Hrs Per Day Baseline']"
"Stat Fcst TL","[]"
"Stat Fcst Reference vs LC Gap %","[]"
"Stat Fcst Reference vs LC Gap","[]"
"Stat Fcst Reference Tracking Signal","[]"
"Stat Fcst Reference Over/Under Exception","[]"
"Stat Fcst Reference MAPE","[]"
"Stat Fcst Reference Lag vs Actual %","[]"
"Stat Fcst Reference Contribution to Total %",""
"Stat Fcst Reference Contribution to Parent %","[]"
"Stat Fcst Reference Abs Error","[]"
"Stat Fcst Profile2 TL","[]"
"D CM Artificial Base Capacity Override","['Base Capacity Override']"
"D CM Artificial Base Capacity Baseline","['CM Artificial Base Capacity Baseline']"
"M01 Ramp Up Profile","[]"
"D Base Item Supplier Capacity Baseline","['Base Item Supplier Capacity Baseline']"
"M WOS For Total Demand","['WOS For Total Demand']"
"M WOS For Independent Demand","['WOS For Independent Demand']"
"D Base Item Shared Supplier Capacity Baseline","['Base Item Shared Supplier Capacity Baseline']"
"D Base Item Shared Supplier Capacity","[]"
"D BOM Quantity Produced Per","['Quantity Produced']"
"D CM Run Down Hours Baseline","['CM Run Down Hours Baseline']"
"D CM Maintenance Hours Override","['Maintainence Hour Override']"
"D CM Maintenance Hours Baseline","['CM Maintainence Hour Baseline']"
"D CM Flex Capacity Band2 Override","['Flex Capacity Band2 Override']"
"D CM Flex Capacity Band2 Baseline","['CM Flex Capacity Band2 Baseline']"
"D CM Flex Capacity Band1 Override","['Flex Capacity Band1 Override']"
"D CM Flex Capacity Band1 Baseline","['CM Flex Capacity Band1 Baseline']"
"D BOD Flex Outbound Capacity Band2 Override","[]"
"Stat Forecast Description","[]"
"D BOM Quantity Consumed Per","['Quantity Consumed']"
"D BODLane Item Priority","['Priority']"
"D BODLane Item Override Start Date",""
"D BODLane Item Override Lead Time","['Override Lead Time']"
"D BODLane Item Override End Date",""
"D BODLane Item Min LotSize","['Minimum Lotsize']"
"D BODLane Item LotSize Increment","['Lotsize Increment']"
"D BODLane Item Association","[]"
"D BODLane Flex Capacity Band2 Baseline","['BODLane Flex Capacity Band2 Baseline']"
"D BODLane Flex Capacity Band2","[]"
"D BODLane Flex Capacity Band1 Baseline","['BODLane Flex Capacity Band1 Baseline']"
"D BODLane Flex Capacity Band1","[]"
"D BODLane Base Capacity Baseline","['BODLane Base Capacity Baseline']"
"Stat Fcst Tracking Signal Indicator","[]"
"Stat History Outlier Method","[]"
"Stat History Outlier Lower Threshold Limit","[]"
"Stat History Outlier Correction","[]"
"Stat History Measure","[]"
"D BODLane Base Capacity","[]"
"M Total Flex Capacity Cost","['Total Flex Capacity Cost']"
"D BOD Shared Flex Capacity Band2 Baseline","['BOD Shared Flex Capacity Band2 Baseline']"
"D BOD Shared Flex Capacity Band2","[]"
"D BOD Shared Flex Capacity Band1 Baseline","['BOD Shared Flex Capacity Band1 Baseline']"
"D BOD Shared Flex Capacity Band 1",""
"D BOD Shared Capacity Baseline","['BOD Shared Capacity Baseline']"
"D BOD Shared Capacity","[]"
"D BOD Outbound Capacity Override","[]"
"D BOD Outbound Capacity","[]"
"D BOD Inbound Capacity Override","[]"
"D BOD Inbound Capacity","[]"
"Stationary vs Scope 1%",""
"Stationary Emission Source Info MK","['Source Name']"
"Stationary Emission Source Info Customer","['Source Name']"
"Stationary Emission Factor MK","['Emission Factor']"
"Stationary Emission Factor Customer","['Emission Factor']"
"Stationary Emission Factor","['Emission Factor']"
"Stationary Consumption Classification","['Classification']"
"Stationary Consumption","['Stationary Consumption']"
"Stat Time Level","[]"
"Stat Sales Domain Level","[]"
"Stat Parameter Value","[]"
"Stat Location Level","[]"
"Stat Last Run","[]"
"Stat Item Level","[]"
"Stat History Period","[]"
"Stat History Outlier Upper Threshold Limit","[]"
"Stg Table Name","[]"
"Stg Source Type","['Source Type']"
"Stg Scheduling","['Scheduling']"
"Stg Retail Replenishment","['Retail Replenishment']"
"Stg OP","['OP']"
"Stg MP","['MP']"
"MAX DSOH","[]"
"Stg Logistics Visibility","['Logistics Visibility']"
"Stg Error Threshold Percentage","['Error Threshold Percentage']"
"Stg Error Record Count","['Stg ErrorCount']"
"Stg DP","['DP']"
"Stg Commercial Planning","['Commercial Planning']"
"Steam vs Scope 2%",""
"MAPE",""
"Stats Forecast Value","[]"
"M12 Ramp Up Profile","[]"
"Stg Table W SAP ColumnName","['Column Name']"
"Stg Table W MSD365 Union","[]"
"Stg Table W MSD365 Position","[]"
"Stg Table W MSD365 Master Table Name","['Master Table Name']"
"Stg Table W MSD365 Master Table Column","['Master Table Column']"
"Stg Table W MSD365 Master Data Check Required","['Master Data Check Required']"
"Stg Table W MSD365 Mandatory","['Mandatory']"
"Stg Table W MSD365 Leaf/Grain","['Leaf/Grain']"
"Stg Table W MSD365 Input Table Name","['Input Table Name']"
"Stg Table W MSD365 Input Column Name","['Input Column Name']"
"Stg Table W MSD365 Group By","['Group By']"
"Stg Table W MSD365 From_JoinClause","['From_JoinClause']"
"Stg Table W MSD365 Filter","['Filter']"
"Stg Table W MSD365 DataType","['DataType']"
"Stg Table W MSD365 ColumnName","['ColumnName']"
"Stg Table Record Count","[]"
"Stg Table w/o SAP Filter","['Filter']"
"Stg Table w/o SAP DataType","['Data Type']"
"Stg Table w/o SAP ColumnName","['Column Name']"
"Stg Table W SAP Union","['Union']"
"Stg Table W SAP Position","['Position']"
"Stg Table W SAP Master Table Name","['Master Table Name']"
"Stg Table W SAP Master Table Column","['Master Table Column']"
"Stg Table W SAP Master Data Check Required","['Master Data Check Required']"
"Stg Table W SAP Mandatory","['Mandatory']"
"Stg Table W SAP Leaf/Grain","['Leaf/Grain']"
"Stg Table W SAP Input Table Name","['Input Table Name']"
"Stg Table W SAP Input Column Name","['Input Column Name']"
"Stg Table W SAP Group By","['Group By']"
"Stg Table W SAP From_JoinClause","['From_JoinClause']"
"Stg Table W SAP Filter","['Filter']"
"Stg Table W SAP DataType","['DataType']"
"Substitute Item Association Item Location Input",""
"Sub Segmentation Hierarchy","[]"
"Sub Segmentation Dimension","[]"
"Stg Warning Record Count","['Stg WarningCount']"
"Stg Threshold Count","['Threshold Count']"
"Stg Table w/o SAP Union","['Union']"
"Stg Table w/o SAP Position","['Position']"
"Stg Table w/o SAP Master Table Name","['Master Table Name']"
"Stg Table w/o SAP Master Table Column","['Master Table Column']"
"Stg Table w/o SAP Master Data Check Required","['Master Data Check Required']"
"Stg Table w/o SAP Mandatory","['Mandatory']"
"Stg Table w/o SAP Leaf/Grain","['Leaf/Grain']"
"Stg Table w/o SAP Input Table Name","['Input Table Name']"
"Stg Table w/o SAP Input Column Name","['Input Column Name']"
"Stg Table w/o SAP Group By","['Group By']"
"Stg Table w/o SAP From_JoinClause","['From_JoinClause']"
"Supplier","[]"
"Suggested Operation Reason Code","[]"
"Suggested Event Details","[]"
"Suggested Event","[]"
"Substitute Item WIP Sweep Priority Item Location Input",""
"Substitute Item WIP Sweep Priority Item Input",""
"Substitute Item Start Date Item Location Input",""
"Substitute Item Start Date Item Input",""
"Substitute Item Priority Item Location Input",""
"Substitute Item Priority Item Input",""
"Substitute Item End Date Item Location Input",""
"Substitute Item End Date Item Input",""
"Substitute Item Depth Item Location Input",""
"Substitute Item Depth Item Input",""
"Substitute Item Consumed Per Item Location Input",""
"Substitute Item Consumed Per Item Input",""
"MFG Daily Base Machine Run Down Hours","[]"
"D Approved Shipment Plan","['Approved Shipment Plan']"
"D Approved Shipment Delivery Date","['Shipment Delivery Date']"
"D Approved Production Plan","[]"
"D Additional COGS","['Non Standard COGS']"
"M11 Ramp Up Profile","[]"
"M10 Ramp Up Profile","[]"
"D Activity Priority Time Varying","[]"
"Supplier Capacity Constraint Flag","['Is Constrained']"
"M09 Ramp Up Profile","[]"
"MFG Base Working Hrs Per Day Band2","['Base Working Hrs Per Day Band2']"
"MFG Base Working Hrs Per Day Band1","['Base Working Hrs Per Day Band1']"
"Item Attribute3 Mapping","[]"
"Item Attribute2 Validation","[]"
"Item Attribute2 Mapping","[]"
"Item Attribute1 Validation","[]"
"Is Demand Node Item Location Input",""
"Item Attribute1 Mapping","[]"
"MEIO Version Age Threshold","[]"
"MEIO Scenario Limit","[]"
"MEIO Scenario Age Threshold","[]"
"MAXIMUM ORDER QUANTITY","[]"
"MFG Daily Base Working Hrs Per Day Band2","[]"
"MFG Daily Base Working Hrs Per Day Band1","[]"
"MFG Daily Base Working Hrs Per Day","[]"
"D BOD Flex Outbound Capacity Band2","[]"
"D BOD Flex Outbound Capacity Band1 Override","[]"
"D BOD Flex Outbound Capacity Band1","[]"
"D BOD Flex Inbound Capacity Band2 Override","[]"
"D BOD Flex Inbound Capacity Band2","[]"
"D BOD Flex Inbound Capacity Band1 Override","[]"
"D BOD Flex Inbound Capacity Band1","[]"
"Is Cyclic BODLane","[]"
"MFG Daily Base Machine Maintenance Hours","[]"
"MFG Daily Base Flex Capacity Band2","[]"
"MFG Daily Base Flex Capacity Band1","[]"
"Supplier Priority","[]"
"MFG Daily Base Efficiency","[]"
"MFG Daily Base Artificial Capacity","[]"
"D Activity Mandatory Offset","['Activity Mandatory Offset']"
"MFG Network Inputs For Cycle Plan By Day","[]"
"MFG Network Inputs For Cycle Plan","['Inactive Cycle']"
"D Activity Item Start Date","[]"
"D Activity Item End Date","[]"
"D Activity Holiday Intermediate","[]"
"Is RTF Netting","[]"
"Is Order Netting","[]"
"Is Key Attribute","[]"
"Supply Interaction Target Version Name","['Target Version Name']"
"Supply Interaction Target Measure Name","['Target Measure Name']"
"Supply Interaction Target Grain","['Target Grain']"
"Supply Interaction Source Version Name","['Source Version Name']"
"Supply Interaction Source Table Name","['Source Table Name']"
"Supply Interaction Source Measure Name","['Source Measure Name']"
"Supply Interaction Link With Next Rule","['Link With Next Rule']"
"Supply Interaction IsActive","['Is Active']"
"Supply Interaction Grain Value Name","['Grain Value Name']"
"Supply Interaction Grain Name","['Grain Name']"
"Supply Interaction External Table Name","['External Table Name']"
"Supply Interaction External Rule Name","['External Rule Name']"
"Supply Interaction External Measure Name","['External Measure Name']"
"Supply Interaction Data Rule","['Data Rule']"
"Supply","[]"
"Is Demand Node Item Input",""
"System Stat Parameter Value","[]"
"System Stat Fcst L1","[]"
"System Scope 2 MB Emission Factor","['System Emission Factor']"
"System Feature Weight","[]"
"System Bestfit Algorithm","[]"
"Supportability Perc Threshold Upper","[]"
"Supportability Perc Threshold Lower","[]"
"Customer Attribute3 Validation","[]"
"Customer Attribute3 Mapping","[]"
"Customer Attribute2 Validation","[]"
"Customer Attribute2 Mapping","[]"
"Customer Attribute1 Validation","[]"
"Customer Attribute1 Mapping","[]"
"Custom Measure3 Mapping","[]"
"Supply Planning Final Conversion Rate","[]"
"Supply Planning Base Unit Of Measure","[]"
"Cumulative Volume %","[]"
"Croston Non KIL","[]"
"Target Contribution to Parent %","[]"
"Target Contribution %","[]"
"TYPE","[]"
"TV Ad","[]"
"TRACKING","[]"
"TPR","[]"
"TOTAL VALUE OF PO LINE","['ORDER UOM LINE AMOUNT']"
"TOTAL QUANTITY","[]"
"TKM",""
"TES Model","[]"
"TBATS Model","[]"
"TASK","[]"
"System Suggested Like Item",""
"System Suggested Cannibalized Item",""
"Croston Model","[]"
"Is Attribute in Hierarchy","[]"
"Croston Cat9","[]"
"Cost",""
"Correction Action","[]"
"Cooling vs Scope 2 %",""
"Contract Price Deleted Cables","['Contract Price']"
"Is Assorted","[]"
"Contract Price - Item Level","[]"
"Custom Measure2 Mapping","[]"
"Custom Measure1 Mapping","[]"
"Custom Intermittent Non KIL","[]"
"Is Alternate within GroupID Item Location Input",""
"Custom Intermittent Cat9","[]"
"Current Lead Time","[]"
"Current Date","[]"
"Consensus Fcst Abs Error","[]"
"Confirmed PO Qty History","['Confirmed PO Qty']"
"Consider Time Varying Priority","[]"
"ContainerCurrentLongitude","['Longitude']"
"ContainerCurrentLatitude","['Latitude']"
"Container Last Stop Type","['Most Recent Stop Type']"
"Container Last City Stop","['Most Recent Stop']"
"Consumed Yield Time-Varying",""
"Consumed Yield Static",""
"Consume Handling Capacity","[]"
"Constrained Request",""
"Is Alternate within GroupID Item Input",""
"Target Inventory Time Varying Override","['Target Inventory Override']"
"Target Inventory From MEIO Time Varying","['Target Inventory from MEIO']"
"Target GM % vs Outlook LY Gap","[]"
"Target Exclusion Query","[]"
"Tenant Position","['Position']"
"Tenant OP","['OP']"
"Tenant Mandatory","['Mandatory']"
"Tenant MP","['MP']"
"Tenant MEIO","['MEIO']"
"Tenant Logistics Visibility","['Logistics Visibility']"
"Tenant Leaf/Grain","['Leaf/Grain']"
"Tenant IBPL Query","['IBPL Query']"
"Tenant File Name","['File Name']"
"Tenant Data Type","['Data Type']"
"Tenant DP","['DP']"
"Tenant Commercial Planning","['Commercial Planning']"
"Tenant Column Name","['Column Name']"
"Temperature","[]"
"Task Display Name","['Task Display Name']"
"Consensus Fcst MAPE Contribution","[]"
"Time Rule2 Mapping","[]"
"Time Rule1 Mapping","[]"
"Time Format Options","['Format Options']"
"Theta Model","[]"
"Test Measure",""
"Tenant Validate Hierarchy Check","['Validate Hierarchy Check']"
"Committed Delivery Date",""
"Commit Quantity",""
"Comments Planning Cycle","['Comments']"
"Comments History","['Comments']"
"Clustering Use-Case","['Policy Parameter Description']"
"Clustering Grain Remarks","[]"
"ClusterMode","['Mode']"
"ClusterMin","['Min']"
"Tenant Scheduling","['Scheduling']"
"Tenant Retail Replenishment","['Retail Replenishment']"
"Cluster Granularity","[]"
"Cluster Description","[]"
"Cluster Association Flag","[]"
"Cluster Associated","[]"
"MG Calendar Display To","['To']"
"Closed Order Lateness (Avg Days)",""
"Child Deletion Measures to check","[]"
"Child Attributes to be checked","[]"
"Changeover %",""
"Ch INV LY","[]"
"Ch INV Actual LY","[]"
"MG Calendar Display From","['From']"
"MG CIP Rules Field Setup Flag",""
"Time Value","['Value']"
"Time Taken in minutes",""
"Time Rule3 Mapping","[]"
"Capacity PROC Parameter 5","[]"
"Capacity PROC Parameter 4","[]"
"Capacity PROC Parameter 3","[]"
"Total Scope Intensity Metrics Product Handled","['Product Handled']"
"Total Scope Intensity Metrics Employee","['Employee']"
"Total Scope Intensity Metrics Area","['Area (sq. m)']"
"Total Process Emissions","[]"
"Total Met On Time Quantity",""
"Total Late Quantity",""
"Total Inflow ",""
"Total Inbound Shipment",""
"MG CIP Rules Field Limit",""
"Total Base Capacity",""
"Total",""
"ClusterMean","['Mean']"
"ClusterMax","['Max']"
"Total Supportability",""
"MG CIP Rules Field Delay",""
"MFR","[]"
"MFG Variable Cost Per Unit","[]"
"Total Supplier Commits",""
"Total Short Quantity",""
"Ch INV Actual","[]"
"Cat9 Segment","[]"
"Cat9 Disaggregated Stat Fcst","[]"
"Cascade Parent Deletion Dimension Attribute Object","[]"
"Capacity WIP RCA Quantity","[]"
"Capacity Split Flag Global Week to Day","['Capacity disaggregation from Week to Day']"
"Capacity PROC Parameter 9","[]"
"Capacity PROC Parameter 8","[]"
"Capacity PROC Parameter 7","[]"
"Capacity PROC Parameter 6","[]"
"Capacity DIST Parameter 8","[]"
"Transactional Parameter 7","[]"
"Transactional Parameter 6","[]"
"Transactional Parameter 5","[]"
"Transactional Parameter 4","[]"
"Transactional Parameter 3","[]"
"Transactional Parameter 2","[]"
"Transactional Parameter 14","[]"
"Transactional Parameter 13","[]"
"Transactional Parameter 12","[]"
"Transactional Parameter 11","[]"
"Transactional Parameter 10","[]"
"Transactional Parameter 1","[]"
"Training Start Date L1","[]"
"Tracking Number History","['Tracking Number']"
"Total Trade Spend",""
"Transactional Parameter 8","[]"
"Capacity PROC Parameter 2","[]"
"Capacity PROC Parameter 10","[]"
"Capacity PROC Parameter 1","[]"
"Capacity MFG Parameter 9","[]"
"Capacity MFG Parameter 8","[]"
"Capacity MFG Parameter 7","[]"
"Capacity MFG Parameter 6","[]"
"Capacity MFG Parameter 5","[]"
"Capacity MFG Parameter 4","[]"
"Capacity MFG Parameter 3","[]"
"Capacity MFG Parameter 2","[]"
"Capacity MFG Parameter 10","[]"
"Capacity MFG Parameter 1","[]"
"Capacity Demand Late Short Quantity",""
"Capacity DIST Parameter 9","[]"
"USED","[]"
"UPDATED BY(ALLOCATION HOLD)","[]"
"UOM DC Inventory","['UOM']"
"UNIT LIST PRICE","[]"
"Turns (Shipped) Agg","[]"
"Turns (Shipped)","[]"
"Turns (Loaded Demand) Agg","[]"
"Turns (Loaded Demand)","[]"
"Turns (AVG of $$ Shpd and Dmd $$) Agg","[]"
"Turns (AVG of $$ Shpd and Dmd $$)","[]"
"Trend Strength L1","[]"
"Trend Planning Item","[]"
"Trend L2",""
"Trend Component L1","[]"
"Transition Flag",""
"Transactional Parameter 9","[]"
"Capacity DIST Parameter 7","[]"
"Capacity DIST Parameter 6","[]"
"Capacity DIST Parameter 5","[]"
"Capacity DIST Parameter 4","[]"
"Capacity DIST Parameter 3","[]"
"Capacity DIST Parameter 2","[]"
"Capacity DIST Parameter 12","[]"
"Capacity DIST Parameter 11","[]"
"Capacity DIST Parameter 10","[]"
"Capacity DIST Parameter 1","[]"
"MG Order Field Delivery Size","[]"
"MG Order Field Deliver From Stock","[]"
"Capacity Assortment Global Telescopic Bucket to Week","['Rule for Capacity Disaggregation from Telescopic Bucket to Week']"
"Capacity Assortment Global Telescopic Bucket to Day","['Rule for Capacity Disaggregation from Telescopic Bucket to Day']"
"MG Order Field Completion Type","[]"
"USER COMMENTS","[]"
"MG Calendar Field Value","['Value']"
"CREATED BY(ALLOCATION HOLD)","['CREATED BY']"
"CREATED BY DC Inventory","['CREATED BY']"
"MG Order Display Due Time","[]"
"COV Threshold","[]"
"CONTRACT PO NUMBER","[]"
"COM Demand Type","[]"
"COGS",""
"Cannibalized Item Selected","[]"
"Cannibalization %","[]"
"CUSTOMER","[]"
"CT Version Age Threshold","[]"
"CT Telescopic Weekly Buckets(In Weeks)","[]"
"CT Telescopic Daily Buckets(In Weeks)","[]"
"CT Scenario Age Threshold","[]"
"CREATION DATE(ALLOCATION HOLD)","['CREATION DATE']"
"Uncons Outlook Downside Comment","[]"
"Uncons Outlook Downside","[]"
"Uncons Outlook Contribution to Parent %","[]"
"Uncons Outlook Contribution %","[]"
"CARRIER","[]"
"C9 TKM Emission Source Info MK","['Source Name']"
"CODE2","[]"
"CODE","[]"
"COC PO Open Change %",""
"COC PO Commits Change %",""
"COC Inbound Shipment Change %",""
"COC Firmed Orders Change %",""
"COC Expected Receipts Change %",""
"COC Demand Change%","[]"
"COC Demand Change","[]"
"CREATION DATE DC Inventory","['CREATION DATE']"
"C9 TKM Emission Factor Classification","[]"
"C9 TKM Emission Factor","[]"
"C9 TKM Classification","[]"
"C4 TKM Emission Source Info MK","['Source Name']"
"C4 TKM Emission Source Info Customer","['Source Name']"
"C4 TKM Emission Source Info","[]"
"C4 TKM Emission Factor MK","['Emission Factor']"
"C4 TKM Emission Factor Customer","['Emission Factor']"
"C4 TKM Emission Factor Classification","[]"
"C4 TKM Emission Factor","[]"
"C4 TKM Classification","[]"
"Uncons Outlook GM % vs Outlook Gap","[]"
"Uncons Outlook GM % vs LY Gap","[]"
"Uncons Outlook GM % vs LC Gap","[]"
"Uncons Outlook GM % LY","[]"
"Uncons Outlook GM % LC","[]"
"Intermittency Threshold","[]"
"Business Unit","[]"
"Bundle","[]"
"Buff2 Forecast Quantity","[]"
"Buff1 Forecast Quantity","[]"
"MG Calendar Field Type","['Type']"
"Buyback Priority","[]"
"MG Calendar Field To","[]"
"MG Calendar Field Shift","[]"
"MG Calendar Field From","[]"
"Uncons Outlook LY Contribution to Parent %","[]"
"Uncons Outlook LY Contribution %","[]"
"C9 TKM Emission Source Info Customer","['Source Name']"
"C9 TKM Emission Source Info","[]"
"C9 TKM Emission Factor MK","['Emission Factor']"
"C9 TKM Emission Factor Customer","['Emission Factor']"
"Inventory LC","[]"
"MG Calendar Exceptions Field Value","['Value']"
"MG Calendar Exceptions Field Type","[]"
"MG Calendar Exceptions Field To","[]"
"MG Calendar Exceptions Field Pattern","['Pattern']"
"MG Calendar Exceptions Field From","[]"
"Billing REV LY","[]"
"MG Calendar Exceptions Display To","['Datetime To']"
"Bestfit Model","[]"
"Bestfit Method","[]"
"Behavior Identifier","[]"
"Uncons Outlook Upside Comment","[]"
"Uncons Outlook Upside","[]"
"Uncons Outlook Lag3","[]"
"Uncons Outlook Lag2","[]"
"MG Calendar Exceptions Display From","['Datetime From']"
"MG Output Gantt Changeover From Item","['Changeover From']"
"Intermittency Flag","[]"
"Interest Rate","[]"
"Inventory Turns",""
"Inventory Target","[]"
"Backtest Cycles",""
"Backorders REV LY","[]"
"Backorders REV","[]"
"Backorders LY","[]"
"Inventory LY","[]"
"Batch Start Time","[]"
"Batch End Time","[]"
"Base overload",""
"Base Units",""
"Base PTR",""
"Base PTC",""
"Under Forecast Lag1 (Stat Fcst L1)",""
"Under Forecast Lag1 (Sales Fcst)",""
"Under Forecast Lag1 (Reference3 Fcst)",""
"Under Forecast Lag1 (Reference2 Fcst)",""
"Under Forecast Lag1 (Reference1 Fcst)",""
"Under Forecast Lag1 (Published Fcst)",""
"Under Forecast Lag1 (Marketing Fcst)",""
"Under Forecast Lag1 (Consensus  Fcst)",""
"Inventory Cost Per Unit","[]"
"BUYER","[]"
"BUYBACK_RCPT_3MO_AVG Month",""
"BOQTY","[]"
"Inv Hold",""
"BOM Start Date Intermediate","[]"
"MG Output Gantt Changeover To Item","['Changeover To']"
"Under Forecast",""
"MG Output Invalidated Gantt Task Invalid Reason","[]"
"BOM End Date Intermediate","[]"
"VENDOR GROUP CODE","[]"
"VALPRIME","[]"
"Utilization % (Day)",""
"Utilization %",""
"User Like Item Override",""
"User Feature Weight","[]"
"User Defined Seed","[]"
"User Defined Ramp Up Volume","[]"
"User Defined Ramp Up Period","[]"
"User Cannibalized Item Override",""
"Upstream Transport vs Scope 3%",""
"Unfulfilled Order Units",""
"Underutilization",""
"Under Forecast Lag1 (Stat Fcst)",""
"Validation Audit Table Condition","['Audit Table Condition']"
"MG Order Field Quantity","[]"
"MG Order Field Make To Order","[]"
"MG Order Field Due Time","[]"
"MG Output Inventory Plan BOH","[]"
"VENDOR MATERIAL NUM","[]"
"MG Output Inventory Event Qty","[]"
"BOM Routing Priority",""
"BOM Routing Lot Size",""
"MG Output Inventory Event On Hand","[]"
"MG Output Inventory Event Datetime","[]"
"BOM Quantity Produced Per",""
"MG Output Invalidated Gantt Type","[]"
"BOM Quantity Consumed Per LC","[]"
"BOM Quantity Consumed Per",""
"MG Output Invalidated Gantt Task Skipped","[]"
"MG Output Gantt Solver Created Project Name","[]"
"Value Count","['No. of intersections between the percentiles']"
"Value Added %",""
"Validation Scheduling","['Scheduling']"
"Validation Retail Replenishment","['Retail Replenishment']"
"Validation Out Validation Table","['Out Validation Table']"
"Validation Out Table Condition","['Out Table Condition']"
"Validation Out Table Column","['Out Table Column']"
"Validation OP","['OP']"
"Validation MP","['MP']"
"Validation MEIO","['MEIO']"
"Validation Logistics Visibility","['Logistics Visibility']"
"Validation Data Stream","['Data Stream']"
"Validation DP","['DP']"
"Validation Commercial Planning","['Commercial Planning']"
"Validation Audit Table Name","['Audit Table Name']"
"Variable Inventory Storage Cost Per Unit","[]"
"Variability Threshold","[]"
"MG Output Invalidated Gantt Task Invalid","[]"
"BOM Consumed Per CoChange %","['% Change']"
"BOM Consumed Item Change Reason","['Change']"
"MG Output Invalidated Gantt Project Invalid Reason","[]"
"BOGO 50%","[]"
"BOGO","[]"
"MG Output Invalidated Gantt Operation Start Time","[]"
"MG Output Invalidated Gantt Operation End Time","[]"
"BODLane TransMode Start Date Intermediate","[]"
"BODLane TransMode Priority",""
"BODLane TransMode Lead Time LC","[]"
"MG Output Invalidated Gantt Operation Duration in Mins","[]"
"BODLane TransMode Lead Time",""
"BODLane TransMode End Date Intermediate","[]"
"W Activity Item End Date","['Activity End Date']"
"W Activity Holiday Intermediate","['Activity Holiday Intermediate']"
"W Activity End Date","['Activity End Date']"
"Volume Threshold","[]"
"Volume %","[]"
"Version Count","['Version Count at Action Triggered Time']"
"Vendor WTG","[]"
"Vendor Site WTG","[]"
"Vendor Site Deleted Cables","['Vendor Site']"
"Vendor Site Cables","['Vendor Site']"
"Vendor Deleted Cables","['Vendor']"
"Intransit Qty History","['Intransit Qty']"
"Vendor Cables","['Vendor']"
"Vendor Alias WTG","[]"
"Vendor Alias Deleted Cables","['Vendor Alias']"
"Vendor Alias Cables","['Vendor Alias']"
"MG Output Inventory Plan Outflow","[]"
"MG Parameters Field Origin Date","[]"
"MG Parameters Field Objectives","[]"
"MG Parameters Field Name","[]"
"MG Parameters Field Horizon","[]"
"MG Parameters Field End Time","[]"
"W Approved Shipment Plan","['Approved Shipment Plan']"
"W Approved Shipment Delivery Date","['Shipment Delivery Date']"
"W Approved Production Plan","['Approved Production Plan']"
"W Activity Start Date","['Activity Start Date']"
"MG Parameters Field Case Type","[]"
"W Activity Priority Time Varying","[]"
"W Activity Mandatory Offset","['Activity Mandatory Offset']"
"MG Parameters Display Start Time","[]"
"W Activity Item Start Date","['Activity Start Date']"
"W Activity Item Lead Time","['Activity Lead Time']"
"MG Project Field Due Time","[]"
"W Base Item Supplier Capacity Intermediate","['Base Item Supplier Capacity Intermediate']"
"W Base Item Supplier Capacity Baseline","['Base Item Supplier Capacity Baseline']"
"W Base Item Shared Supplier Capacity Intermediate","['Base Item Shared Supplier Capacity Intermediate']"
"W Base Item Shared Supplier Capacity Baseline","['Base Item Shared Supplier Capacity Baseline']"
"W BODLane Base Capacity Intermediate","['BODLane Base Capacity Intermediate']"
"W BOD Shared Capacity","['Shared Capacity']"
"W BOD Outbound Capacity Validation","[]"
"W BOD Inbound Capacity Validation","[]"
"MG Parameters Display Horizon","[]"
"MG Parameters Display End Time","[]"
"Stg MEIO","['MEIO']"
"MG Output Material Production Qty","[]"
"MG Output Material Production DateTime",""
"MG Output Material Consumption Qty","[]"
"MG Output Material Consumption Datetime","[]"
"MG Requirements Field Usage Type","['Usage Type']"
"W Capacity Fence at Resource Location","['Mid/Long Term Capacity Fence at Resource Location (in weeks)']"
"W Capacity Fence","['Mid/Long Term Capacity Fence Final (in weeks)']"
"W Capacity Consumption Plan From Pegging","['Capacity Consumption Plan From Pegging']"
"W CM Artificial Base Capacity","['Units Capacity', 'Mfg Base Capacity']"
"W Buff2 Forecast Quantity","['Buffer2 Forecast']"
"W Buff1 Forecast Quantity","['Buffer1 Forecast']"
"MG Output Inventory Plan Inflow","[]"
"MG Output Inventory Plan EOH","[]"
"MG Requirements Field Cleanup","['Cleanup']"
"MG Replenishment Field Time","[]"
"MG Replenishment Field Qty","['Qty']"
"MG Replenishment Display Time","['Time']"
"MG Project Field WIP","[]"
"MG Project Field Released","['Released']"
"MG Project Field Release Time","[]"
"W Capacity RCA At Item LC","['LC Capacity Constraints']"
"W Capacity RCA At Item COC Change %","['COC Capacity Constraint Change %']"
"W Capacity RCA At Item","['Capacity Constraints']"
"W Capacity Fence at Resource Location Override","['Mid/Long Term Capacity Fence Override (in weeks)']"
"MG Project Field Delivery Qty","['Delivery Qty']"
"MG Project Field Current Tasks","[]"
"MG Project Field Chosen Mode","[]"
"MG Project Display Release Time","['Release Time']"
"MG Project Display Due Time","['DueTime']"
"MG Parameters Field Weight","[]"
"MG Parameters Field Time Unit","[]"
"MG Parameters Field Start Time","[]"
"MG Resource Field AutoReplenish","['AutoReplenish']"
"MG Resource Calendar Association","[]"
"MG Requirements SetupID Assoc","[]"
"MG Requirements Field Work","['Work']"
"W DIST Activity Priority Time Varying","[]"
"MG Requirements Field Unload Used","['Unload Used']"
"MG Requirements Field Unload","['Unload']"
"MG Requirements Field Setup Used","['Setup Used']"
"MG Requirements Field Setup","['Setup']"
"MG Requirements Field Rank","['Rank']"
"W Consumption Holiday","['Consumption Holiday']"
"W Consumed Quantity UI",""
"W Consumed Quantity LC",""
"W Consumed Quantity COC Change %",""
"W Consume Outbound Capacity","[]"
"W Consume Handling Capacity","[]"
"W Component Start Date","[]"
"W Component End Date","[]"
"W Capacity Short Late RCA Quantity","['Capacity Short Late RCA Quantity']"
"W Capacity RCA Quantity Baseline","['Capacity Constraint Baseline']"
"W DIST Release Window at Item Location BODLane","[]"
"MG Requirements Field Qty","['Qty']"
"W DIST Activity Share","[]"
"W DIST Activity Priority Time Varying Override Input","[]"
"MG Requirements Field Process Used","['Process Used']"
"MG Requirements Field Load Used","['Load Used']"
"MG Requirements Field Load","['Load']"
"MG Requirements Field Incremental","['Incremental']"
"MG Requirements Field Cleanup Used","[]"
"MG Resource Field Stock Life","['Stock Life']"
"MG Resource Field Qty Unit","['Qty Unit']"
"BILL TO LOCATION CODE","[]"
"MG Resource Field Qty","['Qty']"
"MG Resource Field Process Type","['Process Type']"
"B2GO","[]"
"Avg Volume","[]"
"Avg Excess Inventory Cost Last 12 Weeks",""
"Avg Excess Inventory",""
"Avg Cost of Last Week",""
"Avg Cost of Last 4 Weeks",""
"Avg Cost of Last 12 Weeks",""
"Avg Below Target Inventory",""
"W Demand Priority Plugin Output Rules Used","['Demand Priority Plugin Output Rules Used']"
"W Demand Priority Plugin Output Normalised","['Demand Priority Plugin Output Normalised']"
"W Demand Priority Plugin Output","['Demand Priority Plugin Output']"
"W Demand Planning Sequence","[]"
"W Demand No Plan","['Demand No Plan']"
"W Demand Incremental Flag-User Input","['Demand Incremental Flag']"
"W Demand Fulfillment Quantity",""
"W Demand Fill Rate LC","['LC Demand Fill Rate']"
"W Deactivate BODLane","['Deactivate BODLane']"
"W DOS Target From IBP","['DOS Target From IBP']"
"MG Solver Settings Field Scheduling Chunk","['Scheduling Chunk']"
"Auxillary Inventory Storage Threshold","[]"
"Auxiliary Inventory Storage Cost Per Unit","[]"
"Auto ARIMA Model","[]"
"Attribute Name Object","[]"
"Attribute Alias Description","['Alias Description']"
"MG Resource Field Parent Type","['Parent Type']"
"MG Resource Field Parent","['Parent']"
"MG Resource Field Make To Order","['Make To Order']"
"Avg Transit History","['Avg Transit']"
"Avg On Hand Cost Last 4 Weeks",""
"Avg On Hand Cost Last 12 Weeks",""
"Avg On Hand Cost  Last Week",""
"Avg Inc. Units",""
"Avg Excess Inventory Cost Last Week",""
"Avg Excess Inventory Cost Last 4 Weeks",""
"MG Solver Settings Field Max Scheduling Time","['Max Time in seconds']"
"MG Resource Field Fill Time","['Fill Time']"
"MG Resource Field Fill Slack","['Fill Slack']"
"MG Resource Field Fill Size","['Fill Size']"
"MG Resource Field Current SetupID","['Current SetupID']"
"MG Resource Field Contains Resource","['Contains Resource']"
"MG Resource Field Contains Quantity","['Contains Qty']"
"MG Resource Field Contains Min","['Contains min']"
"MG Resource Field Contains Capacity","['Contains Capacity']"
"Assigned Algorithm List","[]"
"W Dummy Demand Quantity Committed Orders","[]"
"W Dummy Demand Quantity Committed Forecast","[]"
"MG Resource Field Container","['Container']"
"MG Solver Settings Field StopA","['StopA']"
"W Demand SS PreBuild","['Demand SS PreBuild']"
"W Demand Priority Plugin Output Rules Used Description","['Demand Priority Plugin Output Rules Used Description']"
"W Flex2 Item Shared Supplier Capacity Baseline","['Flex2 Item Shared Supplier Capacity Baseline']"
"W Flex1 Item Supplier Capacity Baseline","['Flex1 Item Supplier Capacity Baseline']"
"W Flex1 Item Shared Supplier Capacity Baseline","['Flex1 Item Shared Supplier Capacity Baseline']"
"W Final Production Plan Recommendation","['Final Recommendation']"
"Allocation%","[]"
"Algorithm List Non KIL","[]"
"Algorithm List Cat9","[]"
"Algorithm List","[]"
"Algorithm","[]"
"Approved Negative quantity Intermediate",""
"W Expected Receipts LC","['Expected Receipts LC']"
"W Equivalent Demand Late Short Quantity","[]"
"W Dummy Demand Quantity Unforecasted Orders","[]"
"W Dummy Demand Quantity New Orders","[]"
"W Dummy Demand Quantity New Forecast","[]"
"MG Solver Settings Field PopSize","['Population Size']"
"W InTransit Quantity Baseline","['InTransit Quantity Baseline']"
"W InTransit Quantity","['InTransit Quantity']"
"W InTransit Delivery Date Override","['InTransit Delivery Date Override']"
"W InTransit Delivery Date Baseline","['InTransit Delivery Date Baseline']"
"W InTransit Delivery Date","['InTransit Delivery Date']"
"W InTransit Creation Date","['InTransit Creation Date']"
"W InTransit Consuming Capacity Quantity TG","[]"
"MG Solver Settings Field Max Quietness","['Max Quietness']"
"W Flex2 Item Supplier Capacity Baseline","['Flex2 Item Supplier Capacity Baseline']"
"Aggregation for Feature","[]"
"MG Solver Settings Field Max Iteration","['Max Iteration']"
"MG Solver Settings Field Max Acceptance","['Max Acceptance']"
"MG Solver Settings Field Ignore MRP","['Ignore MRP']"
"MG Solver Settings Field Ignore Demand","['Ignore Demand']"
"Adjusted PR Qty Deleted Cables","[]"
"ActualsCleansingMethod","[]"
"MG Setup Delays Field Additive",""
"Actuals L2C","[]"
"Actuals L1C","[]"
"Actuals L12C","[]"
"Actuals L11C","[]"
"Actuals L10C","[]"
"MG Setup Delays Field Setup Flag",""
"Actuals Current Month","[]"
"Actuals L9C","[]"
"Actuals L8C","[]"
"Actuals L7C","[]"
"Actuals L6C","[]"
"Actuals L5C","[]"
"Actuals L4C","[]"
"Actuals L3C","[]"
"W InTransit Quantity Override","['InTransit Quantity Override']"
"W MFG WIP Finish Date Baseline","['MFG WIP Finish Date Baseline']"
"W MFG WIP Finish Date","['MFG Firm Plan Finish Date']"
"W MFG Produced Yield Time Varying Override Intermediate","[]"
"W MFG Consumed Yield Time Varying Override Intermediate","[]"
"W Load Plan Resource Consumption Quantity UI",""
"W Load Plan Resource Consumption Quantity LC",""
"W Load Plan Resource Consumption Quantity COC Change %",""
"W Load Plan Res Consumed Qty","['Resource Consumed Qty']"
"W Load Plan Planned Supply","['Planned Supply']"
"MG Setup Delays Field Delay",""
"W Load Plan Material Production Quantity UI",""
"W Load Plan Material Production Quantity LC",""
"W Load Plan Material Production Quantity COC Change %",""
"W Load Plan Firm Supply","['Firm Supply']"
"W Item Location Association","['Item Location Association']"
"MG Setup Delays Field Anticipate",""
"W Material Consumed Quantity Per Time Varying","['Material Consumed Quantity Per Time Varying']"
"MG Resource Workflow Priority","[]"
"MG Resource Members Association",""
"MG Resource Field Unconstrained Flag","['Is Constrained']"
"MG Workflow Mode Display Active From","[]"
"MG Workflow Field Type","['Type']"
"MG Workflow Field Successor","['Successor']"
"MG Workflow Field Min Delta","['Min Delta']"
"Actual Raw","[]"
"MG Workflow Field Max Delta","['Max Delta']"
"MG Workflow Field Link Delay Type","['Link Delay Type']"
"MG Task Field Related Task","['Related Task']"
"W MFG WIP Start Date","['MFG Firm Plan Start Date']"
"W MFG WIP Quantity Override","['MFG WIP Quantity Override']"
"W MFG WIP Quantity Baseline","['MFG WIP Quantity Baseline']"
"W MFG WIP Finish Date Override","['MFG WIP Finish Date Override']"
"W Material RCA LC","['LC Material Constraints']"
"W Material Production Quantity Plan Output LC","['LC Material Production Quantity']"
"W Material Production Quantity Plan Output COC Change %","['COC Material Production Change %']"
"W Material Production Plan From Pegging","['Material Production Plan From Pegging']"
"W Material Production Pegged Quantity UI",""
"W Material Production Pegged Quantity LC",""
"W Material Production Pegged Quantity COC Change %",""
"W Material Produced Quantity Per Time Varying","['Material Produced Quantity Per Time Varying']"
"Actual L4","[]"
"Actual Input","[]"
"MG Task Field Qty","['Qty']"
"MG Task Field Long Name","['Long Name']"
"Actual Cleansed System vs Actual Gap%",""
"Actual Cleansed System vs Actual Gap","[]"
"Actual Cleansed System  vs Actual Gap","[]"
"W Material Consumption Plan From Pegging","['Material Consumption Plan From Pegging']"
"W Netting Committed Orders","['Committed Orders']"
"W Netting Committed Forecast","['Committed Forecast']"
"W Netting Committed Buffer Forecast","['Committed Buffer']"
"W Netting Backward Buckets","['Netting Backward Buckets']"
"W Merge Purchase Orders Params","['Merge Purchase Orders Params']"
"W Merge Production Order Params","['Merge Production Order Params']"
"W Merge OnHand Params","['Merge OnHand Params']"
"W Merge Machine Capacity Params","['Merge Machine Capacity Params']"
"W Merge Labour Capacity Params","['Merge Labour Capacity Params']"
"W Merge Intransit Params","['Merge Intransit Params']"
"W Merge Demand Params","['Merge Demand Params']"
"W Merge Artificial Capacity Params","['Merge Artificial Capacity Params']"
"W Max Lateness Buckets","['Max Lateness Buckets']"
"W Material Short Late RCA Quantity","['Material Short Late RCA Quantity']"
"W Material Requirements Generation Type","['Requirements PlanStrategy ( Starts or Outs )']"
"W Material RCA Quantity COC Change %","['COC Material Constraint Change %']"
"ML W Lag Accuracy","[]"
"MG Task Field Interruptible","[]"
"MG Task Field Choice Type","['Choice Type']"
"MG Solver Settings Field Use Abstract Time","['Use Abstract Time']"
"MG Solver Settings Field TimeZone","['TimeZone']"
"MG Solver Settings Field StopT","['StopT']"
"W Number Base Overloads","['Number Base Overloads']"
"W Netting Unforecasted Orders","['Unforecasted orders']"
"MG Solver Settings Field StopQ","['StopQ']"
"MG Solver Settings Field StopI","['StopI']"
"MN Customer Attribute2",""
"MN Customer Attribute1",""
"W Netting New Orders","['New Orders']"
"W Netting New Forecast","['New Forecast']"
"W Netting New Buffer Forecast","['New Buffer']"
"W Netting Forward Buckets","['Netting Forward Buckets']"
"Active Realignment Flag","[]"
"Active Purchase ( Minus 90 Days)","[]"
"Active Purchase ( Minus 180 Days)","[]"
"Active Process by Day","[]"
"W Open Order Quantity TG","['Open Order Qty']"
"W OnHand Quantity Override","['OnHand Quantity Override']"
"W OnHand Quantity Baseline","['OnHand Quantity Baseline']"
"W OBO Material Constraint Quantity",""
"W OBO Capacity Constraint Quantity",""
"Actual Cleansed Adjustment","[]"
"Actual COV","[]"
"MN Custom Measure3 Mapping","[]"
"MN Custom Measure2 Mapping","[]"
"MN Custom Measure1 Mapping","[]"
"MN Append Rule2","[]"
"MN Append Rule1","[]"
"W PO Shipped Quantity Delivery Date","['PO Shipped Quantity Delivery Date']"
"W PO Shipped Quantity","['Shipped Qty']"
"W PO Recommendation Override","['Override Value']"
"W PO Recommendation Final","['Purchase Recommendation Final']"
"W PO Recommendation Cumulative Override","['Cumulative Overrides']"
"W PO Recommendation Approval","['Approval']"
"W PO Delivery Date","['Delivery Date']"
"W PO Creation Date","['Creation Date']"
"MINIMUM ORDER QUANTITY","[]"
"MIN DSOH","[]"
"MG Workflow Task Association","[]"
"MG Workflow Parameters Field FillSize","[]"
"MG Workflow Mode Field Active To","[]"
"Activity Date","[]"
"MG Workflow Mode Field Active From","[]"
"Active Realignment Threshold","[]"
"MN Priority Group Description","[]"
"MG Workflow Mode Display Active To","[]"
"W Plan Date Node Marker","['Plan Date Node Marker']"
"Input Position","['Position']"
"Input OP","['OP']"
"Action Start Time","[]"
"Action End Time","[]"
"Accuracy",""
"Accumulated Shipment History","['Accumulated Shipment']"
"AVAIL OH","[]"
"ATTUID","[]"
"ATT Service Level across IO Horizon","['ATT Service Level']"
"Input MP","['MP']"
"ARIMA Non KIL","[]"
"Input MEIO","['MEIO']"
"ARIMA Cat9","[]"
"W ProcLane Shipping Holiday Intermediate","[]"
"W ProcLane Shipping Holiday","[]"
"W ProcLane Receiving Holiday Number","[]"
"AR-NNET Model","[]"
"API Update Record Count","[]"
"API Table Record Count","[]"
"API Insert Record Count","[]"
"API Delete Record Count","[]"
"AL STO Quantity for LT Prediction","[]"
"AL STO Price for LT Prediction","[]"
"AL STO Predictor Name","['Predictor Name']"
"AL STO On Time % TG","['On Time %']"
"AL STO OTIF TG","['OTIF%']"
"W ProcLane Receiving Holiday","[]"
"MN Priority Group Sequence","[]"
"MN Priority Group Number","[]"
"W Produced Quantity LC",""
"W Produced Quantity COC Change %",""
"MN Priority Format","[]"
"MN Prioritization Log","[]"
"MN Location Attribute3 Mapping","[]"
"MN Location Attribute2 Mapping","[]"
"MN Location Attribute1 Mapping","[]"
"AL STO OTIF % TG","['OTIF % (Inbound)']"
"AL STO Modelled Lead Time Outbound","['STO Modelled Lead Time (Outbound)']"
"AL STO Modelled Lead Time Inbound","['STO Modelled Lead Time']"
"AL STO Lead Time Step Inbound","['Lead Time Frequency']"
"W Procurement Forecast COC Upper Threshold %","['Procurement Forecast COC Upper Threshold %']"
"W Procurement Forecast COC Lower Threshold %","['Procurement Forecast COC Lower Threshold %']"
"W Procurement Commits Flex Window","['Flex Window']"
"MN Item Attribute3 Mapping","[]"
"W ProcLane Shipping Holiday Number","[]"
"AL STO ILM Goods Receipt Quantity","['Goods Receipt Quantity']"
"AL STO Feature Importance","['Feature Importance']"
"W Purchase Requirement Cumulative","['Cumulative Purchase Requirements']"
"W Purchase Requirement","['Purchase Requirements']"
"W Production Plan Recommendation In Release Window Over Ride","['Override']"
"W Production Plan Recommendation In Release Window","['Suggest Recommendation']"
"W Production Plan Approval","['Approve']"
"W Production Holiday Intermediate","[]"
"W Production Holiday","['Production Holiday']"
"W Producer To Producer To Pegged Quantity UI",""
"W Producer To Producer To Pegged Quantity LC",""
"W Producer To Producer To Pegged Quantity COC Change%",""
"W Producer To Producer From Pegged Quantity UI",""
"W Producer To Producer From Pegged Quantity LC",""
"W Producer To Producer From Pegged Quantity COC Change %",""
"W Produced Quantity UI",""
"MN Item Attribute1 Mapping","[]"
"W Requirement Plan Definition","['Requirement Plan Definition']"
"W Request vs Commits LC","['Difference between Request and LC Commits']"
"W Receiving Holiday Number","[]"
"W RM Planner Material Constraint Flag","['Prioritized Material Constraints']"
"W Purchase Requirement Generation Type","['Purchase Requirement Strategy']"
"AL STO Is On Time TG","['STO On Time?']"
"AL STO Is In Full TG","['STO Receipt Quantity In Full?']"
"AL STO In Full % TG","['In Full %']"
"AL STO ILM Outlier Corrected Lead Time","['Outlier Corrected Lead Time']"
"AL STO ILM OTIF% TG","['OTIF %']"
"AL STO ILM Net Price Per Unit","['Net Price Per Unit']"
"AL STO ILM Modelled Lead Time","['Modelled Lead Time']"
"AL STO ILM ML Predicted Lead Time","['ML Predicted Lead Time']"
"AL STO ILM MAPE","['ML Prediction MAPE %']"
"AL STO ILM Lead Time StdDev","['Lead Time Standard Deviation (Days)']"
"W Sched Receipt Delivery Date Override","['Sched Receipt Delivery Date Override']"
"W Sched Receipt Delivery Date Baseline","['Sched Receipt Delivery Date Baseline']"
"MN Item Attribute2 Mapping","[]"
"W SS Quantity Override","['Shipment Quantity Override']"
"W SS Quantity Baseline","['Shipment Quantity Baseline']"
"W SS Pre-Build Node Marker","['SS Pre-Build Node Marker']"
"W SS Delivery Date Override","['Shipment Delivery Date Override']"
"W SS Delivery Date Baseline","['Shipment Delivery Date Baseline']"
"W SS Capacity Root Cause Quantity",""
"AL STO % of Goods Receipt Quantity TG","[]"
"AL PrO Production Plan Lag Calculated","['Lag Calculated']"
"AL PrO Planned Production Lag Intermediate","['Planned Production Quantity']"
"AL PrO Planned Production Chosen Lag","['Plan Quantity at chosen Lag']"
"AL PrO Order Duration","['Observed Production Frequency']"
"AL PrO Lagged Production PPA","['PPA with chosen Lag']"
"AL PrO Goods Produced Weeks","['Goods Produced Weeks']"
"W Shipment Plan Approval","['Shipment Plan Approval']"
"W Shipment Delivery Date","['Shipment Delivery Date']"
"W Sched Receipt Quantity Override","['Sched Receipt Quantity Override']"
"AL PrO Goods Delivered Quantity TG",""
"AL PO Undersupply given Expedite%","['Undersupply given Expedite%']"
"AL PO Undersupply given Delay%","['Undersupply given Delay%']"
"AL PO Supplier Performance","['Supplier Performance']"
"AL PO Responsiveness","['Responsiveness']"
"AL PO Reliability","['Reliability']"
"AL PO Quantity for LT Prediction","['Quantity for LT Prediction']"
"AL PO Price for LT Prediction","['Price for LT Prediction']"
"AL PO Predicted Lead Time","['Predicted Lead Time']"
"AL PO Oversupply given Expedite%","['Oversupply given Expedite%']"
"AL PO Oversupply given Delay%","['Oversupply given Delay%']"
"AL PO Outlier Corrected LT","[]"
"W Sched Receipt Quantity Baseline","['Sched Receipt Quantity Baseline']"
"MN Sort Rule1","[]"
"W Suggested PO Start Date","['Start Date']"
"W Suggested PO Quantity","['Approved Purchase Recommendations']"
"W Suggested PO Delivery Date","['Delivery Date']"
"AL PO OTIF% on Requested Date","['OTIF% on Requested Date']"
"AL PO OT% on Requested Date","['OT% on Requested Date']"
"AL PO Lead Time Observed","[]"
"AL PO Lateness in Communication%","['Lateness in Communication%']"
"AL PO Lane Predicted Lead Time Series","[]"
"AL PO Lane Lead Time Step","[]"
"AL PO Lane Lead Time Series","[]"
"MP Global",""
"W Shipping Holiday Number","[]"
"W Shipment Plan Solver Output","['Shipment Plan Output']"
"W Shipment Plan Recommendation Final","['Final Shipment Plan']"
"W Shipment Plan Override","['Shipment Plan Override']"
"Input Table Type","[]"
"W Supplier Item Lead Time","['Proc Lead Time', 'Proc Lead Time']"
"MN Time Rule2",""
"MN Time Rule1",""
"AL KPI Segmentation Category","['Segmentation Category']"
"AL PO Item Supplier Association","['Unique Item Count']"
"AL PO IF% on Requested Date","['IF% on Requested Date']"
"AL PO Flexibility to Quantity Upside%","['Flexibility to Quantity Upside%']"
"AL PO Flexibility to Quantity Downside%","['Flexibility to Quantity Downside%']"
"AL PO Flexibility to Date Expedite%","['Flexibility to Date Expedite%']"
"AL PO Flexibility to Date Delay%","['Flexibility to Date Delay%']"
"AL PO Flexibility","['Flexibility']"
"W Supplier Commits Flex %","['Commits Flex %']"
"W Supplier Commits COC Upper Threshold %","['Supplier Commits COC Upper Threshold %']"
"W Supplier Commits COC Lower Threshold %","['Supplier Commits COC Lower Threshold %']"
"MN Sort Rule2","[]"
"AL KPI Last Run","['Last Run']"
"AL KPI Inventory Write Off","[""Avg Inventory that doesn't have value anymore""]"
"AL KPI MAPE Fcst Lag 3","['Lag 3 Forecast MAPE']"
"AL KPI MAPE Fcst Lag 2","['Lag 2 Forecast MAPE']"
"AL KPI MAPE Fcst Lag 1","['Lag 1 Forecast MAPE']"
"AL KPI MAPE Cum Fcst Lag 3","['Cum Lag 3 Forecast MAPE']"
"AL KPI MAPE Cum Fcst Lag 2","['Cum Lag 2 Forecast MAPE']"
"AL KPI Open Order Lateness TG","['Open Order Lateness (days)']"
"AL KPI On Time by Requested Date","['On Time by Request Date']"
"AL KPI On Time by Commit Date","['On Time by Commit Date']"
"AL KPI Observed Lead Time","['Observed Lead Time']"
"AL KPI OTIF by Requested Date","['OTIF by Requested Date']"
"AL KPI OTIF by Commit Date","['OTIF by Commit Date']"
"W Target Quantity From IBP","['Target Quantity From IBP']"
"W Target Inventory Per WOS Target","['Target Inventory Per WOS Target']"
"W Target Inventory COC Change %","['COC Target Inventory Change %']"
"AL KPI Excess Item Count L12W","['Items with excess inventory for Last 12 weeks']"
"W User Input Date for Frozen Window","[]"
"W Upstream Network Resource Primary Path Flag",""
"W Upstream Network Resource Levels",""
"W Upstream Network Resource Lead Time",""
"W Upstream Network Resource Cum Yield",""
"W Upstream Network Item Primary Path Flag",""
"W Upstream Network Item Cum Yield",""
"Input Table Category","[]"
"W Upper Threshold WOS","['Upper Threshold WOS']"
"W Upper Threshold Quantity","['Upper Threshold Quantity']"
"W Total Flex Capacity Cost","['Total Flex Capacity Cost']"
"W Total Constraint Quantity","[]"
"AL KPI Lateness Order Count more than 14","['Beyond Limit-B']"
"AL KPI Lateness Order Count 7 to 14","['Between Limit-A & Limit-B']"
"AL KPI Lateness Order Count 1 to 7","['Below Limit-A']"
"W WOS For Total Demand","[]"
"W WOS For Independent Demand","[]"
"Input System Recommended Values","[]"
"W WIP Quantity TG","['Firm Plan']"
"W WIP Production Quantity Intermediate","['WIP Production Quantity Intermediate']"
"W WIP PROC Production Intermediate","['WIP PROC Production Intermediate']"
"W WIP Material Production Quantity LC","['Firm Plan LC']"
"AL KPI Interval 2","['Limit B']"
"AL KPI Interval 1","['Limit A']"
"AL KPI In Full by Requested Date","['In Full by Requested Date']"
"AL KPI In Full by Commit Date","['In Full by Commit Date']"
"AL KPI Forecast Lag 3","['Forecast Lag 3 (location)']"
"AL KPI Forecast Lag 2","['Forecast Lag 2 (location)']"
"AL KPI Forecast Lag 1","['Forecast Lag 1 (location)']"
"AL KPI Excess Item Count LW","['Items with excess inventory for last week']"
"AL KPI Excess Item Count L4W","['Items with excess inventory for last 4 weeks']"
"WIP Production Pegged Quantity",""
"WIP Infeasibility Flag",""
"WIP Consumption Pegged Quantity",""
"Input Suggested Usage Guide","[]"
"Input Source Type","['Source Type']"
"W Where Used Broken ProcLanes Exceptions Count","['Exception Count']"
"W Where Used Broken Network ProcLane DataValidation","['Where Used Broken ProcLane Network DataValidation']"
"W Where Used Broken Network From Nodes","[]"
"W Where Used Broken Network BOM DataValidation","['Where Used Broken BOM Network DataValidation']"
"W Where Used Broken Network BODLane DataValidation","['Where Used Broken Network BODLane DataValidation']"
"W Where Used Broken BOMs Exceptions Count","['Exception Count']"
"W Where Used Broken BODLane Exceptions Count","['Exception Count']"
"Input Sign","['Sign']"
"Input Scheduling","['Scheduling']"
"W Weighted Late Quantity","['Weighted Late Quantity']"
"W WOS Target COC Change %","['COC WOS Target Change %']"
"AL KPI Cumulative Lag 2","['Cum Lag 2 Forecast']"
"AL KPI Criterion Flag for Segmentation","['Segmentation Category Criteria']"
"AL KPI Commit Open Orders Lateness Day","['Commit Lateness Day (Open)']"
"YTD Actuals Cat9","[]"
"Input Retail Replenishment","['Retail Replenishment']"
"Write Off Inventory Value",""
"Wk Cover Target","[]"
"Wk Cover","[]"
"Weighted Snaive Model","[]"
"Weighted AOA Model","[]"
"Weekly Capacity Fence at Location","['Mid/Long Term Capacity Fence at Location (in weeks)']"
"WOS Target",""
"WOS LC","[]"
"WOS","[]"
"MRP Visibility","[]"
"WIP Sweep Depth","[]"
"isInteger","['Feature is Numeric?']"
"L0 System Mobile Final Weight","['Final Weight']"
"L0 System Mobile Distance","['System Input']"
"AI Predict Feature Transform Type","[]"
"AI Predict Feature Transform SubType","[]"
"AI Predict Feature Relative Importance","[]"
"AI Predict Feature Extra Info","[]"
"ACTPRMHECI7","[]"
"ACTDATE","[]"
"ABC CLASS NAME","[]"
"95th Percentile STO Lead Time","[]"
"95th Percentile Lead Time","[]"
"95% Chance STO Arrival Date","[]"
"L0 System Mobile Weight","['Shipment Weight']"
"% SKU Last 4 Weeks",""
"AL KPI Actuals Cum Lag 3","['Cum Lag 3 Actuals']"
"L0 System Mobile Shipment Date","['System Input']"
"L0 o9 C4 TKM Override","['o9 TKM Override']"
"6 Months Avg Shipment","[]"
"4K Container Stop Event Estimated Arrival Date","['ETA']"
"3 Months Avg Shipment","[]"
"12 Months Avg Shipment","[]"
"AL KPI Actual Delivered Quantity CT","['Actual Delivered Quantity']"
"AL KPI Accuracy","['Forecast Accuracy']"
"AL KPI Detail Order Price","['Detail Order Price']"
"AL KPI Days Low LW","['Last Week']"
"AL KPI Days Low L4W","['Last 4 Weeks']"
"AL KPI Days High LW","['Last Week']"
"AL KPI Days High L4W","['Last 4 Weeks']"
"AL KPI Days High L12W","['Last 12 Weeks']"
"AL KPI Cutoff for Segmentation","['Cutoff for Segmentation']"
"L0 System Mobile TKM Load Factor","['Load Factor']"
