MeasureName,Aliases,Domain,Business Capability,Capability Description,Capability Confidence,Measure Description,Evidence / Source Excerpt
Adjusted Forecast,,Demand Planning,Collaborative Demand Planning & Consensus,"Supports cross-functional collaboration to review, adjust, and finalize demand forecasts through structured override and consensus workflows.",HIGH,Represents the consensus demand forecast after cross-functional review and manual overrides applied on top of the statistical or driver-based baseline.,Adjusted Forecast after collaborative review and adjustments
Adjusted Forecast,,Demand Planning,Driver-Based Forecast Generation (Short Term),"Builds short-horizon demand forecasts by decomposing demand into quantifiable drivers such as promotions, media, pricing, and weather.",HIGH,Represents the consensus demand forecast after cross-functional review and manual overrides applied on top of the statistical or driver-based baseline.,Adjusted Forecast after collaborative review and adjustments
Short Term Driver Based Forecast,ST Driver Based Fcst,Demand Planning,Driver-Based Forecast Generation (Short Term),"Builds short-horizon demand forecasts by decomposing demand into quantifiable drivers such as promotions, media, pricing, and weather.",HIGH,"Short-horizon forecast generated by decomposing demand into quantifiable short-term drivers (promotions, media, pricing, etc.) and applying them to a base.",Short Term Driver Based Fcst from decomposed driver inputs
Long Term Driver Based Forecast,MT Driver Based Fcst,Demand Planning,Driver-Based Forecast Generation (Mid/Long Term),Constructs medium-to-long-horizon strategic forecasts decomposed into business drivers to inform capacity and supply strategy.,HIGH,"Long-horizon demand forecast derived from strategic drivers including demographics, macro-economics, NPD, and category trends.",Long Term Driver Based Fcst for strategic horizon planning
LY Sales,,Demand Planning,Historical Data Management & Cleansing,"Manages, cleanses, and adjusts historical sales and demand data to establish reliable baselines for forecasting.",HIGH,Last year's actual sales volume used as a reference baseline for year-over-year comparison and forecast calibration.,LY Sales used as historical baseline reference
Forecast Multiplication Factor,Fcst Multiplication Factor,Demand Planning,Statistical & ML Forecast Generation,Generates baseline demand forecasts using statistical algorithms and ML models to produce data-driven predictions at DFU level.,MEDIUM,A multiplicative scaling factor applied to the base statistical or driver-based forecast to account for seasonality or other systematic adjustments.,Fcst Multiplication Factor applied to baseline forecast
Forecast Multiplication Factor,Fcst Multiplication Factor,Demand Planning,Driver-Based Forecast Generation (Short Term),"Builds short-horizon demand forecasts by decomposing demand into quantifiable drivers such as promotions, media, pricing, and weather.",MEDIUM,A multiplicative scaling factor applied to the base statistical or driver-based forecast to account for seasonality or other systematic adjustments.,Fcst Multiplication Factor applied to baseline forecast
LLY Sales,,Demand Planning,Historical Data Management & Cleansing,"Manages, cleanses, and adjusts historical sales and demand data to establish reliable baselines for forecasting.",HIGH,Two years ago actual sales volume used to identify multi-year trends and validate forecasting models.,LLY Sales as two-year historical reference
Actual,,Demand Planning,Demand Sensing & Actuals Tracking,Captures near-term demand actuals and signals at location and DFU level for operational and short-horizon planning.,HIGH,Confirmed actual demand or sales quantity at the DFU level used for performance measurement and model recalibration.,Actual demand quantity at DFU for performance tracking
Actual,,Demand Planning,Historical Data Management & Cleansing,"Manages, cleanses, and adjusts historical sales and demand data to establish reliable baselines for forecasting.",HIGH,Confirmed actual demand or sales quantity at the DFU level used for performance measurement and model recalibration.,Actual demand quantity at DFU for performance tracking
JDA Forecast,Test Fcst,Demand Planning,External Forecast Integration,"Integrates external system forecasts (e.g., JDA, Mosaic) and market-based signals into the planning workflow.",HIGH,"Forecast sourced from the JDA planning system, ingested as an external benchmark or test forecast within the planning platform.",JDA Forecast integrated as external benchmark
LLLY Sales,,Demand Planning,Historical Data Management & Cleansing,"Manages, cleanses, and adjusts historical sales and demand data to establish reliable baselines for forecasting.",HIGH,Three years ago actual sales volume providing extended historical context for trend analysis and long-range forecasting.,LLLY Sales as three-year historical baseline
Adjusted History,,Demand Planning,Historical Data Management & Cleansing,"Manages, cleanses, and adjusts historical sales and demand data to establish reliable baselines for forecasting.",HIGH,"Cleansed and adjusted historical demand data with outliers, one-off events, and data errors corrected to create a reliable statistical baseline.",Adjusted History with cleansed demand data for forecasting
Adjusted Fcst LC,Adjusted ST Fcst LC,Demand Planning,Collaborative Demand Planning & Consensus,"Supports cross-functional collaboration to review, adjust, and finalize demand forecasts through structured override and consensus workflows.",HIGH,"Short-term adjusted forecast expressed in local currency, enabling financial consolidation and multi-currency planning workflows.",Adjusted Fcst in Local Currency for financial consolidation
Adjusted Fcst LC,Adjusted ST Fcst LC,Demand Planning,Financial & Revenue Forecasting,Converts volume forecasts into net revenue and financial outputs to support P&L and commercial planning.,HIGH,"Short-term adjusted forecast expressed in local currency, enabling financial consolidation and multi-currency planning workflows.",Adjusted Fcst in Local Currency for financial consolidation
LY Adjusted History,,Demand Planning,Historical Data Management & Cleansing,"Manages, cleanses, and adjusts historical sales and demand data to establish reliable baselines for forecasting.",HIGH,Last year's adjusted and cleansed historical demand data used as a calibrated baseline for year-over-year forecast comparison.,LY Adjusted History for cleansed prior-year reference
LLY Adjusted History,,Demand Planning,Historical Data Management & Cleansing,"Manages, cleanses, and adjusts historical sales and demand data to establish reliable baselines for forecasting.",HIGH,Two-year-ago adjusted historical demand data supporting multi-year trend detection and statistical model training.,LLY Adjusted History for multi-year baseline analysis
LLLY Adjusted History,,Demand Planning,Historical Data Management & Cleansing,"Manages, cleanses, and adjusts historical sales and demand data to establish reliable baselines for forecasting.",HIGH,Three-year-ago adjusted historical demand data providing the deepest historical layer for long-range forecasting and seasonality calibration.,LLLY Adjusted History for extended historical reference
Final Long Term Driver Based Forecast,Final Long Term Driver Based Fcst,Demand Planning,Driver-Based Forecast Generation (Mid/Long Term),Constructs medium-to-long-horizon strategic forecasts decomposed into business drivers to inform capacity and supply strategy.,HIGH,"Final output of the long-term driver-based forecasting process after all driver adjustments and review cycles, ready for S&OP and supply planning.",Final Long Term Driver Based Fcst as approved LT output
Final Multiplying Factor,Seasonality & Mean Value Adj,Demand Planning,Statistical & ML Forecast Generation,Generates baseline demand forecasts using statistical algorithms and ML models to produce data-driven predictions at DFU level.,HIGH,Combined seasonality and mean value adjustment factor applied as a final multiplier to align forecast magnitude with expected demand patterns.,Seasonality & Mean Value Adj as final multiplying factor
Final Multiplying Factor,Seasonality & Mean Value Adj,Demand Planning,Driver-Based Forecast Generation (Mid/Long Term),Constructs medium-to-long-horizon strategic forecasts decomposed into business drivers to inform capacity and supply strategy.,HIGH,Combined seasonality and mean value adjustment factor applied as a final multiplier to align forecast magnitude with expected demand patterns.,Seasonality & Mean Value Adj as final multiplying factor
Adjusted Forecast NR,Adjusted Fcst NR,Demand Planning,Financial & Revenue Forecasting,Converts volume forecasts into net revenue and financial outputs to support P&L and commercial planning.,HIGH,"Net revenue equivalent of the adjusted consensus forecast, translating volume into financial value for P&L and commercial planning.",Adjusted Fcst NR for financial revenue planning
Adjusted Forecast NR,Adjusted Fcst NR,Demand Planning,Collaborative Demand Planning & Consensus,"Supports cross-functional collaboration to review, adjust, and finalize demand forecasts through structured override and consensus workflows.",HIGH,"Net revenue equivalent of the adjusted consensus forecast, translating volume into financial value for P&L and commercial planning.",Adjusted Fcst NR for financial revenue planning
Adjusted Forecast MT LC,Adjusted MT Fcst LC,Demand Planning,Driver-Based Forecast Generation (Mid/Long Term),Constructs medium-to-long-horizon strategic forecasts decomposed into business drivers to inform capacity and supply strategy.,HIGH,"Mid-term adjusted forecast expressed in local currency, supporting medium-horizon financial and commercial planning across regions.",Adjusted MT Fcst LC for mid-term local currency planning
Adjusted Forecast MT LC,Adjusted MT Fcst LC,Demand Planning,Financial & Revenue Forecasting,Converts volume forecasts into net revenue and financial outputs to support P&L and commercial planning.,HIGH,"Mid-term adjusted forecast expressed in local currency, supporting medium-horizon financial and commercial planning across regions.",Adjusted MT Fcst LC for mid-term local currency planning
External fcst for constrained,Stuructural Constraints,Supply Planning,Supply Commitment Management,Tracks and manages supplier and internal supply commitments against demand requirements to ensure promise fulfillment.,HIGH,"External forecast input representing structurally constrained supply scenarios, used to align demand plans with known supply limitations.",External fcst with structural supply constraints applied
External fcst for constrained,Stuructural Constraints,Demand Planning,Collaborative Demand Planning & Consensus,"Supports cross-functional collaboration to review, adjust, and finalize demand forecasts through structured override and consensus workflows.",HIGH,"External forecast input representing structurally constrained supply scenarios, used to align demand plans with known supply limitations.",External fcst with structural supply constraints applied
Unconstrained Adjusted Forecast,Unconstrained Forecast,Demand Planning,Collaborative Demand Planning & Consensus,"Supports cross-functional collaboration to review, adjust, and finalize demand forecasts through structured override and consensus workflows.",HIGH,"Demand forecast representing true market potential without supply-side restrictions, serving as the unconstrained demand signal for supply planning.",Unconstrained Forecast representing true market demand
PW Supply Commit,Supply Commit,Supply Planning,Supply Commitment Management,Tracks and manages supplier and internal supply commitments against demand requirements to ensure promise fulfillment.,HIGH,Partial-week supply commitment quantity representing what supply chain has confirmed it can deliver against demand in the near-term operational window.,PW Supply Commit for near-term operational fulfillment
AOP Mosaic Partial Week at DFU,AOP Mosaic Partial Week,Demand Planning,Annual Operating Plan (AOP) Management,"Establishes and monitors annual volume and revenue targets, comparing rolling forecasts against the approved annual plan.",HIGH,"Annual Operating Plan quantity at DFU level adjusted for partial-week alignment in the Mosaic system, enabling AOP-to-actuals comparison.",AOP Mosaic Partial Week at DFU for AOP tracking
Short Term Multiplying Factor,,Demand Planning,Driver-Based Forecast Generation (Short Term),"Builds short-horizon demand forecasts by decomposing demand into quantifiable drivers such as promotions, media, pricing, and weather.",MEDIUM,Short-term multiplicative factor applied to driver-based components to scale the forecast within the short planning horizon.,Short Term Multiplying Factor for ST driver scaling
Final Short Term Driver Based Forecast,Final Short Term Driver Based Fcst,Demand Planning,Driver-Based Forecast Generation (Short Term),"Builds short-horizon demand forecasts by decomposing demand into quantifiable drivers such as promotions, media, pricing, and weather.",HIGH,"Final approved short-term driver-based forecast output after all driver contributions and review adjustments, used as operational demand signal.",Final ST Driver Based Fcst as approved short-term output
Long Term Multiplying Factor,,Demand Planning,Driver-Based Forecast Generation (Mid/Long Term),Constructs medium-to-long-horizon strategic forecasts decomposed into business drivers to inform capacity and supply strategy.,MEDIUM,Long-term multiplicative factor applied to strategic driver components to scale the forecast across the extended planning horizon.,Long Term Multiplying Factor for LT driver scaling
Fcst LY,,Demand Planning,Forecast Performance Measurement,"Measures forecast quality through bias, fill rate, cycle-over-cycle change, and error metrics to drive continuous improvement.",HIGH,"Last year's forecast at the equivalent time period, used for year-over-year forecast comparison and performance benchmarking.",Fcst LY for year-over-year forecast benchmarking
Fcst LY,,Demand Planning,Historical Data Management & Cleansing,"Manages, cleanses, and adjusts historical sales and demand data to establish reliable baselines for forecasting.",HIGH,"Last year's forecast at the equivalent time period, used for year-over-year forecast comparison and performance benchmarking.",Fcst LY for year-over-year forecast benchmarking
Fcst LLY,,Demand Planning,Forecast Performance Measurement,"Measures forecast quality through bias, fill rate, cycle-over-cycle change, and error metrics to drive continuous improvement.",HIGH,"Two-year-ago forecast at the equivalent time period, enabling multi-year forecast trend analysis and model validation.",Fcst LLY for multi-year forecast trend analysis
Fcst LLY,,Demand Planning,Historical Data Management & Cleansing,"Manages, cleanses, and adjusts historical sales and demand data to establish reliable baselines for forecasting.",HIGH,"Two-year-ago forecast at the equivalent time period, enabling multi-year forecast trend analysis and model validation.",Fcst LLY for multi-year forecast trend analysis
Short Term Driver Based Forecast LC,ST Driver Based Fcst LC,Demand Planning,Driver-Based Forecast Generation (Short Term),"Builds short-horizon demand forecasts by decomposing demand into quantifiable drivers such as promotions, media, pricing, and weather.",HIGH,Short-term driver-based forecast expressed in local currency to support financial planning and currency-specific commercial analysis.,ST Driver Based Fcst LC for local currency financial planning
Short Term Driver Based Forecast LC,ST Driver Based Fcst LC,Demand Planning,Financial & Revenue Forecasting,Converts volume forecasts into net revenue and financial outputs to support P&L and commercial planning.,HIGH,Short-term driver-based forecast expressed in local currency to support financial planning and currency-specific commercial analysis.,ST Driver Based Fcst LC for local currency financial planning
PW Supply Commit LC,Supply Commit LC,Supply Planning,Supply Commitment Management,Tracks and manages supplier and internal supply commitments against demand requirements to ensure promise fulfillment.,HIGH,"Partial-week supply commitment value in local currency, enabling financial reconciliation of supply promises against demand revenue expectations.",Supply Commit LC for local currency supply commitment
PW Supply Commit LC,Supply Commit LC,Demand Planning,Financial & Revenue Forecasting,Converts volume forecasts into net revenue and financial outputs to support P&L and commercial planning.,HIGH,"Partial-week supply commitment value in local currency, enabling financial reconciliation of supply promises against demand revenue expectations.",Supply Commit LC for local currency supply commitment
MT Driver Based Forecast LC,MT Driver Based Fcst LC,Demand Planning,Driver-Based Forecast Generation (Mid/Long Term),Constructs medium-to-long-horizon strategic forecasts decomposed into business drivers to inform capacity and supply strategy.,HIGH,Mid-term driver-based forecast in local currency supporting multi-horizon financial planning and commercial target setting.,MT Driver Based Fcst LC for mid-term LC planning
MT Driver Based Forecast LC,MT Driver Based Fcst LC,Demand Planning,Financial & Revenue Forecasting,Converts volume forecasts into net revenue and financial outputs to support P&L and commercial planning.,HIGH,Mid-term driver-based forecast in local currency supporting multi-horizon financial planning and commercial target setting.,MT Driver Based Fcst LC for mid-term LC planning
Mid Term Driver Based Forecast,MT Driver Based Fcst,Demand Planning,Driver-Based Forecast Generation (Mid/Long Term),Constructs medium-to-long-horizon strategic forecasts decomposed into business drivers to inform capacity and supply strategy.,HIGH,"Medium-horizon demand forecast generated from business drivers, bridging short-term operational and long-term strategic planning perspectives.",MT Driver Based Fcst for medium-horizon strategic planning
Promo Driver,Promo; Promo Driver ST,Demand Planning,Driver-Based Forecast Generation (Short Term),"Builds short-horizon demand forecasts by decomposing demand into quantifiable drivers such as promotions, media, pricing, and weather.",HIGH,Short-term driver capturing the incremental demand uplift or cannibalization effect from promotional activities on the forecast.,Promo Driver ST capturing promotional demand uplift
Holidays Driver,Holidays Driver ST,Demand Planning,Driver-Based Forecast Generation (Short Term),"Builds short-horizon demand forecasts by decomposing demand into quantifiable drivers such as promotions, media, pricing, and weather.",HIGH,Short-term driver representing demand impact of holiday periods and public events on consumer purchasing patterns.,Holidays Driver ST for holiday demand impact quantification
Media Driver,Media; A&M Driver ST,Demand Planning,Driver-Based Forecast Generation (Short Term),"Builds short-horizon demand forecasts by decomposing demand into quantifiable drivers such as promotions, media, pricing, and weather.",HIGH,Short-term driver capturing demand uplift generated by advertising and media investment activities in the planning period.,A&M Driver ST capturing media-driven demand uplift
Weather Driver,Weather Driver ST,Demand Planning,Driver-Based Forecast Generation (Short Term),"Builds short-horizon demand forecasts by decomposing demand into quantifiable drivers such as promotions, media, pricing, and weather.",HIGH,"Short-term driver quantifying demand sensitivity to weather conditions (temperature, rainfall, etc.) in the forecast horizon.",Weather Driver ST for weather-sensitive demand adjustment
SNOP Target,S&OP Plan,Demand Planning,S&OP / IBP Integration,"Integrates demand forecasts with Sales & Operations Planning targets to align commercial, financial, and supply perspectives.",HIGH,The agreed Sales & Operations Planning volume target used as the reference plan for supply and demand alignment across functions.,S&OP Plan target for cross-functional demand-supply alignment
XYZ,FE XYZ Segmentation,Demand Planning,Demand Segmentation & Classification,"Classifies products, customers, and demand streams using ABC/XYZ and other frameworks for differentiated planning treatment.",HIGH,"XYZ demand variability segmentation classifying products by forecast uncertainty (X=stable, Y=variable, Z=erratic) to differentiate planning approaches.",FE XYZ Segmentation for demand variability classification
ABC,FE ABC Segmentation,Demand Planning,Demand Segmentation & Classification,"Classifies products, customers, and demand streams using ABC/XYZ and other frameworks for differentiated planning treatment.",HIGH,"ABC volume/revenue segmentation classifying products by contribution (A=high, B=medium, C=low) to prioritize planning effort and resources.",FE ABC Segmentation for volume/revenue classification
Channel Trend,Channel Trend Adj,Demand Planning,Collaborative Demand Planning & Consensus,"Supports cross-functional collaboration to review, adjust, and finalize demand forecasts through structured override and consensus workflows.",HIGH,"Adjustment capturing the incremental or decremental demand effect of evolving channel dynamics (e.g., e-commerce growth, trade channel shifts).",Channel Trend Adj for channel dynamics demand adjustment
External Forecast,External Fcst,Demand Planning,External Forecast Integration,"Integrates external system forecasts (e.g., JDA, Mosaic) and market-based signals into the planning workflow.",HIGH,"Demand forecast provided by an external source (customer, partner, or market data provider) ingested into the planning process for benchmarking.",External Fcst ingested for benchmark and collaboration
External forecast Adj,External Fcst Adj,Demand Planning,External Forecast Integration,"Integrates external system forecasts (e.g., JDA, Mosaic) and market-based signals into the planning workflow.",HIGH,"Planner-applied adjustment to the external forecast, reconciling differences between external signals and internal demand views.",External Fcst Adj for reconciling external with internal view
External forecast Adj,External Fcst Adj,Demand Planning,Collaborative Demand Planning & Consensus,"Supports cross-functional collaboration to review, adjust, and finalize demand forecasts through structured override and consensus workflows.",HIGH,"Planner-applied adjustment to the external forecast, reconciling differences between external signals and internal demand views.",External Fcst Adj for reconciling external with internal view
Promotions Investment,"Trade Promotions/ Investment in promotions (discounts, samples, offers); Promo Adj",Demand Planning,Collaborative Demand Planning & Consensus,"Supports cross-functional collaboration to review, adjust, and finalize demand forecasts through structured override and consensus workflows.",HIGH,"Manual adjustment representing the demand impact of trade promotion investments including discounts, samples, and special offers.",Promo Adj for trade promotion investment demand impact
Promotions Investment,"Trade Promotions/ Investment in promotions (discounts, samples, offers); Promo Adj",Demand Planning,NPI & Portfolio Lifecycle Management,"Plans and manages new product introductions, phase-in/phase-out transitions, cannibalization, and portfolio evolution impacts on demand.",HIGH,"Manual adjustment representing the demand impact of trade promotion investments including discounts, samples, and special offers.",Promo Adj for trade promotion investment demand impact
Product Line expansion existing cust,Distribution Adj,Demand Planning,NPI & Portfolio Lifecycle Management,"Plans and manages new product introductions, phase-in/phase-out transitions, cannibalization, and portfolio evolution impacts on demand.",HIGH,Adjustment capturing incremental demand from expanding product distribution to existing customers or new distribution points.,Distribution Adj for product line expansion to existing cust
Product Line expansion existing cust,Distribution Adj,Demand Planning,Collaborative Demand Planning & Consensus,"Supports cross-functional collaboration to review, adjust, and finalize demand forecasts through structured override and consensus workflows.",HIGH,Adjustment capturing incremental demand from expanding product distribution to existing customers or new distribution points.,Distribution Adj for product line expansion to existing cust
Cannibalization,Cannibalization/ Halo; Cannibalization Adj,Demand Planning,NPI & Portfolio Lifecycle Management,"Plans and manages new product introductions, phase-in/phase-out transitions, cannibalization, and portfolio evolution impacts on demand.",HIGH,Adjustment accounting for demand transfer between products where a new or promoted item cannibalizes or creates halo effects on existing SKUs.,Cannibalization Adj for demand transfer between products
Cannibalization,Cannibalization/ Halo; Cannibalization Adj,Demand Planning,Collaborative Demand Planning & Consensus,"Supports cross-functional collaboration to review, adjust, and finalize demand forecasts through structured override and consensus workflows.",HIGH,Adjustment accounting for demand transfer between products where a new or promoted item cannibalizes or creates halo effects on existing SKUs.,Cannibalization Adj for demand transfer between products
Portfolio Evolution,"Portfolio Evolution (NPI, Phase In / Phase Out); Portfolio Adj",Demand Planning,NPI & Portfolio Lifecycle Management,"Plans and manages new product introductions, phase-in/phase-out transitions, cannibalization, and portfolio evolution impacts on demand.",HIGH,Adjustment reflecting demand changes from portfolio lifecycle events including new product introductions and phase-in/phase-out activities.,"Portfolio Adj for NPI, phase-in/phase-out demand impact"
Portfolio Evolution,"Portfolio Evolution (NPI, Phase In / Phase Out); Portfolio Adj",Demand Planning,Collaborative Demand Planning & Consensus,"Supports cross-functional collaboration to review, adjust, and finalize demand forecasts through structured override and consensus workflows.",HIGH,Adjustment reflecting demand changes from portfolio lifecycle events including new product introductions and phase-in/phase-out activities.,"Portfolio Adj for NPI, phase-in/phase-out demand impact"
Adjusted Forecast in Kg/Lts,,Demand Planning,Collaborative Demand Planning & Consensus,"Supports cross-functional collaboration to review, adjust, and finalize demand forecasts through structured override and consensus workflows.",MEDIUM,Consensus adjusted forecast expressed in weight (kg) or volume (litres) units of measure for manufacturing and supply planning in physical quantities.,Adjusted Forecast in Kg/Lts for physical UOM planning
Adjusted Forecast in Cases,,Demand Planning,Collaborative Demand Planning & Consensus,"Supports cross-functional collaboration to review, adjust, and finalize demand forecasts through structured override and consensus workflows.",MEDIUM,"Consensus adjusted forecast expressed in cases/units for logistics, warehousing, and distribution planning purposes.",Adjusted Forecast in Cases for logistics planning
DFU,,Demand Planning,Demand Segmentation & Classification,"Classifies products, customers, and demand streams using ABC/XYZ and other frameworks for differentiated planning treatment.",HIGH,"Demand Forecast Unit — the granular planning entity combining product, location, and customer attributes at which demand is forecast and managed.",DFU as the fundamental demand planning granularity entity
Base Driver,Base Driver ST,Demand Planning,Driver-Based Forecast Generation (Short Term),"Builds short-horizon demand forecasts by decomposing demand into quantifiable drivers such as promotions, media, pricing, and weather.",HIGH,"Short-term base demand driver representing the underlying demand trend before incremental adjustments for promotions, events, or other factors.",Base Driver ST as underlying demand trend component
R&O MT Portfolio Adj,R&O Portfolio Adj,Demand Planning,Risk & Opportunity Management,"Identifies, quantifies, and tracks upside opportunities and downside risks to the demand forecast across portfolio, promotions, and market factors.",HIGH,"Mid-term risk and opportunity adjustment for portfolio-related events (NPIs, discontinuations) quantifying upside/downside to the base forecast.",R&O Portfolio Adj for mid-term portfolio risk/opportunity
R&O MT Promo Adj,R&O Promo Adj,Demand Planning,Risk & Opportunity Management,"Identifies, quantifies, and tracks upside opportunities and downside risks to the demand forecast across portfolio, promotions, and market factors.",HIGH,Mid-term risk and opportunity adjustment capturing potential incremental or negative demand from planned and anticipated promotions.,R&O Promo Adj for promotional demand risk/opportunity
R&O MT Cannibalization Adj,R&O Cannibalization Adj,Demand Planning,Risk & Opportunity Management,"Identifies, quantifies, and tracks upside opportunities and downside risks to the demand forecast across portfolio, promotions, and market factors.",HIGH,Mid-term risk and opportunity adjustment quantifying demand cannibalization risk from portfolio changes or competitive dynamics.,R&O Cannibalization Adj for cannibalization risk quantification
R&O MT Distribution Adj,R&O Distribution Adj,Demand Planning,Risk & Opportunity Management,"Identifies, quantifies, and tracks upside opportunities and downside risks to the demand forecast across portfolio, promotions, and market factors.",HIGH,Mid-term risk and opportunity adjustment reflecting potential upside or downside from distribution changes and channel expansion risks.,R&O Distribution Adj for distribution-driven demand risk
R&O MT Channel Trend Adj,R&O Channel Trend Adj,Demand Planning,Risk & Opportunity Management,"Identifies, quantifies, and tracks upside opportunities and downside risks to the demand forecast across portfolio, promotions, and market factors.",HIGH,Mid-term risk and opportunity adjustment capturing evolving channel mix shifts that could accelerate or decelerate demand.,R&O Channel Trend Adj for channel evolution risk/opportunity
R&O MT Perfect Store,R&O Perfect Store,Demand Planning,Risk & Opportunity Management,"Identifies, quantifies, and tracks upside opportunities and downside risks to the demand forecast across portfolio, promotions, and market factors.",HIGH,"Mid-term risk and opportunity adjustment for Perfect Store execution metrics, quantifying demand upside from improved in-store availability and compliance.",R&O Perfect Store for execution-driven demand opportunity
R&O MT VMI,R&O VMI,Demand Planning,Risk & Opportunity Management,"Identifies, quantifies, and tracks upside opportunities and downside risks to the demand forecast across portfolio, promotions, and market factors.",HIGH,"Mid-term risk and opportunity adjustment for Vendor Managed Inventory programs, capturing demand visibility and inventory replenishment upside.",R&O VMI for vendor managed inventory demand opportunity
R&O D&A Rate Adj,,Demand Planning,Risk & Opportunity Management,"Identifies, quantifies, and tracks upside opportunities and downside risks to the demand forecast across portfolio, promotions, and market factors.",HIGH,Risk and opportunity adjustment for Discounts & Allowances rate changes impacting net revenue realization from the volume forecast.,R&O D&A Rate Adj for discount & allowance revenue impact
R&O D&A Rate Adj,,Demand Planning,Financial & Revenue Forecasting,Converts volume forecasts into net revenue and financial outputs to support P&L and commercial planning.,HIGH,Risk and opportunity adjustment for Discounts & Allowances rate changes impacting net revenue realization from the volume forecast.,R&O D&A Rate Adj for discount & allowance revenue impact
R&O Advertising Adj,,Demand Planning,Risk & Opportunity Management,"Identifies, quantifies, and tracks upside opportunities and downside risks to the demand forecast across portfolio, promotions, and market factors.",HIGH,Risk and opportunity adjustment quantifying demand upside or downside from changes in advertising investment levels and media effectiveness.,R&O Advertising Adj for advertising investment demand impact
R&O MT Trade Promo Adj,,Demand Planning,Risk & Opportunity Management,"Identifies, quantifies, and tracks upside opportunities and downside risks to the demand forecast across portfolio, promotions, and market factors.",HIGH,"Mid-term risk and opportunity adjustment for trade promotion activities, capturing the incremental demand effect of planned trade investments.",R&O MT Trade Promo Adj for trade promotion demand risk
R&O Trade Partners Adj,,Demand Planning,Risk & Opportunity Management,"Identifies, quantifies, and tracks upside opportunities and downside risks to the demand forecast across portfolio, promotions, and market factors.",HIGH,"Risk and opportunity adjustment for changes in trade partner relationships, distribution agreements, or customer portfolio shifts.",R&O Trade Partners Adj for distribution partner demand risk
R&O List Price Adj,,Demand Planning,Risk & Opportunity Management,"Identifies, quantifies, and tracks upside opportunities and downside risks to the demand forecast across portfolio, promotions, and market factors.",HIGH,Risk and opportunity adjustment for list price changes quantifying the volume and revenue elasticity impact on the demand forecast.,R&O List Price Adj for price change demand/revenue impact
R&O List Price Adj,,Demand Planning,Financial & Revenue Forecasting,Converts volume forecasts into net revenue and financial outputs to support P&L and commercial planning.,HIGH,Risk and opportunity adjustment for list price changes quantifying the volume and revenue elasticity impact on the demand forecast.,R&O List Price Adj for price change demand/revenue impact
R&O Price Pack Architecture Adj,,Demand Planning,Risk & Opportunity Management,"Identifies, quantifies, and tracks upside opportunities and downside risks to the demand forecast across portfolio, promotions, and market factors.",HIGH,"Risk and opportunity adjustment for price-pack architecture changes (pack size, format shifts) and their demand elasticity implications.",R&O Price Pack Architecture Adj for pack change demand impact
Adjusted History LLLY,,Demand Planning,Historical Data Management & Cleansing,"Manages, cleanses, and adjusts historical sales and demand data to establish reliable baselines for forecasting.",HIGH,Three-year-ago adjusted and cleansed historical demand data providing the deepest baseline layer for model training and seasonality decomposition.,Adjusted History LLLY for deepest historical baseline
Media Driver LT,A&M Driver MT,Demand Planning,Driver-Based Forecast Generation (Mid/Long Term),Constructs medium-to-long-horizon strategic forecasts decomposed into business drivers to inform capacity and supply strategy.,HIGH,Long/mid-term driver capturing the sustained demand impact of advertising and media investment over the strategic planning horizon.,A&M Driver MT for long-term media investment demand impact
Holidays Driver LT,Holidays Driver MT,Demand Planning,Driver-Based Forecast Generation (Mid/Long Term),Constructs medium-to-long-horizon strategic forecasts decomposed into business drivers to inform capacity and supply strategy.,HIGH,Long/mid-term driver representing holiday and event calendar effects on demand for the strategic planning horizon.,Holidays Driver MT for long-term holiday demand impact
Promo Driver LT,Promo Driver MT,Demand Planning,Driver-Based Forecast Generation (Mid/Long Term),Constructs medium-to-long-horizon strategic forecasts decomposed into business drivers to inform capacity and supply strategy.,HIGH,Long/mid-term driver capturing the planned promotional demand uplift over the strategic planning horizon.,Promo Driver MT for long-term promotional demand impact
Base Driver LT,Base Driver MT,Demand Planning,Driver-Based Forecast Generation (Mid/Long Term),Constructs medium-to-long-horizon strategic forecasts decomposed into business drivers to inform capacity and supply strategy.,HIGH,Long/mid-term underlying demand trend driver representing the baseline market demand trajectory over the strategic horizon.,Base Driver MT as strategic horizon baseline demand trend
AOP Forecast Mosaic NR,AOP NR,Demand Planning,Annual Operating Plan (AOP) Management,"Establishes and monitors annual volume and revenue targets, comparing rolling forecasts against the approved annual plan.",HIGH,"Annual Operating Plan net revenue target from the Mosaic system, used as the financial benchmark for forecast-to-plan gap analysis.",AOP NR as financial benchmark for forecast-to-plan tracking
AOP Forecast Mosaic NR,AOP NR,Demand Planning,Financial & Revenue Forecasting,Converts volume forecasts into net revenue and financial outputs to support P&L and commercial planning.,HIGH,"Annual Operating Plan net revenue target from the Mosaic system, used as the financial benchmark for forecast-to-plan gap analysis.",AOP NR as financial benchmark for forecast-to-plan tracking
Actual_Loc,Actual,Demand Planning,Demand Sensing & Actuals Tracking,Captures near-term demand actuals and signals at location and DFU level for operational and short-horizon planning.,HIGH,"Actual demand quantity captured at the location level, enabling granular location-specific demand signal tracking and model recalibration.",Actual demand at location level for granular tracking
Actual_Loc,Actual,Demand Planning,Historical Data Management & Cleansing,"Manages, cleanses, and adjusts historical sales and demand data to establish reliable baselines for forecasting.",HIGH,"Actual demand quantity captured at the location level, enabling granular location-specific demand signal tracking and model recalibration.",Actual demand at location level for granular tracking
LY Adjusted Forecast,LY Best Estimate,Demand Planning,Forecast Performance Measurement,"Measures forecast quality through bias, fill rate, cycle-over-cycle change, and error metrics to drive continuous improvement.",HIGH,"Last year's best estimate or adjusted forecast at the equivalent time period, used as a benchmark for assessing current forecast quality.",LY Best Estimate for prior year forecast benchmarking
LY Adjusted Forecast,LY Best Estimate,Demand Planning,Historical Data Management & Cleansing,"Manages, cleanses, and adjusts historical sales and demand data to establish reliable baselines for forecasting.",HIGH,"Last year's best estimate or adjusted forecast at the equivalent time period, used as a benchmark for assessing current forecast quality.",LY Best Estimate for prior year forecast benchmarking
Weather Driver LT,Weather Driver MT,Demand Planning,Driver-Based Forecast Generation (Mid/Long Term),Constructs medium-to-long-horizon strategic forecasts decomposed into business drivers to inform capacity and supply strategy.,HIGH,"Long/mid-term driver quantifying sustained weather pattern effects (climate trends, seasonal shifts) on demand over the strategic horizon.",Weather Driver MT for long-term weather-driven demand
Adjusted History LLY,,Demand Planning,Historical Data Management & Cleansing,"Manages, cleanses, and adjusts historical sales and demand data to establish reliable baselines for forecasting.",HIGH,Two-year-ago adjusted historical demand used as a multi-year reference for trend analysis and statistical model calibration.,Adjusted History LLY for two-year baseline calibration
Adjusted History LY,,Demand Planning,Historical Data Management & Cleansing,"Manages, cleanses, and adjusts historical sales and demand data to establish reliable baselines for forecasting.",HIGH,Last year's adjusted and cleansed historical demand providing the most recent comparable baseline for forecasting.,Adjusted History LY as most recent cleansed baseline
Actual NR,,Demand Planning,Financial & Revenue Forecasting,Converts volume forecasts into net revenue and financial outputs to support P&L and commercial planning.,HIGH,"Actual net revenue realized from sales, used as the financial actuals benchmark for revenue forecast accuracy measurement.",Actual NR for financial revenue actuals tracking
Actual NR,,Demand Planning,Demand Sensing & Actuals Tracking,Captures near-term demand actuals and signals at location and DFU level for operational and short-horizon planning.,HIGH,"Actual net revenue realized from sales, used as the financial actuals benchmark for revenue forecast accuracy measurement.",Actual NR for financial revenue actuals tracking
Holidays Driver LC,Holidays Driver ST LC,Demand Planning,Driver-Based Forecast Generation (Short Term),"Builds short-horizon demand forecasts by decomposing demand into quantifiable drivers such as promotions, media, pricing, and weather.",HIGH,"Short-term holiday driver expressed in local currency units, enabling local-currency quantification of holiday demand impacts.",Holidays Driver ST LC for local currency holiday impact
Holidays Driver LC,Holidays Driver ST LC,Demand Planning,Financial & Revenue Forecasting,Converts volume forecasts into net revenue and financial outputs to support P&L and commercial planning.,HIGH,"Short-term holiday driver expressed in local currency units, enabling local-currency quantification of holiday demand impacts.",Holidays Driver ST LC for local currency holiday impact
Weather Driver LC,Weather Driver ST LC,Demand Planning,Driver-Based Forecast Generation (Short Term),"Builds short-horizon demand forecasts by decomposing demand into quantifiable drivers such as promotions, media, pricing, and weather.",HIGH,"Short-term weather driver expressed in local currency, supporting LC-based financial quantification of weather-driven demand changes.",Weather Driver ST LC for local currency weather impact
Weather Driver LC,Weather Driver ST LC,Demand Planning,Financial & Revenue Forecasting,Converts volume forecasts into net revenue and financial outputs to support P&L and commercial planning.,HIGH,"Short-term weather driver expressed in local currency, supporting LC-based financial quantification of weather-driven demand changes.",Weather Driver ST LC for local currency weather impact
Promo Driver LC,Promo Driver ST LC,Demand Planning,Driver-Based Forecast Generation (Short Term),"Builds short-horizon demand forecasts by decomposing demand into quantifiable drivers such as promotions, media, pricing, and weather.",HIGH,"Short-term promotional driver in local currency, enabling revenue-level quantification of promotional demand effects.",Promo Driver ST LC for local currency promo impact
Promo Driver LC,Promo Driver ST LC,Demand Planning,Financial & Revenue Forecasting,Converts volume forecasts into net revenue and financial outputs to support P&L and commercial planning.,HIGH,"Short-term promotional driver in local currency, enabling revenue-level quantification of promotional demand effects.",Promo Driver ST LC for local currency promo impact
Media Driver LC,A&M Driver ST LC,Demand Planning,Driver-Based Forecast Generation (Short Term),"Builds short-horizon demand forecasts by decomposing demand into quantifiable drivers such as promotions, media, pricing, and weather.",HIGH,Short-term advertising and media driver expressed in local currency for LC-level financial quantification of media-driven demand.,A&M Driver ST LC for local currency media impact
Media Driver LC,A&M Driver ST LC,Demand Planning,Financial & Revenue Forecasting,Converts volume forecasts into net revenue and financial outputs to support P&L and commercial planning.,HIGH,Short-term advertising and media driver expressed in local currency for LC-level financial quantification of media-driven demand.,A&M Driver ST LC for local currency media impact
LLY Sales NR,,Demand Planning,Historical Data Management & Cleansing,"Manages, cleanses, and adjusts historical sales and demand data to establish reliable baselines for forecasting.",HIGH,Two-year-ago net revenue actuals providing a multi-year financial reference for revenue trend analysis and forecast benchmarking.,LLY Sales NR for multi-year revenue historical reference
LLY Sales NR,,Demand Planning,Financial & Revenue Forecasting,Converts volume forecasts into net revenue and financial outputs to support P&L and commercial planning.,HIGH,Two-year-ago net revenue actuals providing a multi-year financial reference for revenue trend analysis and forecast benchmarking.,LLY Sales NR for multi-year revenue historical reference
NR Rate,,Demand Planning,Financial & Revenue Forecasting,Converts volume forecasts into net revenue and financial outputs to support P&L and commercial planning.,HIGH,Net revenue rate (price per unit) used to convert volume forecasts into net revenue financial values across planning horizons.,NR Rate for volume-to-revenue financial conversion
Constrained adj fcst,Adjusted fcst,Supply Planning,Supply Commitment Management,Tracks and manages supplier and internal supply commitments against demand requirements to ensure promise fulfillment.,HIGH,"Demand forecast adjusted to reflect confirmed supply constraints, representing the realistic achievable demand plan given supply limitations.",Constrained adjusted forecast reflecting supply limitations
Constrained adj fcst,Adjusted fcst,Demand Planning,Collaborative Demand Planning & Consensus,"Supports cross-functional collaboration to review, adjust, and finalize demand forecasts through structured override and consensus workflows.",HIGH,"Demand forecast adjusted to reflect confirmed supply constraints, representing the realistic achievable demand plan given supply limitations.",Constrained adjusted forecast reflecting supply limitations
JDA Volume to Plan PW,,Demand Planning,External Forecast Integration,"Integrates external system forecasts (e.g., JDA, Mosaic) and market-based signals into the planning workflow.",HIGH,"Partial-week JDA system volume compared to the supply plan, enabling performance tracking against JDA-derived operational targets.",JDA Volume to Plan PW for operational plan tracking
JDA Volume to Plan PW,,Supply Planning,Supply Commitment Management,Tracks and manages supplier and internal supply commitments against demand requirements to ensure promise fulfillment.,HIGH,"Partial-week JDA system volume compared to the supply plan, enabling performance tracking against JDA-derived operational targets.",JDA Volume to Plan PW for operational plan tracking
JDA Net Revenue to Plan PW,,Demand Planning,External Forecast Integration,"Integrates external system forecasts (e.g., JDA, Mosaic) and market-based signals into the planning workflow.",HIGH,"Partial-week JDA net revenue compared to the financial plan, supporting revenue performance monitoring against JDA-sourced plans.",JDA Net Revenue to Plan PW for revenue plan tracking
JDA Net Revenue to Plan PW,,Demand Planning,Financial & Revenue Forecasting,Converts volume forecasts into net revenue and financial outputs to support P&L and commercial planning.,HIGH,"Partial-week JDA net revenue compared to the financial plan, supporting revenue performance monitoring against JDA-sourced plans.",JDA Net Revenue to Plan PW for revenue plan tracking
Volume vs YAG(CY vs LY) PW,,Demand Planning,Forecast Performance Measurement,"Measures forecast quality through bias, fill rate, cycle-over-cycle change, and error metrics to drive continuous improvement.",HIGH,"Partial-week comparison of current year volume against last year (Year-Ago Growth), tracking demand trajectory and growth performance.",Volume vs YAG PW for year-over-year growth tracking
Volume vs YAG(CY vs LY) PW,,Supply Planning,Supply Performance Monitoring,Monitors supply plan execution performance through cycle-over-cycle comparisons and fill-rate trending.,HIGH,"Partial-week comparison of current year volume against last year (Year-Ago Growth), tracking demand trajectory and growth performance.",Volume vs YAG PW for year-over-year growth tracking
Actual Mosaic NR,,Demand Planning,Demand Sensing & Actuals Tracking,Captures near-term demand actuals and signals at location and DFU level for operational and short-horizon planning.,HIGH,"Actual net revenue recorded in the Mosaic system, providing a verified financial actuals reference for revenue forecast performance.",Actual Mosaic NR for verified financial actuals tracking
Actual Mosaic NR,,Demand Planning,Financial & Revenue Forecasting,Converts volume forecasts into net revenue and financial outputs to support P&L and commercial planning.,HIGH,"Actual net revenue recorded in the Mosaic system, providing a verified financial actuals reference for revenue forecast performance.",Actual Mosaic NR for verified financial actuals tracking
Actual Mosaic,,Demand Planning,Demand Sensing & Actuals Tracking,Captures near-term demand actuals and signals at location and DFU level for operational and short-horizon planning.,HIGH,"Actual demand/sales volume recorded in the Mosaic system, used as the authoritative actuals source for forecast performance measurement.",Actual Mosaic for authoritative demand actuals source
Actual Mosaic,,Demand Planning,Historical Data Management & Cleansing,"Manages, cleanses, and adjusts historical sales and demand data to establish reliable baselines for forecasting.",HIGH,"Actual demand/sales volume recorded in the Mosaic system, used as the authoritative actuals source for forecast performance measurement.",Actual Mosaic for authoritative demand actuals source
LY Sales NR,,Demand Planning,Historical Data Management & Cleansing,"Manages, cleanses, and adjusts historical sales and demand data to establish reliable baselines for forecasting.",HIGH,Last year's net revenue actuals providing a financial baseline for year-over-year revenue comparison and forecast calibration.,LY Sales NR for year-over-year revenue comparison
LY Sales NR,,Demand Planning,Financial & Revenue Forecasting,Converts volume forecasts into net revenue and financial outputs to support P&L and commercial planning.,HIGH,Last year's net revenue actuals providing a financial baseline for year-over-year revenue comparison and forecast calibration.,LY Sales NR for year-over-year revenue comparison
SNOP Target NR,S&OP Plan NR,Demand Planning,S&OP / IBP Integration,"Integrates demand forecasts with Sales & Operations Planning targets to align commercial, financial, and supply perspectives.",HIGH,"Net revenue equivalent of the S&OP plan target, enabling financial-level alignment between commercial forecasts and the agreed operating plan.",S&OP Plan NR for revenue-level S&OP alignment
SNOP Target NR,S&OP Plan NR,Demand Planning,Financial & Revenue Forecasting,Converts volume forecasts into net revenue and financial outputs to support P&L and commercial planning.,HIGH,"Net revenue equivalent of the S&OP plan target, enabling financial-level alignment between commercial forecasts and the agreed operating plan.",S&OP Plan NR for revenue-level S&OP alignment
RO Item Volume L0,Units,Demand Planning,Revenue & Volume Outlook Item Tracking,"Tracks revenue and volume outlook items including initiatives, variable contributions, and governance dates for pipeline management.",HIGH,"Volume (units) for a Risk & Opportunity outlook item at the top aggregation level (L0), quantifying the demand impact of the initiative.",RO Item Volume L0 as initiative demand impact quantity
RO Item Net Revenue L0,Net Revenue,Demand Planning,Revenue & Volume Outlook Item Tracking,"Tracks revenue and volume outlook items including initiatives, variable contributions, and governance dates for pipeline management.",HIGH,"Net revenue value for a Risk & Opportunity outlook item at the top aggregation level, quantifying the financial impact of the initiative.",RO Item Net Revenue L0 as initiative financial impact
RO Item Net Revenue L0,Net Revenue,Demand Planning,Financial & Revenue Forecasting,Converts volume forecasts into net revenue and financial outputs to support P&L and commercial planning.,HIGH,"Net revenue value for a Risk & Opportunity outlook item at the top aggregation level, quantifying the financial impact of the initiative.",RO Item Net Revenue L0 as initiative financial impact
AOP Mosaic Partial Week,AOP,Demand Planning,Annual Operating Plan (AOP) Management,"Establishes and monitors annual volume and revenue targets, comparing rolling forecasts against the approved annual plan.",HIGH,"Annual Operating Plan volume at partial-week granularity in the Mosaic system, enabling week-level AOP tracking and variance analysis.",AOP Mosaic Partial Week for week-level AOP tracking
RO Item Initiative Status,Initiative Status,Demand Planning,Revenue & Volume Outlook Item Tracking,"Tracks revenue and volume outlook items including initiatives, variable contributions, and governance dates for pipeline management.",HIGH,"Status flag for a Risk & Opportunity initiative item indicating its approval, tracking, or execution stage in the planning workflow.",Initiative Status for R&O item governance tracking
Fcst LY Revenue,Fcst LY NR,Demand Planning,Forecast Performance Measurement,"Measures forecast quality through bias, fill rate, cycle-over-cycle change, and error metrics to drive continuous improvement.",HIGH,"Last year's forecast net revenue at the equivalent time period, enabling year-over-year revenue forecast quality benchmarking.",Fcst LY NR for year-over-year revenue forecast benchmark
Fcst LY Revenue,Fcst LY NR,Demand Planning,Financial & Revenue Forecasting,Converts volume forecasts into net revenue and financial outputs to support P&L and commercial planning.,HIGH,"Last year's forecast net revenue at the equivalent time period, enabling year-over-year revenue forecast quality benchmarking.",Fcst LY NR for year-over-year revenue forecast benchmark
Fcst LLY Revenue,Fcst LLY NR,Demand Planning,Forecast Performance Measurement,"Measures forecast quality through bias, fill rate, cycle-over-cycle change, and error metrics to drive continuous improvement.",HIGH,"Two-year-ago forecast net revenue at the equivalent time period, supporting multi-year revenue forecast trend analysis.",Fcst LLY NR for multi-year revenue forecast analysis
Fcst LLY Revenue,Fcst LLY NR,Demand Planning,Financial & Revenue Forecasting,Converts volume forecasts into net revenue and financial outputs to support P&L and commercial planning.,HIGH,"Two-year-ago forecast net revenue at the equivalent time period, supporting multi-year revenue forecast trend analysis.",Fcst LLY NR for multi-year revenue forecast analysis
Fcst Input,Short Term Driver Based Forecast,Demand Planning,Driver-Based Forecast Generation (Short Term),"Builds short-horizon demand forecasts by decomposing demand into quantifiable drivers such as promotions, media, pricing, and weather.",HIGH,"Input forecast feeding into the short-term driver decomposition model, typically the statistical or ML-generated baseline before driver overlays.",Fcst Input as baseline for driver-based decomposition
Fcst Input,Short Term Driver Based Forecast,Demand Planning,Statistical & ML Forecast Generation,Generates baseline demand forecasts using statistical algorithms and ML models to produce data-driven predictions at DFU level.,HIGH,"Input forecast feeding into the short-term driver decomposition model, typically the statistical or ML-generated baseline before driver overlays.",Fcst Input as baseline for driver-based decomposition
PoS,PoS Adj,Demand Planning,Collaborative Demand Planning & Consensus,"Supports cross-functional collaboration to review, adjust, and finalize demand forecasts through structured override and consensus workflows.",HIGH,Point-of-Sale data-driven adjustment applied to the forecast to align it with observed consumer sell-out trends at retail.,PoS Adj for sell-out aligned demand adjustment
Pricing,Pricing/ Price Pack Architecture; Pricing Adj,Demand Planning,Collaborative Demand Planning & Consensus,"Supports cross-functional collaboration to review, adjust, and finalize demand forecasts through structured override and consensus workflows.",HIGH,Demand adjustment for the elasticity impact of pricing and price-pack architecture changes on the volume forecast.,Pricing Adj for price elasticity demand impact
Pricing,Pricing/ Price Pack Architecture; Pricing Adj,Demand Planning,NPI & Portfolio Lifecycle Management,"Plans and manages new product introductions, phase-in/phase-out transitions, cannibalization, and portfolio evolution impacts on demand.",HIGH,Demand adjustment for the elasticity impact of pricing and price-pack architecture changes on the volume forecast.,Pricing Adj for price elasticity demand impact
Economics,Economics Adj,Demand Planning,Collaborative Demand Planning & Consensus,"Supports cross-functional collaboration to review, adjust, and finalize demand forecasts through structured override and consensus workflows.",HIGH,Demand adjustment for macroeconomic and microeconomic conditions affecting consumer purchasing power and category demand.,Economics Adj for macroeconomic demand impact
Seasonality factors,Seasonality factors / holidays; Seasonality Adj,Demand Planning,Collaborative Demand Planning & Consensus,"Supports cross-functional collaboration to review, adjust, and finalize demand forecasts through structured override and consensus workflows.",HIGH,"Adjustment for seasonal demand patterns and holiday effects not captured by the statistical model, applied as a manual override.",Seasonality Adj for manual seasonal pattern adjustment
Seasonality factors,Seasonality factors / holidays; Seasonality Adj,Demand Planning,Driver-Based Forecast Generation (Short Term),"Builds short-horizon demand forecasts by decomposing demand into quantifiable drivers such as promotions, media, pricing, and weather.",HIGH,"Adjustment for seasonal demand patterns and holiday effects not captured by the statistical model, applied as a manual override.",Seasonality Adj for manual seasonal pattern adjustment
Social media,Social media Adj,Demand Planning,Collaborative Demand Planning & Consensus,"Supports cross-functional collaboration to review, adjust, and finalize demand forecasts through structured override and consensus workflows.",HIGH,"Demand adjustment capturing viral trends, social media buzz, or sentiment shifts impacting consumer demand in the short to mid term.",Social media Adj for social media demand impact
Routes,Routes Adj,Demand Planning,Collaborative Demand Planning & Consensus,"Supports cross-functional collaboration to review, adjust, and finalize demand forecasts through structured override and consensus workflows.",HIGH,Demand adjustment for changes in route-to-market or distribution channel structure affecting product availability and sales reach.,Routes Adj for route-to-market change demand impact
Media Campaigns,Advertising/ Media Campaigns; A&M Adj,Demand Planning,Collaborative Demand Planning & Consensus,"Supports cross-functional collaboration to review, adjust, and finalize demand forecasts through structured override and consensus workflows.",HIGH,Manual adjustment for the anticipated demand uplift from specific advertising and media campaign activities.,A&M Adj for media campaign demand uplift adjustment
MacroEconomic Factors,"Macro-Economic Factors (political, economic, environmental, social, weather, pandemics); MacroEconomic Adj",Demand Planning,Collaborative Demand Planning & Consensus,"Supports cross-functional collaboration to review, adjust, and finalize demand forecasts through structured override and consensus workflows.",HIGH,"Demand adjustment for broad macro-economic factors including political, environmental, social, and pandemic-driven demand disruptions.",MacroEconomic Adj for macro-level demand disruption
MacroEconomic Factors,"Macro-Economic Factors (political, economic, environmental, social, weather, pandemics); MacroEconomic Adj",Demand Planning,Risk & Opportunity Management,"Identifies, quantifies, and tracks upside opportunities and downside risks to the demand forecast across portfolio, promotions, and market factors.",HIGH,"Demand adjustment for broad macro-economic factors including political, environmental, social, and pandemic-driven demand disruptions.",MacroEconomic Adj for macro-level demand disruption
Google Mobility Driver,Mobility Driver ST,Demand Planning,Driver-Based Forecast Generation (Short Term),"Builds short-horizon demand forecasts by decomposing demand into quantifiable drivers such as promotions, media, pricing, and weather.",HIGH,Short-term driver leveraging Google Mobility data to quantify the demand impact of consumer movement and activity patterns.,Mobility Driver ST using Google mobility data for demand
Pricing Driver,Pricing; Pricing Driver ST,Demand Planning,Driver-Based Forecast Generation (Short Term),"Builds short-horizon demand forecasts by decomposing demand into quantifiable drivers such as promotions, media, pricing, and weather.",HIGH,Short-term driver quantifying the volume demand elasticity response to price changes or price-pack architecture adjustments.,Pricing Driver ST for price elasticity demand modeling
Merchandising,Merchandising Adj,Demand Planning,Collaborative Demand Planning & Consensus,"Supports cross-functional collaboration to review, adjust, and finalize demand forecasts through structured override and consensus workflows.",HIGH,"Demand adjustment for changes in in-store merchandising quality, shelf space, planogram compliance, or display activities.",Merchandising Adj for in-store merchandising demand impact
Trade Activations,Trade Activations Adj,Demand Planning,Collaborative Demand Planning & Consensus,"Supports cross-functional collaboration to review, adjust, and finalize demand forecasts through structured override and consensus workflows.",HIGH,"Demand adjustment capturing incremental volume from trade activation programs including in-store events, sampling, and trade-driven initiatives.",Trade Activations Adj for trade program demand impact
New Customers,,Demand Planning,Collaborative Demand Planning & Consensus,"Supports cross-functional collaboration to review, adjust, and finalize demand forecasts through structured override and consensus workflows.",MEDIUM,Demand adjustment for incremental volume from newly acquired customers or new market entries not reflected in the historical baseline.,New Customers adjustment for incremental demand from new accounts
New Customers,,Demand Planning,NPI & Portfolio Lifecycle Management,"Plans and manages new product introductions, phase-in/phase-out transitions, cannibalization, and portfolio evolution impacts on demand.",MEDIUM,Demand adjustment for incremental volume from newly acquired customers or new market entries not reflected in the historical baseline.,New Customers adjustment for incremental demand from new accounts
Competitor Activities,Competitor Adj,Demand Planning,Collaborative Demand Planning & Consensus,"Supports cross-functional collaboration to review, adjust, and finalize demand forecasts through structured override and consensus workflows.",HIGH,"Demand adjustment for competitive dynamics including competitor promotions, launches, or exits that influence category demand.",Competitor Adj for competitive dynamics demand impact
Trade Partners,Changes in Distribution / Trade Partners; Trade Partners Adj,Demand Planning,Collaborative Demand Planning & Consensus,"Supports cross-functional collaboration to review, adjust, and finalize demand forecasts through structured override and consensus workflows.",HIGH,"Demand adjustment for changes in trade partner relationships, including distribution expansions, losses, or shifts in customer ordering behavior.",Trade Partners Adj for distribution change demand impact
Trade Partners,Changes in Distribution / Trade Partners; Trade Partners Adj,Demand Planning,Risk & Opportunity Management,"Identifies, quantifies, and tracks upside opportunities and downside risks to the demand forecast across portfolio, promotions, and market factors.",HIGH,"Demand adjustment for changes in trade partner relationships, including distribution expansions, losses, or shifts in customer ordering behavior.",Trade Partners Adj for distribution change demand impact
NPD Driver,NPD; NPD Driver ST,Demand Planning,Driver-Based Forecast Generation (Short Term),"Builds short-horizon demand forecasts by decomposing demand into quantifiable drivers such as promotions, media, pricing, and weather.",HIGH,Short-term driver capturing incremental demand from new product development launches and introductions in the near-term horizon.,NPD Driver ST for new product launch demand modeling
NPD Driver,NPD; NPD Driver ST,Demand Planning,NPI & Portfolio Lifecycle Management,"Plans and manages new product introductions, phase-in/phase-out transitions, cannibalization, and portfolio evolution impacts on demand.",HIGH,Short-term driver capturing incremental demand from new product development launches and introductions in the near-term horizon.,NPD Driver ST for new product launch demand modeling
Product Mix,Product Mix Adj,Demand Planning,Collaborative Demand Planning & Consensus,"Supports cross-functional collaboration to review, adjust, and finalize demand forecasts through structured override and consensus workflows.",HIGH,Demand adjustment for shifts in product mix within a portfolio that affect aggregate volume and revenue at higher hierarchy levels.,Product Mix Adj for portfolio mix shift demand impact
Product Mix,Product Mix Adj,Demand Planning,NPI & Portfolio Lifecycle Management,"Plans and manages new product introductions, phase-in/phase-out transitions, cannibalization, and portfolio evolution impacts on demand.",HIGH,Demand adjustment for shifts in product mix within a portfolio that affect aggregate volume and revenue at higher hierarchy levels.,Product Mix Adj for portfolio mix shift demand impact
Weather,Weather Adj,Demand Planning,Collaborative Demand Planning & Consensus,"Supports cross-functional collaboration to review, adjust, and finalize demand forecasts through structured override and consensus workflows.",HIGH,Manual weather-related demand adjustment applied by planners when weather-driven demand impacts are not captured by the weather driver model.,Weather Adj for manual weather-driven demand correction
Stocks,Stocks; Stocks Adj,Demand Planning,Collaborative Demand Planning & Consensus,"Supports cross-functional collaboration to review, adjust, and finalize demand forecasts through structured override and consensus workflows.",HIGH,Demand adjustment for inventory stock positions at customer or trade level that artificially inflate or deflate short-term ordering patterns.,Stocks Adj for customer stock position demand correction
Tourism,Tourism Adj,Demand Planning,Collaborative Demand Planning & Consensus,"Supports cross-functional collaboration to review, adjust, and finalize demand forecasts through structured override and consensus workflows.",HIGH,Demand adjustment for tourism-driven demand fluctuations in markets or channels significantly influenced by tourism activity levels.,Tourism Adj for tourism-driven demand fluctuation
VMI,VMI Adj,Demand Planning,Collaborative Demand Planning & Consensus,"Supports cross-functional collaboration to review, adjust, and finalize demand forecasts through structured override and consensus workflows.",HIGH,Demand adjustment for Vendor Managed Inventory program effects on ordering patterns and demand signal visibility.,VMI Adj for vendor managed inventory demand impact
VMI,VMI Adj,Supply Planning,Supply Commitment Management,Tracks and manages supplier and internal supply commitments against demand requirements to ensure promise fulfillment.,HIGH,Demand adjustment for Vendor Managed Inventory program effects on ordering patterns and demand signal visibility.,VMI Adj for vendor managed inventory demand impact
Feet on the Ground,Feet on the Ground Adj,Demand Planning,Collaborative Demand Planning & Consensus,"Supports cross-functional collaboration to review, adjust, and finalize demand forecasts through structured override and consensus workflows.",HIGH,Field-intelligence-driven demand adjustment based on insights from the sales force or field representatives about market conditions.,Feet on the Ground Adj for field intelligence demand signal
Incentives,Incentives Adj,Demand Planning,Collaborative Demand Planning & Consensus,"Supports cross-functional collaboration to review, adjust, and finalize demand forecasts through structured override and consensus workflows.",HIGH,Demand adjustment for the pull-forward or demand uplift effects of customer or trade incentive programs.,Incentives Adj for customer incentive program demand impact
Inventory Driver,Inventory; Inventory Driver ST,Demand Planning,Driver-Based Forecast Generation (Short Term),"Builds short-horizon demand forecasts by decomposing demand into quantifiable drivers such as promotions, media, pricing, and weather.",HIGH,Short-term driver capturing the demand signal distortion or acceleration caused by customer inventory build or depletion patterns.,Inventory Driver ST for customer inventory effect on demand
Covid,Covid Adj,Demand Planning,Collaborative Demand Planning & Consensus,"Supports cross-functional collaboration to review, adjust, and finalize demand forecasts through structured override and consensus workflows.",HIGH,"Manual demand adjustment for residual COVID-19-related impacts on consumer behavior, channel disruptions, or supply chain effects.",Covid Adj for COVID-driven demand disruption adjustment
Covid Driver,Covid; Covid Driver ST,Demand Planning,Driver-Based Forecast Generation (Short Term),"Builds short-horizon demand forecasts by decomposing demand into quantifiable drivers such as promotions, media, pricing, and weather.",HIGH,"Short-term driver modeling the quantified demand impact of COVID-related factors (lockdowns, behavioral shifts) in the forecast.",Covid Driver ST for COVID-driven demand modeling
Customer orders,Customer orders Adj,Demand Planning,Collaborative Demand Planning & Consensus,"Supports cross-functional collaboration to review, adjust, and finalize demand forecasts through structured override and consensus workflows.",HIGH,Demand adjustment based on confirmed customer order signals that deviate from the statistical forecast in the short-term horizon.,Customer orders Adj for order-signal demand correction
Loyalty,Loyalty Adj,Demand Planning,Collaborative Demand Planning & Consensus,"Supports cross-functional collaboration to review, adjust, and finalize demand forecasts through structured override and consensus workflows.",HIGH,Demand adjustment capturing the demand impact of customer loyalty program dynamics on purchasing frequency and volume.,Loyalty Adj for loyalty program demand impact
Category trend,Category trend Adj,Demand Planning,Collaborative Demand Planning & Consensus,"Supports cross-functional collaboration to review, adjust, and finalize demand forecasts through structured override and consensus workflows.",HIGH,Demand adjustment for broader category-level growth or decline trends that influence the product's demand trajectory.,Category trend Adj for category-level demand trajectory
Cannibalization Driver,Cannibalization; Cannibalization Driver ST,Demand Planning,Driver-Based Forecast Generation (Short Term),"Builds short-horizon demand forecasts by decomposing demand into quantifiable drivers such as promotions, media, pricing, and weather.",HIGH,Short-term driver quantifying the volume cannibalization or halo effect between products in the near-term planning horizon.,Cannibalization Driver ST for inter-product demand transfer
Cannibalization Driver,Cannibalization; Cannibalization Driver ST,Demand Planning,NPI & Portfolio Lifecycle Management,"Plans and manages new product introductions, phase-in/phase-out transitions, cannibalization, and portfolio evolution impacts on demand.",HIGH,Short-term driver quantifying the volume cannibalization or halo effect between products in the near-term planning horizon.,Cannibalization Driver ST for inter-product demand transfer
Customer Segmentation,Customer Segmentation Adj,Demand Planning,Collaborative Demand Planning & Consensus,"Supports cross-functional collaboration to review, adjust, and finalize demand forecasts through structured override and consensus workflows.",HIGH,"Demand adjustment based on customer segmentation insights, reflecting differentiated demand behavior across customer tiers or types.",Customer Segmentation Adj for segment-driven demand adjustment
Customer Segmentation,Customer Segmentation Adj,Demand Planning,Demand Segmentation & Classification,"Classifies products, customers, and demand streams using ABC/XYZ and other frameworks for differentiated planning treatment.",HIGH,"Demand adjustment based on customer segmentation insights, reflecting differentiated demand behavior across customer tiers or types.",Customer Segmentation Adj for segment-driven demand adjustment
RO Item Variable Contribution,Variable Contribution,Demand Planning,Revenue & Volume Outlook Item Tracking,"Tracks revenue and volume outlook items including initiatives, variable contributions, and governance dates for pipeline management.",HIGH,"Variable contribution (gross margin less variable costs) associated with a Risk & Opportunity outlook item, supporting financial prioritization.",Variable Contribution of R&O item for financial prioritization
RO Item Variable Contribution,Variable Contribution,Demand Planning,Financial & Revenue Forecasting,Converts volume forecasts into net revenue and financial outputs to support P&L and commercial planning.,HIGH,"Variable contribution (gross margin less variable costs) associated with a Risk & Opportunity outlook item, supporting financial prioritization.",Variable Contribution of R&O item for financial prioritization
RO Item Start Date,Start Date,Demand Planning,Revenue & Volume Outlook Item Tracking,"Tracks revenue and volume outlook items including initiatives, variable contributions, and governance dates for pipeline management.",HIGH,Start date of a Risk & Opportunity outlook item defining when the initiative demand impact begins in the planning timeline.,R&O Item Start Date for initiative timeline governance
RO Item End Date,End Date,Demand Planning,Revenue & Volume Outlook Item Tracking,"Tracks revenue and volume outlook items including initiatives, variable contributions, and governance dates for pipeline management.",HIGH,End date of a Risk & Opportunity outlook item defining when the initiative demand impact concludes in the planning timeline.,R&O Item End Date for initiative timeline governance
Advertising,,Demand Planning,Collaborative Demand Planning & Consensus,"Supports cross-functional collaboration to review, adjust, and finalize demand forecasts through structured override and consensus workflows.",MEDIUM,Demand adjustment for the volume uplift generated by advertising spend and campaigns not captured by the driver-based model.,Advertising adjustment for ad-spend demand uplift
E Commerce,E Commerce Adj,Demand Planning,Collaborative Demand Planning & Consensus,"Supports cross-functional collaboration to review, adjust, and finalize demand forecasts through structured override and consensus workflows.",HIGH,Demand adjustment for the incremental or shifted demand from e-commerce channel growth and digital commerce dynamics.,E Commerce Adj for digital channel demand shift
Innovation - Cannibalization,,Demand Planning,NPI & Portfolio Lifecycle Management,"Plans and manages new product introductions, phase-in/phase-out transitions, cannibalization, and portfolio evolution impacts on demand.",MEDIUM,Tracks the cannibalization demand impact specifically attributable to innovation launches on the existing portfolio.,Innovation-Cannibalization for NPI-driven demand transfer
Market Evolution/Shopper Behavior/ Ingredient preference,Market Trend Adj,Demand Planning,Collaborative Demand Planning & Consensus,"Supports cross-functional collaboration to review, adjust, and finalize demand forecasts through structured override and consensus workflows.",HIGH,"Demand adjustment for structural market evolution including changing shopper behavior, health trends, and ingredient preference shifts.",Market Trend Adj for shopper behavior and market evolution
Fcst NR,Adjusted Forecast NR,Demand Planning,Financial & Revenue Forecasting,Converts volume forecasts into net revenue and financial outputs to support P&L and commercial planning.,HIGH,Net revenue version of the consensus forecast translating adjusted volume into financial revenue for commercial and financial planning.,Fcst NR as net revenue version of adjusted forecast
Fcst NR,Adjusted Forecast NR,Demand Planning,Collaborative Demand Planning & Consensus,"Supports cross-functional collaboration to review, adjust, and finalize demand forecasts through structured override and consensus workflows.",HIGH,Net revenue version of the consensus forecast translating adjusted volume into financial revenue for commercial and financial planning.,Fcst NR as net revenue version of adjusted forecast
Macroeconomics Driver,Macroeconomic Driver ST,Demand Planning,Driver-Based Forecast Generation (Short Term),"Builds short-horizon demand forecasts by decomposing demand into quantifiable drivers such as promotions, media, pricing, and weather.",HIGH,"Short-term driver quantifying the near-term demand impact of macroeconomic indicators such as GDP, inflation, or consumer confidence.",Macroeconomic Driver ST for macro-driven demand modeling
Demographics Driver LT,Demographics Driver MT,Demand Planning,Driver-Based Forecast Generation (Mid/Long Term),Constructs medium-to-long-horizon strategic forecasts decomposed into business drivers to inform capacity and supply strategy.,HIGH,"Long/mid-term driver capturing structural demand changes driven by demographic trends such as population growth, age distribution, and urbanization.",Demographics Driver MT for demographic-driven demand planning
Demographics Driver,Demographics Driver ST,Demand Planning,Driver-Based Forecast Generation (Short Term),"Builds short-horizon demand forecasts by decomposing demand into quantifiable drivers such as promotions, media, pricing, and weather.",HIGH,Short-term driver reflecting near-term demographic influences on demand including seasonal population shifts and age-cohort purchasing patterns.,Demographics Driver ST for demographic demand modeling
NPD Driver LT,NPD Driver MT,Demand Planning,Driver-Based Forecast Generation (Mid/Long Term),Constructs medium-to-long-horizon strategic forecasts decomposed into business drivers to inform capacity and supply strategy.,HIGH,Long/mid-term driver capturing the sustained demand from new product development pipeline launches over the strategic horizon.,NPD Driver MT for long-term new product demand modeling
NPD Driver LT,NPD Driver MT,Demand Planning,NPI & Portfolio Lifecycle Management,"Plans and manages new product introductions, phase-in/phase-out transitions, cannibalization, and portfolio evolution impacts on demand.",HIGH,Long/mid-term driver capturing the sustained demand from new product development pipeline launches over the strategic horizon.,NPD Driver MT for long-term new product demand modeling
Pricing Driver LT,Pricing Driver MT,Demand Planning,Driver-Based Forecast Generation (Mid/Long Term),Constructs medium-to-long-horizon strategic forecasts decomposed into business drivers to inform capacity and supply strategy.,HIGH,Long/mid-term driver quantifying the sustained volume demand elasticity from strategic pricing decisions over the planning horizon.,Pricing Driver MT for long-term price elasticity modeling
Google Mobility Driver LT,Mobility Driver MT,Demand Planning,Driver-Based Forecast Generation (Mid/Long Term),Constructs medium-to-long-horizon strategic forecasts decomposed into business drivers to inform capacity and supply strategy.,HIGH,Long/mid-term driver using mobility trend data to forecast sustained consumer movement pattern impacts on demand.,Mobility Driver MT for long-term mobility-driven demand
Covid Driver LT,Covid Driver MT,Demand Planning,Driver-Based Forecast Generation (Mid/Long Term),Constructs medium-to-long-horizon strategic forecasts decomposed into business drivers to inform capacity and supply strategy.,HIGH,Long/mid-term driver modeling the persistent demand impact of COVID-related behavioral and structural market changes.,Covid Driver MT for long-term COVID-driven demand modeling
Inventory Driver LT,Inventory Driver MT,Demand Planning,Driver-Based Forecast Generation (Mid/Long Term),Constructs medium-to-long-horizon strategic forecasts decomposed into business drivers to inform capacity and supply strategy.,HIGH,Long/mid-term driver capturing the sustained effect of supply chain inventory dynamics and trade stocking behavior on demand.,Inventory Driver MT for long-term inventory effect on demand
Macroeconomics Driver LT,Macroeconomics Driver MT,Demand Planning,Driver-Based Forecast Generation (Mid/Long Term),Constructs medium-to-long-horizon strategic forecasts decomposed into business drivers to inform capacity and supply strategy.,HIGH,"Long/mid-term driver quantifying sustained macroeconomic trend impacts (GDP, inflation, consumer confidence) on strategic demand.",Macroeconomics Driver MT for long-term macro demand modeling
Cannibalization Driver LT,Cannibalization Driver MT,Demand Planning,Driver-Based Forecast Generation (Mid/Long Term),Constructs medium-to-long-horizon strategic forecasts decomposed into business drivers to inform capacity and supply strategy.,HIGH,Long/mid-term driver modeling sustained cannibalization effects from portfolio evolution on demand over the strategic horizon.,Cannibalization Driver MT for long-term cannibalization impact
Cannibalization Driver LT,Cannibalization Driver MT,Demand Planning,NPI & Portfolio Lifecycle Management,"Plans and manages new product introductions, phase-in/phase-out transitions, cannibalization, and portfolio evolution impacts on demand.",HIGH,Long/mid-term driver modeling sustained cannibalization effects from portfolio evolution on demand over the strategic horizon.,Cannibalization Driver MT for long-term cannibalization impact
Comments,,Demand Planning,Collaborative Demand Planning & Consensus,"Supports cross-functional collaboration to review, adjust, and finalize demand forecasts through structured override and consensus workflows.",HIGH,"Free-text annotation field allowing planners to document rationale, exceptions, or observations associated with forecast adjustments.",Comments field for planner rationale and forecast annotation
Comments,,Demand Planning,Planning Metadata & Administration,"Captures administrative and configuration metadata supporting planning governance, audit trails, and system administration.",HIGH,"Free-text annotation field allowing planners to document rationale, exceptions, or observations associated with forecast adjustments.",Comments field for planner rationale and forecast annotation
DFU at 320 Level,,Demand Planning,Demand Segmentation & Classification,"Classifies products, customers, and demand streams using ABC/XYZ and other frameworks for differentiated planning treatment.",MEDIUM,"Demand Forecast Unit identified at the 320 product hierarchy aggregation level, enabling mid-level granularity planning and review.",DFU at 320 Level for mid-hierarchy demand planning
Review Date,,Demand Planning,Planning Metadata & Administration,"Captures administrative and configuration metadata supporting planning governance, audit trails, and system administration.",HIGH,"Date on which a forecast or plan was last reviewed in the consensus planning process, supporting governance and audit trail.",Review Date for forecast governance and audit trail
Review Date,,Demand Planning,Collaborative Demand Planning & Consensus,"Supports cross-functional collaboration to review, adjust, and finalize demand forecasts through structured override and consensus workflows.",HIGH,"Date on which a forecast or plan was last reviewed in the consensus planning process, supporting governance and audit trail.",Review Date for forecast governance and audit trail
Best Estimate at DFU,Best Estimate,Demand Planning,Collaborative Demand Planning & Consensus,"Supports cross-functional collaboration to review, adjust, and finalize demand forecasts through structured override and consensus workflows.",HIGH,The current best estimate of demand at the DFU level representing the most accurate combined view of all forecast inputs and adjustments.,Best Estimate at DFU as consensus demand view for S&OP
Best Estimate at DFU,Best Estimate,Demand Planning,S&OP / IBP Integration,"Integrates demand forecasts with Sales & Operations Planning targets to align commercial, financial, and supply perspectives.",HIGH,The current best estimate of demand at the DFU level representing the most accurate combined view of all forecast inputs and adjustments.,Best Estimate at DFU as consensus demand view for S&OP
W Demand Quantity,Total Demand,Supply Planning,Demand Fulfillment & Order Management,"Tracks customer demand satisfaction by monitoring on-time, short, and late fulfillment quantities at weekly and daily granularity.",HIGH,"Total weekly demand quantity from all demand sources at the planning node, used as the primary supply plan input for fulfillment.",W Demand Quantity (Total Demand) for weekly supply planning
Previous Forecast at DFU,PXF Forecast,Demand Planning,Forecast Performance Measurement,"Measures forecast quality through bias, fill rate, cycle-over-cycle change, and error metrics to drive continuous improvement.",HIGH,"The forecast value from the prior planning cycle at the DFU level, enabling cycle-over-cycle forecast change analysis.",PXF Forecast for cycle-over-cycle forecast comparison
Previous Forecast at DFU,PXF Forecast,Demand Planning,Collaborative Demand Planning & Consensus,"Supports cross-functional collaboration to review, adjust, and finalize demand forecasts through structured override and consensus workflows.",HIGH,"The forecast value from the prior planning cycle at the DFU level, enabling cycle-over-cycle forecast change analysis.",PXF Forecast for cycle-over-cycle forecast comparison
W Total Met On Time Quantity,Met Demand,Supply Planning,Demand Fulfillment & Order Management,"Tracks customer demand satisfaction by monitoring on-time, short, and late fulfillment quantities at weekly and daily granularity.",HIGH,"Total weekly quantity of demand fulfilled on time, measuring the supply plan's on-time delivery performance.",W Total Met On Time Quantity for on-time fulfillment tracking
D Demand Quantity,Demand Quantity,Supply Planning,Demand Fulfillment & Order Management,"Tracks customer demand satisfaction by monitoring on-time, short, and late fulfillment quantities at weekly and daily granularity.",HIGH,"Daily demand quantity at the planning node, providing granular demand signal for short-term supply execution.",D Demand Quantity for daily supply execution planning
Evaluation Period To Date,,Demand Planning,Planning Metadata & Administration,"Captures administrative and configuration metadata supporting planning governance, audit trails, and system administration.",HIGH,End date of the evaluation period used to define the measurement window for forecast accuracy and supply performance metrics.,Evaluation Period To Date for performance measurement window
Evaluation Period To Date,,Demand Planning,Forecast Performance Measurement,"Measures forecast quality through bias, fill rate, cycle-over-cycle change, and error metrics to drive continuous improvement.",HIGH,End date of the evaluation period used to define the measurement window for forecast accuracy and supply performance metrics.,Evaluation Period To Date for performance measurement window
Evaluation Period From Date,,Demand Planning,Planning Metadata & Administration,"Captures administrative and configuration metadata supporting planning governance, audit trails, and system administration.",HIGH,Start date of the evaluation period used to define the measurement window for forecast accuracy and supply performance metrics.,Evaluation Period From Date for performance measurement window
Evaluation Period From Date,,Demand Planning,Forecast Performance Measurement,"Measures forecast quality through bias, fill rate, cycle-over-cycle change, and error metrics to drive continuous improvement.",HIGH,Start date of the evaluation period used to define the measurement window for forecast accuracy and supply performance metrics.,Evaluation Period From Date for performance measurement window
Interdependent Association,,Demand Planning,Planning Metadata & Administration,"Captures administrative and configuration metadata supporting planning governance, audit trails, and system administration.",MEDIUM,"Defines interdependencies between planning entities (DFUs, nodes, orders) to ensure cascaded constraint and demand propagation.",Interdependent Association for planning entity dependency mapping
Actuals LY at DFU,Actuals LY,Demand Planning,Historical Data Management & Cleansing,"Manages, cleanses, and adjusts historical sales and demand data to establish reliable baselines for forecasting.",HIGH,"Last year's actual demand at the DFU level, used as the primary reference for year-over-year performance comparison.",Actuals LY at DFU for year-over-year DFU performance
Actuals LY at DFU,Actuals LY,Demand Planning,Forecast Performance Measurement,"Measures forecast quality through bias, fill rate, cycle-over-cycle change, and error metrics to drive continuous improvement.",HIGH,"Last year's actual demand at the DFU level, used as the primary reference for year-over-year performance comparison.",Actuals LY at DFU for year-over-year DFU performance
W Demand Fill Rate,Demand Fill Rate,Supply Planning,Demand Fulfillment & Order Management,"Tracks customer demand satisfaction by monitoring on-time, short, and late fulfillment quantities at weekly and daily granularity.",HIGH,"Weekly ratio of demand met on time to total demand, measuring the supply chain's customer service level performance.",W Demand Fill Rate for weekly customer service level
o9 Solution Coverage,,Demand Planning,Planning Metadata & Administration,"Captures administrative and configuration metadata supporting planning governance, audit trails, and system administration.",MEDIUM,Indicator of the o9 platform's functional coverage across the supply chain planning scope for a given client deployment.,o9 Solution Coverage for platform deployment scope tracking
Client Name,,Demand Planning,Planning Metadata & Administration,"Captures administrative and configuration metadata supporting planning governance, audit trails, and system administration.",HIGH,"Identifier for the client or business unit for which the planning solution is configured, supporting multi-tenant administration.",Client Name for multi-tenant solution administration
D Total Met On Time Quantity,Total Met On Time Quantity,Supply Planning,Demand Fulfillment & Order Management,"Tracks customer demand satisfaction by monitoring on-time, short, and late fulfillment quantities at weekly and daily granularity.",HIGH,"Daily total quantity of demand fulfilled on time, providing granular daily supply execution performance visibility.",D Total Met On Time Quantity for daily fulfillment performance
W Total Short Quantity,Unmet Demand,Supply Planning,Demand Fulfillment & Order Management,"Tracks customer demand satisfaction by monitoring on-time, short, and late fulfillment quantities at weekly and daily granularity.",HIGH,"Total weekly quantity of demand that could not be fulfilled due to supply constraints, indicating unmet demand exposure.",W Total Short Quantity (Unmet Demand) for supply gap analysis
W Total Short Quantity,Unmet Demand,Supply Planning,Constraint Analysis & Root Cause Analysis,"Identifies and diagnoses supply constraints including material shortages, lead time violations, broken networks, and effectivity issues.",HIGH,"Total weekly quantity of demand that could not be fulfilled due to supply constraints, indicating unmet demand exposure.",W Total Short Quantity (Unmet Demand) for supply gap analysis
W Total Late Quantity,Met Demand Late,Supply Planning,Demand Fulfillment & Order Management,"Tracks customer demand satisfaction by monitoring on-time, short, and late fulfillment quantities at weekly and daily granularity.",HIGH,"Total weekly quantity fulfilled but delivered late, measuring supply plan adherence and on-time delivery reliability.",W Total Late Quantity for late delivery performance tracking
D Total Short Quantity,Total Short Quantity,Supply Planning,Demand Fulfillment & Order Management,"Tracks customer demand satisfaction by monitoring on-time, short, and late fulfillment quantities at weekly and daily granularity.",HIGH,"Daily total quantity of demand not met due to supply shortfalls, enabling granular constraint and shortage analysis.",D Total Short Quantity for daily demand shortfall analysis
D Total Short Quantity,Total Short Quantity,Supply Planning,Constraint Analysis & Root Cause Analysis,"Identifies and diagnoses supply constraints including material shortages, lead time violations, broken networks, and effectivity issues.",HIGH,"Daily total quantity of demand not met due to supply shortfalls, enabling granular constraint and shortage analysis.",D Total Short Quantity for daily demand shortfall analysis
Short Term Driver Based Forecast NR,Short Term Driver Based Fcst NR,Demand Planning,Driver-Based Forecast Generation (Short Term),"Builds short-horizon demand forecasts by decomposing demand into quantifiable drivers such as promotions, media, pricing, and weather.",HIGH,"Net revenue equivalent of the short-term driver-based forecast, translating driver-based volume into financial revenue for commercial planning.",ST Driver Based Fcst NR for short-term revenue planning
Short Term Driver Based Forecast NR,Short Term Driver Based Fcst NR,Demand Planning,Financial & Revenue Forecasting,Converts volume forecasts into net revenue and financial outputs to support P&L and commercial planning.,HIGH,"Net revenue equivalent of the short-term driver-based forecast, translating driver-based volume into financial revenue for commercial planning.",ST Driver Based Fcst NR for short-term revenue planning
D Total Late Quantity,Total Late Quantity,Supply Planning,Demand Fulfillment & Order Management,"Tracks customer demand satisfaction by monitoring on-time, short, and late fulfillment quantities at weekly and daily granularity.",HIGH,"Daily total quantity fulfilled late, providing granular operational visibility into delivery performance deviations.",D Total Late Quantity for daily late delivery tracking
Previous Forecast at DFU_LC,P(X-1)F Forecast,Demand Planning,Forecast Performance Measurement,"Measures forecast quality through bias, fill rate, cycle-over-cycle change, and error metrics to drive continuous improvement.",HIGH,"Prior cycle forecast at DFU level in local currency, enabling cycle-over-cycle financial forecast change analysis.",P(X-1)F Forecast LC for prior cycle financial forecast tracking
Forecast Last Cycle,Fcst Last Cycle,Demand Planning,Forecast Performance Measurement,"Measures forecast quality through bias, fill rate, cycle-over-cycle change, and error metrics to drive continuous improvement.",HIGH,"Forecast value from the most recently completed planning cycle, used as the baseline for measuring consensus adjustment changes.",Fcst Last Cycle for most recent cycle forecast comparison
Forecast Last Cycle,Fcst Last Cycle,Demand Planning,Collaborative Demand Planning & Consensus,"Supports cross-functional collaboration to review, adjust, and finalize demand forecasts through structured override and consensus workflows.",HIGH,"Forecast value from the most recently completed planning cycle, used as the baseline for measuring consensus adjustment changes.",Fcst Last Cycle for most recent cycle forecast comparison
Fcst NR LC,,Demand Planning,Financial & Revenue Forecasting,Converts volume forecasts into net revenue and financial outputs to support P&L and commercial planning.,HIGH,"Forecast net revenue expressed in local currency, enabling LC-level financial planning and cross-currency consolidation.",Fcst NR LC for local currency financial forecast
W Demand Quantity LC,LC Total Demand,Supply Planning,Demand Fulfillment & Order Management,"Tracks customer demand satisfaction by monitoring on-time, short, and late fulfillment quantities at weekly and daily granularity.",HIGH,"Total weekly demand quantity expressed in local currency, supporting LC-level supply plan financial reconciliation.",LC Total Demand for local currency demand quantity tracking
W Demand Quantity LC,LC Total Demand,Demand Planning,Financial & Revenue Forecasting,Converts volume forecasts into net revenue and financial outputs to support P&L and commercial planning.,HIGH,"Total weekly demand quantity expressed in local currency, supporting LC-level supply plan financial reconciliation.",LC Total Demand for local currency demand quantity tracking
D Demand Fill Rate,Demand Fill Rate,Supply Planning,Demand Fulfillment & Order Management,"Tracks customer demand satisfaction by monitoring on-time, short, and late fulfillment quantities at weekly and daily granularity.",HIGH,"Daily ratio of demand met on time to total demand, providing granular daily customer service level performance measurement.",D Demand Fill Rate for daily customer service performance
WD Current Year,,Demand Planning,Planning Metadata & Administration,"Captures administrative and configuration metadata supporting planning governance, audit trails, and system administration.",MEDIUM,Working days count for the current year used in demand normalization and calendar-adjusted planning calculations.,WD Current Year for working day normalization
WD Following Year,,Demand Planning,Planning Metadata & Administration,"Captures administrative and configuration metadata supporting planning governance, audit trails, and system administration.",MEDIUM,Working days count for the following year used in forward-looking demand normalization and planning horizon calculations.,WD Following Year for forward planning normalization
WD (Current Year vs Last Year),,Demand Planning,Planning Metadata & Administration,"Captures administrative and configuration metadata supporting planning governance, audit trails, and system administration.",MEDIUM,"Working day differential between current and last year, used to adjust year-over-year comparisons for calendar effects.",WD CY vs LY for calendar-adjusted YoY comparisons
WD (Current Year vs Last Year),,Demand Planning,Forecast Performance Measurement,"Measures forecast quality through bias, fill rate, cycle-over-cycle change, and error metrics to drive continuous improvement.",MEDIUM,"Working day differential between current and last year, used to adjust year-over-year comparisons for calendar effects.",WD CY vs LY for calendar-adjusted YoY comparisons
WD Last Year,,Demand Planning,Planning Metadata & Administration,"Captures administrative and configuration metadata supporting planning governance, audit trails, and system administration.",MEDIUM,Working days count for the prior year used to normalize last year's demand data for calendar-adjusted comparisons.,WD Last Year for prior year calendar normalization
WD (Following Year vs Current Year),,Demand Planning,Planning Metadata & Administration,"Captures administrative and configuration metadata supporting planning governance, audit trails, and system administration.",MEDIUM,"Working day differential between following and current year, used in forward-looking planning horizon calendar adjustments.",WD FY vs CY for forward horizon calendar adjustment
Best Estimate vs Previous Forecast at DFU,Best Estimate vs Previous Forecast,Demand Planning,Forecast Performance Measurement,"Measures forecast quality through bias, fill rate, cycle-over-cycle change, and error metrics to drive continuous improvement.",HIGH,"Variance metric comparing the current best estimate to the prior cycle forecast at DFU level, measuring consensus forecast evolution.",Best Estimate vs Previous Forecast for cycle change analysis
Best Estimate vs Previous Forecast at DFU,Best Estimate vs Previous Forecast,Demand Planning,Collaborative Demand Planning & Consensus,"Supports cross-functional collaboration to review, adjust, and finalize demand forecasts through structured override and consensus workflows.",HIGH,"Variance metric comparing the current best estimate to the prior cycle forecast at DFU level, measuring consensus forecast evolution.",Best Estimate vs Previous Forecast for cycle change analysis
ST Adjusted Fcst vs AOP at DFU,ST Adjusted Fcst vs AOP,Demand Planning,Forecast Performance Measurement,"Measures forecast quality through bias, fill rate, cycle-over-cycle change, and error metrics to drive continuous improvement.",HIGH,"Variance between the short-term adjusted forecast and the AOP target at DFU level, enabling gap-to-plan identification.",ST Adjusted Fcst vs AOP for short-term plan gap tracking
ST Adjusted Fcst vs AOP at DFU,ST Adjusted Fcst vs AOP,Demand Planning,Annual Operating Plan (AOP) Management,"Establishes and monitors annual volume and revenue targets, comparing rolling forecasts against the approved annual plan.",HIGH,"Variance between the short-term adjusted forecast and the AOP target at DFU level, enabling gap-to-plan identification.",ST Adjusted Fcst vs AOP for short-term plan gap tracking
Best Estimate vs Actuals LY at DFU,Best Estimate vs Actuals LY,Demand Planning,Forecast Performance Measurement,"Measures forecast quality through bias, fill rate, cycle-over-cycle change, and error metrics to drive continuous improvement.",HIGH,"Year-over-year variance between the current best estimate and prior year actuals at DFU level, measuring demand growth trajectory.",Best Estimate vs Actuals LY for YoY demand growth tracking
Best Estimate vs AOP at DFU,Best Estimate vs AOP,Demand Planning,Forecast Performance Measurement,"Measures forecast quality through bias, fill rate, cycle-over-cycle change, and error metrics to drive continuous improvement.",HIGH,"Variance between the best estimate and the AOP target at DFU level, identifying gaps requiring commercial corrective actions.",Best Estimate vs AOP for DFU-level gap-to-plan tracking
Best Estimate vs AOP at DFU,Best Estimate vs AOP,Demand Planning,Annual Operating Plan (AOP) Management,"Establishes and monitors annual volume and revenue targets, comparing rolling forecasts against the approved annual plan.",HIGH,"Variance between the best estimate and the AOP target at DFU level, identifying gaps requiring commercial corrective actions.",Best Estimate vs AOP for DFU-level gap-to-plan tracking
D Total Short Quantity COC Change %,COC Total Short Quantity Change %,Supply Planning,Supply Performance Monitoring,Monitors supply plan execution performance through cycle-over-cycle comparisons and fill-rate trending.,HIGH,"Cycle-over-cycle percentage change in daily short quantity, tracking improvement or deterioration in supply shortage performance.",COC Total Short Quantity Change % for supply COC tracking
D Total Late Quantity COC Change %,COC Total Late Qauntity Change %,Supply Planning,Supply Performance Monitoring,Monitors supply plan execution performance through cycle-over-cycle comparisons and fill-rate trending.,HIGH,"Cycle-over-cycle percentage change in daily late quantity, monitoring on-time delivery performance trend across planning cycles.",COC Total Late Quantity Change % for delivery COC tracking
D Total Met On Time Quantity COC Change %,COC Total Met on Time Change %,Supply Planning,Supply Performance Monitoring,Monitors supply plan execution performance through cycle-over-cycle comparisons and fill-rate trending.,HIGH,"Cycle-over-cycle percentage change in daily on-time fulfillment, measuring the trajectory of customer service level improvement.",COC Met On Time Change % for daily service level COC
W Total Short Quantity COC Change %,COC Total Short Quantity Change %,Supply Planning,Supply Performance Monitoring,Monitors supply plan execution performance through cycle-over-cycle comparisons and fill-rate trending.,HIGH,"Cycle-over-cycle percentage change in weekly short quantity, enabling weekly supply shortfall trend monitoring.",COC Total Short Quantity Change % weekly for supply COC
W Total Met On Time Quantity COC Change %,COC Total Met on Time Change %,Supply Planning,Supply Performance Monitoring,Monitors supply plan execution performance through cycle-over-cycle comparisons and fill-rate trending.,HIGH,"Cycle-over-cycle percentage change in weekly on-time fulfillment, tracking weekly customer service level performance trends.",COC Total Met On Time Change % weekly for service COC
W Total Late Quantity COC Change %,COC Total Late Qauntity Change %,Supply Planning,Supply Performance Monitoring,Monitors supply plan execution performance through cycle-over-cycle comparisons and fill-rate trending.,HIGH,"Cycle-over-cycle percentage change in weekly late quantities, monitoring weekly delivery performance trajectory across cycles.",COC Total Late Quantity Change % weekly for delivery COC
Adjusted History LY NR,,Demand Planning,Historical Data Management & Cleansing,"Manages, cleanses, and adjusts historical sales and demand data to establish reliable baselines for forecasting.",HIGH,Last year's adjusted historical net revenue providing a cleansed financial baseline for year-over-year revenue comparison.,Adjusted History LY NR for cleansed revenue baseline
Adjusted History LY NR,,Demand Planning,Financial & Revenue Forecasting,Converts volume forecasts into net revenue and financial outputs to support P&L and commercial planning.,HIGH,Last year's adjusted historical net revenue providing a cleansed financial baseline for year-over-year revenue comparison.,Adjusted History LY NR for cleansed revenue baseline
Adjusted History LLY NR,,Demand Planning,Historical Data Management & Cleansing,"Manages, cleanses, and adjusts historical sales and demand data to establish reliable baselines for forecasting.",HIGH,Two-year-ago adjusted historical net revenue enabling multi-year financial trend analysis and model calibration.,Adjusted History LLY NR for multi-year revenue baseline
Adjusted History LLY NR,,Demand Planning,Financial & Revenue Forecasting,Converts volume forecasts into net revenue and financial outputs to support P&L and commercial planning.,HIGH,Two-year-ago adjusted historical net revenue enabling multi-year financial trend analysis and model calibration.,Adjusted History LLY NR for multi-year revenue baseline
AOP,,Demand Planning,Annual Operating Plan (AOP) Management,"Establishes and monitors annual volume and revenue targets, comparing rolling forecasts against the approved annual plan.",HIGH,Annual Operating Plan volume target representing the approved operational volume commitment for the fiscal year.,AOP as approved annual volume operational target
JDA Actuals LY at DFU,JDA Actuals LY,Demand Planning,External Forecast Integration,"Integrates external system forecasts (e.g., JDA, Mosaic) and market-based signals into the planning workflow.",HIGH,"Last year's actual demand from the JDA system at the DFU level, providing an external-system-sourced actuals benchmark.",JDA Actuals LY at DFU for external system actuals benchmark
JDA Actuals LY at DFU,JDA Actuals LY,Demand Planning,Historical Data Management & Cleansing,"Manages, cleanses, and adjusts historical sales and demand data to establish reliable baselines for forecasting.",HIGH,"Last year's actual demand from the JDA system at the DFU level, providing an external-system-sourced actuals benchmark.",JDA Actuals LY at DFU for external system actuals benchmark
Actuals LLY at DFU,Actuals LLY,Demand Planning,Historical Data Management & Cleansing,"Manages, cleanses, and adjusts historical sales and demand data to establish reliable baselines for forecasting.",HIGH,"Two-year-ago actual demand at the DFU level, enabling multi-year actuals comparison for trend and forecast validation.",Actuals LLY at DFU for two-year actuals comparison
Actuals LLY at DFU,Actuals LLY,Demand Planning,Forecast Performance Measurement,"Measures forecast quality through bias, fill rate, cycle-over-cycle change, and error metrics to drive continuous improvement.",HIGH,"Two-year-ago actual demand at the DFU level, enabling multi-year actuals comparison for trend and forecast validation.",Actuals LLY at DFU for two-year actuals comparison
Actual Mosaic Partial Week_Loc,Actual Mosaic,Demand Planning,Demand Sensing & Actuals Tracking,Captures near-term demand actuals and signals at location and DFU level for operational and short-horizon planning.,HIGH,"Partial-week actual demand from the Mosaic system at the location level, providing near-real-time demand signal for operational planning.",Actual Mosaic partial week at location for near-RT demand
W BOM Quantity Consumed Per,Quantity Consumed,Supply Planning,BOM & Production Planning,"Manages bill-of-materials relationships, production quantities, and material-production associations for operational supply planning.",HIGH,"Weekly quantity of input materials consumed per unit of output in the bill of materials, used for material requirements planning.",BOM Quantity Consumed Per for material requirements planning
W BOM Quantity Produced Per,Quantity Produced,Supply Planning,BOM & Production Planning,"Manages bill-of-materials relationships, production quantities, and material-production associations for operational supply planning.",HIGH,"Weekly quantity of finished goods produced per bill of materials execution, used to calculate production output expectations.",BOM Quantity Produced Per for production output calculation
D Demand Quantity LC,LC Demand,Supply Planning,Demand Fulfillment & Order Management,"Tracks customer demand satisfaction by monitoring on-time, short, and late fulfillment quantities at weekly and daily granularity.",HIGH,"Daily demand quantity in local currency, enabling financial-level supply fulfillment analysis across currency regions.",LC Demand for daily local currency demand tracking
D Demand Quantity LC,LC Demand,Demand Planning,Financial & Revenue Forecasting,Converts volume forecasts into net revenue and financial outputs to support P&L and commercial planning.,HIGH,"Daily demand quantity in local currency, enabling financial-level supply fulfillment analysis across currency regions.",LC Demand for daily local currency demand tracking
Adj Fcst LC NR,Adjusted Fcst NR LC,Demand Planning,Financial & Revenue Forecasting,Converts volume forecasts into net revenue and financial outputs to support P&L and commercial planning.,HIGH,"Adjusted forecast expressed as net revenue in local currency, combining consensus volume adjustments with financial rate conversion.",Adjusted Fcst NR LC for local currency NR forecast
Adj Fcst LC NR,Adjusted Fcst NR LC,Demand Planning,Collaborative Demand Planning & Consensus,"Supports cross-functional collaboration to review, adjust, and finalize demand forecasts through structured override and consensus workflows.",HIGH,"Adjusted forecast expressed as net revenue in local currency, combining consensus volume adjustments with financial rate conversion.",Adjusted Fcst NR LC for local currency NR forecast
Best Estimate vs SNOP Target,Best Estimate vs S&OP Plan,Demand Planning,Forecast Performance Measurement,"Measures forecast quality through bias, fill rate, cycle-over-cycle change, and error metrics to drive continuous improvement.",HIGH,"Variance between the best estimate and the S&OP target, revealing the gap between commercial demand view and the agreed operating plan.",Best Estimate vs S&OP Plan for demand-plan gap visibility
Best Estimate vs SNOP Target,Best Estimate vs S&OP Plan,Demand Planning,S&OP / IBP Integration,"Integrates demand forecasts with Sales & Operations Planning targets to align commercial, financial, and supply perspectives.",HIGH,"Variance between the best estimate and the S&OP target, revealing the gap between commercial demand view and the agreed operating plan.",Best Estimate vs S&OP Plan for demand-plan gap visibility
Best Estimate vs Actuals LLY at DFU,Best Estimate vs Actuals LLY,Demand Planning,Forecast Performance Measurement,"Measures forecast quality through bias, fill rate, cycle-over-cycle change, and error metrics to drive continuous improvement.",HIGH,"Two-year-over-year variance between best estimate and prior actuals at DFU, supporting multi-year demand growth tracking.",Best Estimate vs Actuals LLY for multi-year growth tracking
Best Estimate vs ST Adjusted Fcst at DFU,Best Estimate vs ST Adjusted Fcst,Demand Planning,Forecast Performance Measurement,"Measures forecast quality through bias, fill rate, cycle-over-cycle change, and error metrics to drive continuous improvement.",HIGH,"Variance between the long/mid-term best estimate and the short-term adjusted forecast, measuring horizon alignment and planning consistency.",Best Estimate vs ST Adjusted Fcst for horizon consistency
Best Estimate vs ST Adjusted Fcst at DFU,Best Estimate vs ST Adjusted Fcst,Demand Planning,Collaborative Demand Planning & Consensus,"Supports cross-functional collaboration to review, adjust, and finalize demand forecasts through structured override and consensus workflows.",HIGH,"Variance between the long/mid-term best estimate and the short-term adjusted forecast, measuring horizon alignment and planning consistency.",Best Estimate vs ST Adjusted Fcst for horizon consistency
ST Adjusted Fcst vs SNOP Target,ST Adjusted Fcst vs S&OP Plan,Demand Planning,Forecast Performance Measurement,"Measures forecast quality through bias, fill rate, cycle-over-cycle change, and error metrics to drive continuous improvement.",HIGH,"Variance between the short-term adjusted forecast and the S&OP plan target, identifying near-term execution gaps against plan.",ST Adjusted Fcst vs S&OP Plan for near-term gap tracking
ST Adjusted Fcst vs SNOP Target,ST Adjusted Fcst vs S&OP Plan,Demand Planning,S&OP / IBP Integration,"Integrates demand forecasts with Sales & Operations Planning targets to align commercial, financial, and supply perspectives.",HIGH,"Variance between the short-term adjusted forecast and the S&OP plan target, identifying near-term execution gaps against plan.",ST Adjusted Fcst vs S&OP Plan for near-term gap tracking
W COC Demand Change%,COC Demand Change%,Supply Planning,Supply Performance Monitoring,Monitors supply plan execution performance through cycle-over-cycle comparisons and fill-rate trending.,HIGH,"Cycle-over-cycle percentage change in weekly demand quantity, measuring demand plan stability and revision magnitude across cycles.",COC Demand Change% for weekly demand plan stability tracking
W COC Demand Change%,COC Demand Change%,Demand Planning,Forecast Performance Measurement,"Measures forecast quality through bias, fill rate, cycle-over-cycle change, and error metrics to drive continuous improvement.",HIGH,"Cycle-over-cycle percentage change in weekly demand quantity, measuring demand plan stability and revision magnitude across cycles.",COC Demand Change% for weekly demand plan stability tracking
D COC Demand Change%,,Supply Planning,Supply Performance Monitoring,Monitors supply plan execution performance through cycle-over-cycle comparisons and fill-rate trending.,HIGH,"Cycle-over-cycle percentage change in daily demand quantity, providing granular daily demand plan stability measurement.",D COC Demand Change% for daily demand plan stability
D COC Demand Change%,,Demand Planning,Forecast Performance Measurement,"Measures forecast quality through bias, fill rate, cycle-over-cycle change, and error metrics to drive continuous improvement.",HIGH,"Cycle-over-cycle percentage change in daily demand quantity, providing granular daily demand plan stability measurement.",D COC Demand Change% for daily demand plan stability
AOP NR,,Demand Planning,Annual Operating Plan (AOP) Management,"Establishes and monitors annual volume and revenue targets, comparing rolling forecasts against the approved annual plan.",HIGH,Annual Operating Plan net revenue target representing the approved financial revenue commitment for the fiscal year.,AOP NR as approved annual revenue operational target
AOP NR,,Demand Planning,Financial & Revenue Forecasting,Converts volume forecasts into net revenue and financial outputs to support P&L and commercial planning.,HIGH,Annual Operating Plan net revenue target representing the approved financial revenue commitment for the fiscal year.,AOP NR as approved annual revenue operational target
LLLY Sales NR,,Demand Planning,Historical Data Management & Cleansing,"Manages, cleanses, and adjusts historical sales and demand data to establish reliable baselines for forecasting.",HIGH,Three-year-ago net revenue actuals providing extended multi-year financial history for trend analysis and model validation.,LLLY Sales NR for extended multi-year revenue history
LLLY Sales NR,,Demand Planning,Financial & Revenue Forecasting,Converts volume forecasts into net revenue and financial outputs to support P&L and commercial planning.,HIGH,Three-year-ago net revenue actuals providing extended multi-year financial history for trend analysis and model validation.,LLLY Sales NR for extended multi-year revenue history
Adjusted History NR,,Demand Planning,Historical Data Management & Cleansing,"Manages, cleanses, and adjusts historical sales and demand data to establish reliable baselines for forecasting.",HIGH,Cleansed and adjusted historical net revenue data providing a reliable financial baseline for revenue forecasting models.,Adjusted History NR for cleansed revenue baseline
Adjusted History NR,,Demand Planning,Financial & Revenue Forecasting,Converts volume forecasts into net revenue and financial outputs to support P&L and commercial planning.,HIGH,Cleansed and adjusted historical net revenue data providing a reliable financial baseline for revenue forecasting models.,Adjusted History NR for cleansed revenue baseline
W Distribution Capacity Demand Late Short Quantity,Distribution Capacity Constraint,Supply Planning,Capacity Planning & Utilization,"Plans and monitors manufacturing, distribution, and procurement capacity to identify bottlenecks and optimize resource use.",HIGH,"Weekly demand quantity short or late due to distribution network capacity limitations, enabling distribution bottleneck identification.",Distribution Capacity Constraint for distribution bottleneck
W Distribution Capacity Demand Late Short Quantity,Distribution Capacity Constraint,Supply Planning,Constraint Analysis & Root Cause Analysis,"Identifies and diagnoses supply constraints including material shortages, lead time violations, broken networks, and effectivity issues.",HIGH,"Weekly demand quantity short or late due to distribution network capacity limitations, enabling distribution bottleneck identification.",Distribution Capacity Constraint for distribution bottleneck
D Total Met On Time Quantity LC,LC Total Met On Time Quantity,Supply Planning,Demand Fulfillment & Order Management,"Tracks customer demand satisfaction by monitoring on-time, short, and late fulfillment quantities at weekly and daily granularity.",HIGH,"Daily on-time fulfilled quantity in local currency, supporting LC-level daily fulfillment performance tracking.",LC Total Met On Time Quantity for daily LC fulfillment
D Total Met On Time Quantity LC,LC Total Met On Time Quantity,Demand Planning,Financial & Revenue Forecasting,Converts volume forecasts into net revenue and financial outputs to support P&L and commercial planning.,HIGH,"Daily on-time fulfilled quantity in local currency, supporting LC-level daily fulfillment performance tracking.",LC Total Met On Time Quantity for daily LC fulfillment
D Total Late Quantity LC,LC Total Late Quantity,Supply Planning,Demand Fulfillment & Order Management,"Tracks customer demand satisfaction by monitoring on-time, short, and late fulfillment quantities at weekly and daily granularity.",HIGH,"Daily late delivery quantity in local currency, enabling LC-level operational late delivery performance analysis.",LC Total Late Quantity for local currency late tracking
D Material Demand Late Short Quantity Frozen Window,Frozen Window,Supply Planning,Constraint Analysis & Root Cause Analysis,"Identifies and diagnoses supply constraints including material shortages, lead time violations, broken networks, and effectivity issues.",HIGH,"Daily demand short or late due to frozen planning window constraints, identifying near-term inflexibility causing supply failures.",Frozen Window constraint causing daily material shortfall
W Other Material Demand Late Short Quantity,Other Material Constraints,Supply Planning,Constraint Analysis & Root Cause Analysis,"Identifies and diagnoses supply constraints including material shortages, lead time violations, broken networks, and effectivity issues.",HIGH,"Weekly demand short or late due to material constraints not classified under standard categories, capturing residual material issues.",Other Material Constraints for residual weekly material issues
W Other Capacity Demand Late Short Quantity,Other Capacity Constraints,Supply Planning,Capacity Planning & Utilization,"Plans and monitors manufacturing, distribution, and procurement capacity to identify bottlenecks and optimize resource use.",HIGH,"Weekly demand short or late due to capacity constraints outside manufacturing, distribution, and procurement categories.",Other Capacity Constraints for unclassified capacity issues
W Other Capacity Demand Late Short Quantity,Other Capacity Constraints,Supply Planning,Constraint Analysis & Root Cause Analysis,"Identifies and diagnoses supply constraints including material shortages, lead time violations, broken networks, and effectivity issues.",HIGH,"Weekly demand short or late due to capacity constraints outside manufacturing, distribution, and procurement categories.",Other Capacity Constraints for unclassified capacity issues
W Material Demand Late Short Quantity To Nodes,Material Late Short Quantity,Supply Planning,Constraint Analysis & Root Cause Analysis,"Identifies and diagnoses supply constraints including material shortages, lead time violations, broken networks, and effectivity issues.",HIGH,"Weekly material-driven late or short demand quantity propagated to downstream network nodes, tracing material shortfall cascade effects.",Material Late Short Quantity to nodes for shortfall cascade
W Material Demand Late Short Quantity Material Short,Material Short,Supply Planning,Constraint Analysis & Root Cause Analysis,"Identifies and diagnoses supply constraints including material shortages, lead time violations, broken networks, and effectivity issues.",HIGH,"Weekly demand short due to direct material availability shortfalls, identifying raw material or component supply gaps.",Material Short for direct material availability shortfall
W Material Demand Late Short Quantity Lead Time Before Current,Lead Time Plan Before Current,Supply Planning,Constraint Analysis & Root Cause Analysis,"Identifies and diagnoses supply constraints including material shortages, lead time violations, broken networks, and effectivity issues.",HIGH,"Weekly demand short or late caused by lead time windows that fall before the current planning period, indicating late planned orders.",Lead Time Plan Before Current for lead time constraint
D Other Capacity Demand Late Short Quantity,Other Capacity Constraints,Supply Planning,Capacity Planning & Utilization,"Plans and monitors manufacturing, distribution, and procurement capacity to identify bottlenecks and optimize resource use.",HIGH,"Daily demand short or late due to unclassified capacity constraints, providing daily granularity for residual capacity issue investigation.",Other Capacity Constraints daily for unclassified issues
D Other Capacity Demand Late Short Quantity,Other Capacity Constraints,Supply Planning,Constraint Analysis & Root Cause Analysis,"Identifies and diagnoses supply constraints including material shortages, lead time violations, broken networks, and effectivity issues.",HIGH,"Daily demand short or late due to unclassified capacity constraints, providing daily granularity for residual capacity issue investigation.",Other Capacity Constraints daily for unclassified issues
D Total Broken Network Late Short,Broken Network,Supply Planning,Constraint Analysis & Root Cause Analysis,"Identifies and diagnoses supply constraints including material shortages, lead time violations, broken networks, and effectivity issues.",HIGH,"Daily demand short or late due to broken supply network links (missing routes, relationships), exposing network integrity issues.",Broken Network for daily broken network constraint tracking
D Total Short Quantity LC,LC Total Short Quantity,Supply Planning,Demand Fulfillment & Order Management,"Tracks customer demand satisfaction by monitoring on-time, short, and late fulfillment quantities at weekly and daily granularity.",HIGH,"Daily demand short quantity in local currency, enabling financial quantification of daily supply shortfall impact.",LC Total Short Quantity for daily LC shortfall tracking
D Material Demand Late Short Quantity Effectivity,Effectivity,Supply Planning,Constraint Analysis & Root Cause Analysis,"Identifies and diagnoses supply constraints including material shortages, lead time violations, broken networks, and effectivity issues.",HIGH,"Daily demand short or late due to material effectivity date issues, identifying supply failures from BOM or component date misalignments.",Effectivity constraint causing daily material shortfall
W Manufacturing Capacity Demand Late Short Quantity,Manufacturing Capacity Constraint,Supply Planning,Capacity Planning & Utilization,"Plans and monitors manufacturing, distribution, and procurement capacity to identify bottlenecks and optimize resource use.",HIGH,"Weekly demand short or late due to manufacturing capacity limitations, enabling production bottleneck identification and capacity gap analysis.",Manufacturing Capacity Constraint for production bottleneck
W Manufacturing Capacity Demand Late Short Quantity,Manufacturing Capacity Constraint,Supply Planning,Constraint Analysis & Root Cause Analysis,"Identifies and diagnoses supply constraints including material shortages, lead time violations, broken networks, and effectivity issues.",HIGH,"Weekly demand short or late due to manufacturing capacity limitations, enabling production bottleneck identification and capacity gap analysis.",Manufacturing Capacity Constraint for production bottleneck
D Material Demand Late Short Quantity To Nodes,Material Late Short Quantity,Supply Planning,Constraint Analysis & Root Cause Analysis,"Identifies and diagnoses supply constraints including material shortages, lead time violations, broken networks, and effectivity issues.",HIGH,"Daily material-driven late or short demand quantity at downstream nodes, providing daily granularity for network material cascades.",Material Late Short Quantity daily to nodes for cascade
W Demand Fill Rate COC Change %,COC Demand Fill Rate Change %,Supply Planning,Supply Performance Monitoring,Monitors supply plan execution performance through cycle-over-cycle comparisons and fill-rate trending.,HIGH,"Cycle-over-cycle percentage change in weekly demand fill rate, tracking the trajectory of customer service level improvement across planning cycles.",COC Demand Fill Rate Change % for service level COC
W Total Broken Network Late Short,Broken Network,Supply Planning,Constraint Analysis & Root Cause Analysis,"Identifies and diagnoses supply constraints including material shortages, lead time violations, broken networks, and effectivity issues.",HIGH,"Weekly demand short or late due to broken supply network links, providing weekly visibility into network integrity failures.",Broken Network weekly for network integrity failure tracking
D Demand Fill Rate COC Change %,COC Demand Fill Rate Change %,Supply Planning,Supply Performance Monitoring,Monitors supply plan execution performance through cycle-over-cycle comparisons and fill-rate trending.,HIGH,"Cycle-over-cycle percentage change in daily demand fill rate, enabling granular daily service level performance trend monitoring.",COC Demand Fill Rate Change % daily for service COC
W BOM Quantity Consumed Per Threshold Max,BOM Quantity Consumed Per Threshold Max,Supply Planning,BOM & Production Planning,"Manages bill-of-materials relationships, production quantities, and material-production associations for operational supply planning.",HIGH,"Maximum acceptable quantity consumed per BOM execution, used as a production quality and waste control threshold.",BOM Consumed Max Threshold for production quality control
W Total Short Quantity LC,LC Total Short Quantity,Supply Planning,Demand Fulfillment & Order Management,"Tracks customer demand satisfaction by monitoring on-time, short, and late fulfillment quantities at weekly and daily granularity.",HIGH,"Weekly demand short quantity in local currency, enabling financial-level supply shortfall tracking and commercial impact assessment.",LC Total Short Quantity weekly for LC shortfall tracking
D Procurement Capacity Demand Late Short Quantity,Procurement Capacity Constraint,Supply Planning,Capacity Planning & Utilization,"Plans and monitors manufacturing, distribution, and procurement capacity to identify bottlenecks and optimize resource use.",HIGH,"Daily demand short or late due to procurement capacity limitations, identifying purchasing and supplier throughput bottlenecks.",Procurement Capacity Constraint for daily supply bottleneck
D Procurement Capacity Demand Late Short Quantity,Procurement Capacity Constraint,Supply Planning,Constraint Analysis & Root Cause Analysis,"Identifies and diagnoses supply constraints including material shortages, lead time violations, broken networks, and effectivity issues.",HIGH,"Daily demand short or late due to procurement capacity limitations, identifying purchasing and supplier throughput bottlenecks.",Procurement Capacity Constraint for daily supply bottleneck
W BOM Quantity Produced Per Threshold Min,BOM Quantity Produced Per Threshold Min,Supply Planning,BOM & Production Planning,"Manages bill-of-materials relationships, production quantities, and material-production associations for operational supply planning.",HIGH,"Minimum acceptable production output per BOM execution, defining the lower bound for production efficiency validation.",BOM Produced Min Threshold for minimum production output
D Manufacturing Capacity Demand Late Short Quantity,Manufacturing Capacity Constraint,Supply Planning,Capacity Planning & Utilization,"Plans and monitors manufacturing, distribution, and procurement capacity to identify bottlenecks and optimize resource use.",HIGH,"Daily demand short or late due to manufacturing capacity constraints, providing daily production bottleneck visibility.",Manufacturing Capacity Constraint daily for bottleneck tracking
D Manufacturing Capacity Demand Late Short Quantity,Manufacturing Capacity Constraint,Supply Planning,Constraint Analysis & Root Cause Analysis,"Identifies and diagnoses supply constraints including material shortages, lead time violations, broken networks, and effectivity issues.",HIGH,"Daily demand short or late due to manufacturing capacity constraints, providing daily production bottleneck visibility.",Manufacturing Capacity Constraint daily for bottleneck tracking
W BOM Quantity Produced Per Threshold Max,BOM Quantity Produced Per Threshold Max,Supply Planning,BOM & Production Planning,"Manages bill-of-materials relationships, production quantities, and material-production associations for operational supply planning.",HIGH,"Maximum acceptable production output per BOM execution, defining the upper control limit for production output validation.",BOM Produced Max Threshold for production output control
W Material Demand Late Short Quantity Effectivity,Effectivity,Supply Planning,Constraint Analysis & Root Cause Analysis,"Identifies and diagnoses supply constraints including material shortages, lead time violations, broken networks, and effectivity issues.",HIGH,Weekly demand short or late caused by material effectivity date misalignments in BOM or sourcing rules.,Effectivity constraint weekly for BOM date misalignment
W Material Demand Late Short Quantity Frozen Window,Frozen Window,Supply Planning,Constraint Analysis & Root Cause Analysis,"Identifies and diagnoses supply constraints including material shortages, lead time violations, broken networks, and effectivity issues.",HIGH,Weekly demand short or late caused by frozen planning window restrictions limiting plan changes in the near-term horizon.,Frozen Window weekly constraint causing material shortfall
W BOM Quantity Consumed Per Threshold Min,BOM Quantity Consumed Per Threshold Min,Supply Planning,BOM & Production Planning,"Manages bill-of-materials relationships, production quantities, and material-production associations for operational supply planning.",HIGH,"Minimum acceptable quantity consumed per BOM execution, establishing the lower bound for material consumption efficiency.",BOM Consumed Min Threshold for material efficiency control
D Distribution Capacity Demand Late Short Quantity,Distribution Capacity Constraint,Supply Planning,Capacity Planning & Utilization,"Plans and monitors manufacturing, distribution, and procurement capacity to identify bottlenecks and optimize resource use.",HIGH,"Daily demand short or late due to distribution network capacity limitations, providing daily granularity for distribution bottleneck analysis.",Distribution Capacity Constraint daily for distribution gap
D Distribution Capacity Demand Late Short Quantity,Distribution Capacity Constraint,Supply Planning,Constraint Analysis & Root Cause Analysis,"Identifies and diagnoses supply constraints including material shortages, lead time violations, broken networks, and effectivity issues.",HIGH,"Daily demand short or late due to distribution network capacity limitations, providing daily granularity for distribution bottleneck analysis.",Distribution Capacity Constraint daily for distribution gap
D Material Demand Late Short Quantity Material Short,Material Short,Supply Planning,Constraint Analysis & Root Cause Analysis,"Identifies and diagnoses supply constraints including material shortages, lead time violations, broken networks, and effectivity issues.",HIGH,"Daily demand short due to direct material availability shortfalls, providing granular daily visibility into component supply gaps.",Material Short daily for direct component availability gap
D Material Demand Late Short Quantity Lead Time Before Current,Lead Time Plan Before Current,Supply Planning,Constraint Analysis & Root Cause Analysis,"Identifies and diagnoses supply constraints including material shortages, lead time violations, broken networks, and effectivity issues.",HIGH,"Daily demand short or late caused by lead time constraints falling before the current planning period, identifying past-due supply issues.",Lead Time Before Current daily for past-due supply issues
W Procurement Capacity Demand Late Short Quantity,Procurement Capacity Constraint,Supply Planning,Capacity Planning & Utilization,"Plans and monitors manufacturing, distribution, and procurement capacity to identify bottlenecks and optimize resource use.",HIGH,"Weekly demand short or late due to procurement capacity limitations, monitoring supplier throughput and purchasing bottlenecks.",Procurement Capacity Constraint weekly for supply gap
W Procurement Capacity Demand Late Short Quantity,Procurement Capacity Constraint,Supply Planning,Constraint Analysis & Root Cause Analysis,"Identifies and diagnoses supply constraints including material shortages, lead time violations, broken networks, and effectivity issues.",HIGH,"Weekly demand short or late due to procurement capacity limitations, monitoring supplier throughput and purchasing bottlenecks.",Procurement Capacity Constraint weekly for supply gap
W Capacity Demand Late Short Quantity To Nodes,Capacity Late Short Quantity,Supply Planning,Capacity Planning & Utilization,"Plans and monitors manufacturing, distribution, and procurement capacity to identify bottlenecks and optimize resource use.",HIGH,"Weekly capacity-driven late or short demand propagated to downstream network nodes, tracing capacity constraint cascade effects.",Capacity Late Short Quantity to nodes for cascade tracking
W Capacity Demand Late Short Quantity To Nodes,Capacity Late Short Quantity,Supply Planning,Constraint Analysis & Root Cause Analysis,"Identifies and diagnoses supply constraints including material shortages, lead time violations, broken networks, and effectivity issues.",HIGH,"Weekly capacity-driven late or short demand propagated to downstream network nodes, tracing capacity constraint cascade effects.",Capacity Late Short Quantity to nodes for cascade tracking
D Capacity Demand Late Short Quantity To Nodes,Capacity Late Short Quantity,Supply Planning,Capacity Planning & Utilization,"Plans and monitors manufacturing, distribution, and procurement capacity to identify bottlenecks and optimize resource use.",HIGH,"Daily capacity-driven late or short demand at downstream nodes, enabling granular daily capacity constraint cascade analysis.",Capacity Late Short Quantity daily to nodes for cascade
D Capacity Demand Late Short Quantity To Nodes,Capacity Late Short Quantity,Supply Planning,Constraint Analysis & Root Cause Analysis,"Identifies and diagnoses supply constraints including material shortages, lead time violations, broken networks, and effectivity issues.",HIGH,"Daily capacity-driven late or short demand at downstream nodes, enabling granular daily capacity constraint cascade analysis.",Capacity Late Short Quantity daily to nodes for cascade
W Total Met On Time Quantity LC,LC Total Met On Time Quantity,Supply Planning,Demand Fulfillment & Order Management,"Tracks customer demand satisfaction by monitoring on-time, short, and late fulfillment quantities at weekly and daily granularity.",HIGH,"Weekly on-time fulfilled quantity in local currency, enabling financial-level weekly fulfillment performance assessment.",LC Total Met On Time Quantity weekly for LC fulfillment
W Total Met On Time Quantity LC,LC Total Met On Time Quantity,Demand Planning,Financial & Revenue Forecasting,Converts volume forecasts into net revenue and financial outputs to support P&L and commercial planning.,HIGH,"Weekly on-time fulfilled quantity in local currency, enabling financial-level weekly fulfillment performance assessment.",LC Total Met On Time Quantity weekly for LC fulfillment
W Total Late Quantity LC,LC Total Late Quantity,Supply Planning,Demand Fulfillment & Order Management,"Tracks customer demand satisfaction by monitoring on-time, short, and late fulfillment quantities at weekly and daily granularity.",HIGH,"Weekly late delivery quantity in local currency, providing financial quantification of weekly late delivery performance.",LC Total Late Quantity weekly for local currency late delivery
Status,,Demand Planning,Planning Metadata & Administration,"Captures administrative and configuration metadata supporting planning governance, audit trails, and system administration.",HIGH,"Planning item status indicator showing the current workflow state (e.g., draft, approved, locked) for governance and process control.",Status for planning item workflow state governance
Status,,Demand Planning,Collaborative Demand Planning & Consensus,"Supports cross-functional collaboration to review, adjust, and finalize demand forecasts through structured override and consensus workflows.",HIGH,"Planning item status indicator showing the current workflow state (e.g., draft, approved, locked) for governance and process control.",Status for planning item workflow state governance
Gap Closure Priority,,Demand Planning,Risk & Opportunity Management,"Identifies, quantifies, and tracks upside opportunities and downside risks to the demand forecast across portfolio, promotions, and market factors.",HIGH,"Priority ranking assigned to gap closure actions, helping planners focus corrective efforts on the highest-impact demand gaps.",Gap Closure Priority for corrective action prioritization
Gap Closure Priority,,Demand Planning,S&OP / IBP Integration,"Integrates demand forecasts with Sales & Operations Planning targets to align commercial, financial, and supply perspectives.",HIGH,"Priority ranking assigned to gap closure actions, helping planners focus corrective efforts on the highest-impact demand gaps.",Gap Closure Priority for corrective action prioritization
Forecast Bias,Bias; Fcst Bias,Demand Planning,Forecast Performance Measurement,"Measures forecast quality through bias, fill rate, cycle-over-cycle change, and error metrics to drive continuous improvement.",HIGH,Systematic directional error in the forecast (over- or under-forecasting) measured against actuals to identify model calibration needs.,Fcst Bias for systematic forecast error measurement
Gap Closure Priority Dummy,Gap Closure Priority,Demand Planning,Risk & Opportunity Management,"Identifies, quantifies, and tracks upside opportunities and downside risks to the demand forecast across portfolio, promotions, and market factors.",MEDIUM,"Dummy variable supporting the Gap Closure Priority workflow, used for display or sorting logic in the planning interface.",Gap Closure Priority Dummy for UI display support
Gap of AOP vs Forecast Value,Gap Fcst NR vs AOP NR; Gap of AOP vs Fcst Value,Demand Planning,Forecast Performance Measurement,"Measures forecast quality through bias, fill rate, cycle-over-cycle change, and error metrics to drive continuous improvement.",HIGH,"Quantified volume and/or revenue gap between the AOP target and the current forecast, guiding commercial gap closure initiatives.",Gap Fcst NR vs AOP NR for commercial gap closure guidance
Gap of AOP vs Forecast Value,Gap Fcst NR vs AOP NR; Gap of AOP vs Fcst Value,Demand Planning,Annual Operating Plan (AOP) Management,"Establishes and monitors annual volume and revenue targets, comparing rolling forecasts against the approved annual plan.",HIGH,"Quantified volume and/or revenue gap between the AOP target and the current forecast, guiding commercial gap closure initiatives.",Gap Fcst NR vs AOP NR for commercial gap closure guidance
Outlook Confidence,,Demand Planning,Collaborative Demand Planning & Consensus,"Supports cross-functional collaboration to review, adjust, and finalize demand forecasts through structured override and consensus workflows.",HIGH,"Planner-assigned confidence level in the forecast outlook, providing a qualitative signal of forecast reliability for S&OP decision-making.",Outlook Confidence as qualitative forecast reliability signal
Outlook Confidence,,Demand Planning,Forecast Performance Measurement,"Measures forecast quality through bias, fill rate, cycle-over-cycle change, and error metrics to drive continuous improvement.",HIGH,"Planner-assigned confidence level in the forecast outlook, providing a qualitative signal of forecast reliability for S&OP decision-making.",Outlook Confidence as qualitative forecast reliability signal
Long Term Driver Based Forecast NR,,Demand Planning,Driver-Based Forecast Generation (Mid/Long Term),Constructs medium-to-long-horizon strategic forecasts decomposed into business drivers to inform capacity and supply strategy.,HIGH,"Net revenue equivalent of the long-term driver-based forecast, supporting strategic financial planning and long-range P&L outlook.",Long Term Driver Based Fcst NR for strategic revenue planning
Long Term Driver Based Forecast NR,,Demand Planning,Financial & Revenue Forecasting,Converts volume forecasts into net revenue and financial outputs to support P&L and commercial planning.,HIGH,"Net revenue equivalent of the long-term driver-based forecast, supporting strategic financial planning and long-range P&L outlook.",Long Term Driver Based Fcst NR for strategic revenue planning
D Demand Fill Rate LC,LC Demand Fill Rate,Supply Planning,Demand Fulfillment & Order Management,"Tracks customer demand satisfaction by monitoring on-time, short, and late fulfillment quantities at weekly and daily granularity.",HIGH,"Daily demand fill rate expressed in local currency terms, enabling LC-weighted service level measurement.",LC Demand Fill Rate daily for LC-weighted service level
D Other Material Demand Late Short Quantity,Other Material Constraints,Supply Planning,Constraint Analysis & Root Cause Analysis,"Identifies and diagnoses supply constraints including material shortages, lead time violations, broken networks, and effectivity issues.",HIGH,"Daily demand short or late from unclassified material constraints, capturing residual material issues not covered by standard categories.",Other Material Constraints daily for residual material issues
W Demand Fill Rate LC,LC Demand Fill Rate,Supply Planning,Demand Fulfillment & Order Management,"Tracks customer demand satisfaction by monitoring on-time, short, and late fulfillment quantities at weekly and daily granularity.",HIGH,"Weekly demand fill rate expressed in local currency, enabling LC-weighted weekly service level performance measurement.",LC Demand Fill Rate weekly for LC-weighted service level
Outlook Confidence Dummy,Outlook Confidence,Demand Planning,Planning Metadata & Administration,"Captures administrative and configuration metadata supporting planning governance, audit trails, and system administration.",MEDIUM,"Dummy variable supporting the Outlook Confidence field workflow, used for display or sorting in the planning interface.",Outlook Confidence Dummy for UI display support
W Solver Demand Slice Factor,Solver Demand Slice Factor,Supply Planning,Supply Planning Configuration & Solver Settings,"Configures supply planning solver parameters, planning horizons, optimization strategies, and inventory plan policies.",HIGH,Supply planning solver configuration parameter defining the demand slicing factor for disaggregating weekly demand into smaller planning units.,Solver Demand Slice Factor for demand disaggregation config
W Capacity Constrained,Capacity Constrained,Supply Planning,Capacity Planning & Utilization,"Plans and monitors manufacturing, distribution, and procurement capacity to identify bottlenecks and optimize resource use.",HIGH,Binary or flag indicator identifying whether a planning node or resource is capacity-constrained in the current planning cycle.,Capacity Constrained flag for constraint identification
W Plan Current Bucket,Plan Current Bucket,Supply Planning,Supply Planning Configuration & Solver Settings,"Configures supply planning solver parameters, planning horizons, optimization strategies, and inventory plan policies.",HIGH,"Defines the current active planning time bucket (e.g., week number) within the solver's planning horizon.",Plan Current Bucket for solver planning horizon position
W Plan Start Bucket,Plan Start Bucket,Supply Planning,Supply Planning Configuration & Solver Settings,"Configures supply planning solver parameters, planning horizons, optimization strategies, and inventory plan policies.",HIGH,"Defines the start time bucket of the supply planning horizon, setting the beginning boundary for solver optimization.",Plan Start Bucket for solver horizon start definition
W Solver Demand Slice Threshold,Solver Demand Slice Threshold,Supply Planning,Supply Planning Configuration & Solver Settings,"Configures supply planning solver parameters, planning horizons, optimization strategies, and inventory plan policies.",HIGH,"Threshold parameter governing when the solver applies demand slicing logic, controlling granularity of demand distribution.",Solver Demand Slice Threshold for slicing logic control
W Material Constrained,Material Constrained,Supply Planning,Constraint Analysis & Root Cause Analysis,"Identifies and diagnoses supply constraints including material shortages, lead time violations, broken networks, and effectivity issues.",HIGH,Binary or flag indicator identifying whether a planning entity faces material availability constraints in the current plan.,Material Constrained flag for material constraint identification
W Material Constrained,Material Constrained,Supply Planning,Inventory Planning & Management,"Manages inventory levels, replenishment, and stock policies including weeks-of-supply and days-of-supply targets.",HIGH,Binary or flag indicator identifying whether a planning entity faces material availability constraints in the current plan.,Material Constrained flag for material constraint identification
W Solver Flag Inventory Plan Type,Solver Flag Inventory Plan Type,Supply Planning,Supply Planning Configuration & Solver Settings,"Configures supply planning solver parameters, planning horizons, optimization strategies, and inventory plan policies.",HIGH,"Solver configuration flag defining the inventory planning type (e.g., target days, min/max, safety stock) for the planning entity.",Solver Flag Inventory Plan Type for inventory policy config
W Solver Flag Inventory Plan Type,Solver Flag Inventory Plan Type,Supply Planning,Inventory Planning & Management,"Manages inventory levels, replenishment, and stock policies including weeks-of-supply and days-of-supply targets.",HIGH,"Solver configuration flag defining the inventory planning type (e.g., target days, min/max, safety stock) for the planning entity.",Solver Flag Inventory Plan Type for inventory policy config
W Solver Flag Inventory Plan Strategy,Solver Flag Inventory Plan Strategy,Supply Planning,Supply Planning Configuration & Solver Settings,"Configures supply planning solver parameters, planning horizons, optimization strategies, and inventory plan policies.",HIGH,"Solver configuration flag defining the inventory planning strategy (e.g., build-ahead, level loading) applied by the optimizer.",Solver Flag Inventory Plan Strategy for optimizer config
W Solver Flag Inventory Plan Strategy,Solver Flag Inventory Plan Strategy,Supply Planning,Inventory Planning & Management,"Manages inventory levels, replenishment, and stock policies including weeks-of-supply and days-of-supply targets.",HIGH,"Solver configuration flag defining the inventory planning strategy (e.g., build-ahead, level loading) applied by the optimizer.",Solver Flag Inventory Plan Strategy for optimizer config
W Solver Delete Data,Solver Delete Data,Supply Planning,Supply Planning Configuration & Solver Settings,"Configures supply planning solver parameters, planning horizons, optimization strategies, and inventory plan policies.",HIGH,"Solver administration flag controlling whether existing plan data is deleted before a new solver run, managing plan data lifecycle.",Solver Delete Data flag for plan data lifecycle management
W Solver Inventory Plan Bands,Solver Inventory Plan Bands,Supply Planning,Supply Planning Configuration & Solver Settings,"Configures supply planning solver parameters, planning horizons, optimization strategies, and inventory plan policies.",HIGH,Solver parameter defining inventory planning bands (upper/lower bounds) used by the optimizer for inventory target setting.,Solver Inventory Plan Bands for optimizer inventory bounds
W Solver Inventory Plan Bands,Solver Inventory Plan Bands,Supply Planning,Inventory Planning & Management,"Manages inventory levels, replenishment, and stock policies including weeks-of-supply and days-of-supply targets.",HIGH,Solver parameter defining inventory planning bands (upper/lower bounds) used by the optimizer for inventory target setting.,Solver Inventory Plan Bands for optimizer inventory bounds
W Solver Flag Try Material Reallocation In RCA,Solver Flag Try Material Reallocation In RCA,Supply Planning,Supply Planning Configuration & Solver Settings,"Configures supply planning solver parameters, planning horizons, optimization strategies, and inventory plan policies.",HIGH,Solver flag enabling material reallocation logic during root cause analysis to resolve material constraint-driven shortfalls.,Solver Flag Material Reallocation for RCA constraint resolution
W Solver Flag Try Material Reallocation In RCA,Solver Flag Try Material Reallocation In RCA,Supply Planning,Constraint Analysis & Root Cause Analysis,"Identifies and diagnoses supply constraints including material shortages, lead time violations, broken networks, and effectivity issues.",HIGH,Solver flag enabling material reallocation logic during root cause analysis to resolve material constraint-driven shortfalls.,Solver Flag Material Reallocation for RCA constraint resolution
W Solver Flag Respect Freeze Window For WIPs,Solver Flag Respect Freeze Window For WIPs,Supply Planning,Supply Planning Configuration & Solver Settings,"Configures supply planning solver parameters, planning horizons, optimization strategies, and inventory plan policies.",HIGH,"Solver flag that enforces frozen horizon constraints on work-in-progress orders, preventing changes within the frozen window.",Solver Flag Freeze Window WIPs for WIP plan stability
W Solver Flag Avoid Build Ahead In Inventory Plan,Solver Flag Avoid Build Ahead In Inventory Plan,Supply Planning,Supply Planning Configuration & Solver Settings,"Configures supply planning solver parameters, planning horizons, optimization strategies, and inventory plan policies.",HIGH,"Solver flag preventing early inventory build-ahead in the plan, supporting lean inventory strategies and cash flow optimization.",Solver Flag Avoid Build Ahead for lean inventory planning
W Solver Flag Avoid Build Ahead In Inventory Plan,Solver Flag Avoid Build Ahead In Inventory Plan,Supply Planning,Inventory Planning & Management,"Manages inventory levels, replenishment, and stock policies including weeks-of-supply and days-of-supply targets.",HIGH,"Solver flag preventing early inventory build-ahead in the plan, supporting lean inventory strategies and cash flow optimization.",Solver Flag Avoid Build Ahead for lean inventory planning
W Solver Flag Minimize Inventory Build Ahead,Solver Flag Minimize Inventory Build Ahead,Supply Planning,Supply Planning Configuration & Solver Settings,"Configures supply planning solver parameters, planning horizons, optimization strategies, and inventory plan policies.",HIGH,"Solver flag minimizing inventory pre-build quantities, balancing service level targets against inventory carrying cost objectives.",Solver Flag Minimize Build Ahead for inventory cost control
W Solver Flag Minimize Inventory Build Ahead,Solver Flag Minimize Inventory Build Ahead,Supply Planning,Inventory Planning & Management,"Manages inventory levels, replenishment, and stock policies including weeks-of-supply and days-of-supply targets.",HIGH,"Solver flag minimizing inventory pre-build quantities, balancing service level targets against inventory carrying cost objectives.",Solver Flag Minimize Build Ahead for inventory cost control
W Solver Flag Inventory Plan Policy,Solver Flag Inventory Plan Policy,Supply Planning,Supply Planning Configuration & Solver Settings,"Configures supply planning solver parameters, planning horizons, optimization strategies, and inventory plan policies.",HIGH,Solver configuration flag defining the overall inventory planning policy governing replenishment and safety stock calculations.,Solver Flag Inventory Plan Policy for replenishment policy
W Solver Flag Inventory Plan Policy,Solver Flag Inventory Plan Policy,Supply Planning,Inventory Planning & Management,"Manages inventory levels, replenishment, and stock policies including weeks-of-supply and days-of-supply targets.",HIGH,Solver configuration flag defining the overall inventory planning policy governing replenishment and safety stock calculations.,Solver Flag Inventory Plan Policy for replenishment policy
DFU Active,,Demand Planning,Demand Segmentation & Classification,"Classifies products, customers, and demand streams using ABC/XYZ and other frameworks for differentiated planning treatment.",HIGH,"Flag indicating whether a Demand Forecast Unit is currently active in the planning process, controlling its inclusion in forecasting runs.",DFU Active flag for planning inclusion control
DFU Active,,Demand Planning,Planning Metadata & Administration,"Captures administrative and configuration metadata supporting planning governance, audit trails, and system administration.",HIGH,"Flag indicating whether a Demand Forecast Unit is currently active in the planning process, controlling its inclusion in forecasting runs.",DFU Active flag for planning inclusion control
W Plan End Bucket,Plan End Bucket,Supply Planning,Supply Planning Configuration & Solver Settings,"Configures supply planning solver parameters, planning horizons, optimization strategies, and inventory plan policies.",HIGH,"Defines the end time bucket of the supply planning horizon, setting the terminal boundary for solver optimization.",Plan End Bucket for solver horizon end definition
W Ending On Hand,Closing Inv,Supply Planning,Inventory Planning & Management,"Manages inventory levels, replenishment, and stock policies including weeks-of-supply and days-of-supply targets.",HIGH,"Projected ending on-hand inventory at the close of a planning period, used to validate inventory adequacy against safety stock targets.",W Ending On Hand (Closing Inv) for inventory adequacy check
D Demand Priority,Demand Priority,Supply Planning,Demand Priority Management,"Prioritizes demand fulfillment across customers and SKUs based on business rules, enabling fair allocation under supply constraints.",HIGH,"Daily demand priority level assigned to orders or demand streams, governing allocation sequence under supply constraint scenarios.",D Demand Priority for daily demand allocation sequence
W Total Capacity Utilization %,Total Current Capacity Utilization %,Supply Planning,Capacity Planning & Utilization,"Plans and monitors manufacturing, distribution, and procurement capacity to identify bottlenecks and optimize resource use.",HIGH,"Weekly percentage of total available capacity consumed by planned production or distribution activities, monitoring capacity loading.",Total Capacity Utilization % for weekly capacity loading
W Resource Base Capacity,Resource Base Capacity,Supply Planning,Capacity Planning & Utilization,"Plans and monitors manufacturing, distribution, and procurement capacity to identify bottlenecks and optimize resource use.",HIGH,Baseline available capacity (in hours or units) for a planning resource before adjustments for downtime or efficiency factors.,W Resource Base Capacity for baseline capacity definition
W Total Capacity,Current Capacity (In Hours),Supply Planning,Capacity Planning & Utilization,"Plans and monitors manufacturing, distribution, and procurement capacity to identify bottlenecks and optimize resource use.",HIGH,"Total available planning capacity in hours for a resource, reflecting adjusted capacity after efficiency and downtime factors.",W Total Capacity (Hours) for adjusted resource capacity
PW Total Met On Time Quantity,Met Demand,Supply Planning,Demand Fulfillment & Order Management,"Tracks customer demand satisfaction by monitoring on-time, short, and late fulfillment quantities at weekly and daily granularity.",HIGH,"Partial-week total quantity of demand met on time, providing near-term operational fulfillment performance visibility.",PW Total Met On Time for near-term fulfillment tracking
PW Demand Quantity,Total Demand,Supply Planning,Demand Fulfillment & Order Management,"Tracks customer demand satisfaction by monitoring on-time, short, and late fulfillment quantities at weekly and daily granularity.",HIGH,"Total demand quantity in the partial week, representing the near-term demand signal for operational supply execution.",PW Demand Quantity for near-term operational demand signal
W Capacity RCA Quantity,Capacity Shortage (in Hours),Supply Planning,Capacity Planning & Utilization,"Plans and monitors manufacturing, distribution, and procurement capacity to identify bottlenecks and optimize resource use.",HIGH,"Weekly capacity shortage in hours identified through root cause analysis, quantifying the resource gap driving supply fulfillment failures.",Capacity Shortage (Hours) for capacity RCA quantification
W Capacity RCA Quantity,Capacity Shortage (in Hours),Supply Planning,Constraint Analysis & Root Cause Analysis,"Identifies and diagnoses supply constraints including material shortages, lead time violations, broken networks, and effectivity issues.",HIGH,"Weekly capacity shortage in hours identified through root cause analysis, quantifying the resource gap driving supply fulfillment failures.",Capacity Shortage (Hours) for capacity RCA quantification
W Demand Priority,Demand Priority,Supply Planning,Demand Priority Management,"Prioritizes demand fulfillment across customers and SKUs based on business rules, enabling fair allocation under supply constraints.",HIGH,Weekly demand priority level governing the sequence of demand fulfillment across competing orders and customers.,W Demand Priority for weekly demand fulfillment sequencing
W Capacity Consumption Quantity Plan Output,Load (Hours),Supply Planning,Capacity Planning & Utilization,"Plans and monitors manufacturing, distribution, and procurement capacity to identify bottlenecks and optimize resource use.",HIGH,"Planned capacity load in hours consumed by production or distribution activities, measuring resource utilization against available capacity.",Capacity Load (Hours) for resource utilization planning
PW AOP Fcst,AOP,Demand Planning,Annual Operating Plan (AOP) Management,"Establishes and monitors annual volume and revenue targets, comparing rolling forecasts against the approved annual plan.",HIGH,"Partial-week Annual Operating Plan forecast, enabling short-term AOP-to-actuals tracking within the current week.",PW AOP Fcst for partial-week AOP tracking
W WOS,BoH,Supply Planning,Inventory Planning & Management,"Manages inventory levels, replenishment, and stock policies including weeks-of-supply and days-of-supply targets.",HIGH,"Weeks of Supply (WOS) or Beginning of Horizon inventory metric, measuring how many weeks of demand the current inventory covers.",W WOS (BoH) for inventory coverage adequacy measurement
W Expected Receipts,Expected Receipts,Supply Planning,Inventory Planning & Management,"Manages inventory levels, replenishment, and stock policies including weeks-of-supply and days-of-supply targets.",HIGH,"Planned incoming inventory receipts for the week, used to project ending inventory positions and validate supply commitments.",W Expected Receipts for incoming inventory projection
W Expected Receipts,Expected Receipts,Supply Planning,Supply Commitment Management,Tracks and manages supplier and internal supply commitments against demand requirements to ensure promise fulfillment.,HIGH,"Planned incoming inventory receipts for the week, used to project ending inventory positions and validate supply commitments.",W Expected Receipts for incoming inventory projection
Last Updated On,,Demand Planning,Planning Metadata & Administration,"Captures administrative and configuration metadata supporting planning governance, audit trails, and system administration.",HIGH,"Timestamp indicating when a planning record was last modified, supporting audit trail and change management governance.",Last Updated On timestamp for audit trail governance
In Transfer List,,Demand Planning,Planning Metadata & Administration,"Captures administrative and configuration metadata supporting planning governance, audit trails, and system administration.",MEDIUM,"Flag or list identifier indicating inventory currently in transit between supply chain nodes, informing in-transit stock availability.",In Transfer List for in-transit inventory tracking
In Transfer List,,Supply Planning,Inventory Planning & Management,"Manages inventory levels, replenishment, and stock policies including weeks-of-supply and days-of-supply targets.",MEDIUM,"Flag or list identifier indicating inventory currently in transit between supply chain nodes, informing in-transit stock availability.",In Transfer List for in-transit inventory tracking
User,Last Updated By,Demand Planning,Planning Metadata & Administration,"Captures administrative and configuration metadata supporting planning governance, audit trails, and system administration.",HIGH,"Identifier of the user who last updated a planning record, providing accountability and audit trail for planning changes.",Last Updated By User for planning accountability tracking
Total Fcst,,Demand Planning,Collaborative Demand Planning & Consensus,"Supports cross-functional collaboration to review, adjust, and finalize demand forecasts through structured override and consensus workflows.",MEDIUM,"Aggregate total forecast across all demand streams or products at a given planning level, used for S&OP and executive review.",Total Fcst for S&OP aggregate demand review
Total Fcst,,Demand Planning,S&OP / IBP Integration,"Integrates demand forecasts with Sales & Operations Planning targets to align commercial, financial, and supply perspectives.",MEDIUM,"Aggregate total forecast across all demand streams or products at a given planning level, used for S&OP and executive review.",Total Fcst for S&OP aggregate demand review
Long Term Driver Based Forecast NR,Mid Term Driver Based Fcst NR,Demand Planning,Driver-Based Forecast Generation (Mid/Long Term),Constructs medium-to-long-horizon strategic forecasts decomposed into business drivers to inform capacity and supply strategy.,HIGH,Net revenue equivalent of the mid-term driver-based forecast supporting medium-horizon financial and strategic planning.,Mid Term Driver Based Fcst NR for medium-term revenue plan
Long Term Driver Based Forecast NR,Mid Term Driver Based Fcst NR,Demand Planning,Financial & Revenue Forecasting,Converts volume forecasts into net revenue and financial outputs to support P&L and commercial planning.,HIGH,Net revenue equivalent of the mid-term driver-based forecast supporting medium-horizon financial and strategic planning.,Mid Term Driver Based Fcst NR for medium-term revenue plan
Total NR,,Demand Planning,Financial & Revenue Forecasting,Converts volume forecasts into net revenue and financial outputs to support P&L and commercial planning.,MEDIUM,"Total net revenue across all products or demand streams at a given planning level, supporting financial S&OP and executive reviews.",Total NR for aggregate revenue S&OP review
Total NR,,Demand Planning,S&OP / IBP Integration,"Integrates demand forecasts with Sales & Operations Planning targets to align commercial, financial, and supply perspectives.",MEDIUM,"Total net revenue across all products or demand streams at a given planning level, supporting financial S&OP and executive reviews.",Total NR for aggregate revenue S&OP review
PW Demand Fill Rate,Demand Fill Rate,Supply Planning,Demand Fulfillment & Order Management,"Tracks customer demand satisfaction by monitoring on-time, short, and late fulfillment quantities at weekly and daily granularity.",HIGH,Partial-week demand fill rate measuring the ratio of demand met on time in the current operational week.,PW Demand Fill Rate for current week service level
Start Date,,Demand Planning,Planning Metadata & Administration,"Captures administrative and configuration metadata supporting planning governance, audit trails, and system administration.",HIGH,"Start date of a planning entity, initiative, or time-phased planning record, defining when the item becomes effective.",Start Date for planning entity effectivity definition
Start Date,,Demand Planning,NPI & Portfolio Lifecycle Management,"Plans and manages new product introductions, phase-in/phase-out transitions, cannibalization, and portfolio evolution impacts on demand.",HIGH,"Start date of a planning entity, initiative, or time-phased planning record, defining when the item becomes effective.",Start Date for planning entity effectivity definition
W SMR Revised VC,Revised VC (€),Demand Planning,Financial & Revenue Forecasting,Converts volume forecasts into net revenue and financial outputs to support P&L and commercial planning.,HIGH,"Revised variable contribution in Euros for Supply, Manufacturing, and Replenishment plans, reflecting updated financial profitability.",Revised VC (€) for SMR profitability tracking
W SMR Revised VC,Revised VC (€),Demand Planning,Revenue & Volume Outlook Item Tracking,"Tracks revenue and volume outlook items including initiatives, variable contributions, and governance dates for pipeline management.",HIGH,"Revised variable contribution in Euros for Supply, Manufacturing, and Replenishment plans, reflecting updated financial profitability.",Revised VC (€) for SMR profitability tracking
End Date,,Demand Planning,Planning Metadata & Administration,"Captures administrative and configuration metadata supporting planning governance, audit trails, and system administration.",HIGH,"End date of a planning entity, initiative, or time-phased record, defining when the item's planning effectiveness expires.",End Date for planning entity expiry definition
End Date,,Demand Planning,NPI & Portfolio Lifecycle Management,"Plans and manages new product introductions, phase-in/phase-out transitions, cannibalization, and portfolio evolution impacts on demand.",HIGH,"End date of a planning entity, initiative, or time-phased record, defining when the item's planning effectiveness expires.",End Date for planning entity expiry definition
W Material Production Association,Material Production Association,Supply Planning,BOM & Production Planning,"Manages bill-of-materials relationships, production quantities, and material-production associations for operational supply planning.",HIGH,"Defines the association between input materials and production orders, supporting material requirements calculation and BOM traceability.",Material Production Association for BOM traceability
Channel Trend NR,Channel Trend Adj NR,Demand Planning,Financial & Revenue Forecasting,Converts volume forecasts into net revenue and financial outputs to support P&L and commercial planning.,HIGH,"Net revenue equivalent of the channel trend adjustment, quantifying the financial revenue impact of channel mix evolution.",Channel Trend Adj NR for channel mix revenue impact
Channel Trend NR,Channel Trend Adj NR,Demand Planning,Collaborative Demand Planning & Consensus,"Supports cross-functional collaboration to review, adjust, and finalize demand forecasts through structured override and consensus workflows.",HIGH,"Net revenue equivalent of the channel trend adjustment, quantifying the financial revenue impact of channel mix evolution.",Channel Trend Adj NR for channel mix revenue impact
W S&OP Target,S&OP Plan,Demand Planning,S&OP / IBP Integration,"Integrates demand forecasts with Sales & Operations Planning targets to align commercial, financial, and supply perspectives.",HIGH,"Weekly S&OP plan target driving supply chain execution, representing the agreed weekly volume commitment from the S&OP process.",W S&OP Target for weekly supply execution alignment
W DOS,DoH,Supply Planning,Inventory Planning & Management,"Manages inventory levels, replenishment, and stock policies including weeks-of-supply and days-of-supply targets.",HIGH,Days of Supply (DOS) or Days on Hand (DoH) metric measuring the number of demand days covered by current inventory.,W DOS (DoH) for inventory days coverage measurement
W Net Revenue,Net Revenue (€),Demand Planning,Financial & Revenue Forecasting,Converts volume forecasts into net revenue and financial outputs to support P&L and commercial planning.,HIGH,"Weekly net revenue value in Euros, representing the financial output of the supply plan for financial reporting and S&OP.",W Net Revenue (€) for weekly financial supply plan output
W OnHand Quantity,OnHand Quantity,Supply Planning,Inventory Planning & Management,"Manages inventory levels, replenishment, and stock policies including weeks-of-supply and days-of-supply targets.",HIGH,"Current on-hand inventory quantity at the planning node, used to calculate coverage and inform replenishment decisions.",W OnHand Quantity for inventory coverage calculation
Portfolio Evolution NR,Portfolio Adj NR,Demand Planning,NPI & Portfolio Lifecycle Management,"Plans and manages new product introductions, phase-in/phase-out transitions, cannibalization, and portfolio evolution impacts on demand.",HIGH,"Net revenue impact of portfolio lifecycle events (NPI, phase-out) applied as a financial adjustment to the demand forecast.",Portfolio Adj NR for portfolio lifecycle revenue impact
Portfolio Evolution NR,Portfolio Adj NR,Demand Planning,Financial & Revenue Forecasting,Converts volume forecasts into net revenue and financial outputs to support P&L and commercial planning.,HIGH,"Net revenue impact of portfolio lifecycle events (NPI, phase-out) applied as a financial adjustment to the demand forecast.",Portfolio Adj NR for portfolio lifecycle revenue impact
Product Line expansion existing cust NR,Distribution Adj NR,Demand Planning,NPI & Portfolio Lifecycle Management,"Plans and manages new product introductions, phase-in/phase-out transitions, cannibalization, and portfolio evolution impacts on demand.",HIGH,"Net revenue impact of product distribution expansion to existing customers, quantifying the financial upside from distribution gains.",Distribution Adj NR for distribution expansion revenue impact
Product Line expansion existing cust NR,Distribution Adj NR,Demand Planning,Financial & Revenue Forecasting,Converts volume forecasts into net revenue and financial outputs to support P&L and commercial planning.,HIGH,"Net revenue impact of product distribution expansion to existing customers, quantifying the financial upside from distribution gains.",Distribution Adj NR for distribution expansion revenue impact
Cannibalization NR,Cannibalization Adj NR,Demand Planning,NPI & Portfolio Lifecycle Management,"Plans and manages new product introductions, phase-in/phase-out transitions, cannibalization, and portfolio evolution impacts on demand.",HIGH,"Net revenue impact of cannibalization between products, quantifying the financial revenue displacement from portfolio overlap.",Cannibalization Adj NR for cannibalization revenue impact
Cannibalization NR,Cannibalization Adj NR,Demand Planning,Financial & Revenue Forecasting,Converts volume forecasts into net revenue and financial outputs to support P&L and commercial planning.,HIGH,"Net revenue impact of cannibalization between products, quantifying the financial revenue displacement from portfolio overlap.",Cannibalization Adj NR for cannibalization revenue impact
Total Fcst vs AOP,,Demand Planning,Annual Operating Plan (AOP) Management,"Establishes and monitors annual volume and revenue targets, comparing rolling forecasts against the approved annual plan.",MEDIUM,"Measures the absolute difference between the consensus total demand forecast and the approved Annual Operating Plan, enabling identification of gaps requiring corrective action.",AOP happens around September Y1–October Y1. AOP fully updated for October S&OP cycle
Total Fcst vs AOP,,Demand Planning,S&OP / IBP Integration,"Integrates demand forecasts with Sales & Operations Planning targets to align commercial, financial, and supply perspectives.",MEDIUM,"Measures the absolute difference between the consensus total demand forecast and the approved Annual Operating Plan, enabling identification of gaps requiring corrective action.",AOP happens around September Y1–October Y1. AOP fully updated for October S&OP cycle
% Total Fcst vs AOP,,Demand Planning,Annual Operating Plan (AOP) Management,"Establishes and monitors annual volume and revenue targets, comparing rolling forecasts against the approved annual plan.",MEDIUM,"Expresses the percentage variance between the consensus total forecast and the AOP, providing a relative benchmark to assess plan attainment against annual commitments.",AOP happens around September Y1–October Y1. AOP fully updated for October S&OP cycle
% Total Fcst vs AOP,,Demand Planning,S&OP / IBP Integration,"Integrates demand forecasts with Sales & Operations Planning targets to align commercial, financial, and supply perspectives.",MEDIUM,"Expresses the percentage variance between the consensus total forecast and the AOP, providing a relative benchmark to assess plan attainment against annual commitments.",AOP happens around September Y1–October Y1. AOP fully updated for October S&OP cycle
Volume vs AOP,,Demand Planning,Annual Operating Plan (AOP) Management,"Establishes and monitors annual volume and revenue targets, comparing rolling forecasts against the approved annual plan.",MEDIUM,Tracks the absolute volume variance between the rolling demand plan and the Annual Operating Plan at product/channel level to surface over- or under-delivery risks.,AOP happens around September Y1–October Y1. AOP fully updated for October S&OP cycle
Volume vs AOP,,Demand Planning,S&OP / IBP Integration,"Integrates demand forecasts with Sales & Operations Planning targets to align commercial, financial, and supply perspectives.",MEDIUM,Tracks the absolute volume variance between the rolling demand plan and the Annual Operating Plan at product/channel level to surface over- or under-delivery risks.,AOP happens around September Y1–October Y1. AOP fully updated for October S&OP cycle
% Volume vs AOP,,Demand Planning,Annual Operating Plan (AOP) Management,"Establishes and monitors annual volume and revenue targets, comparing rolling forecasts against the approved annual plan.",MEDIUM,"Percentage index of current volume forecast relative to the AOP, used during IBP forums to evaluate attainment of annual volume commitments.",AOP happens around September Y1–October Y1. AOP fully updated for October S&OP cycle
% Volume vs AOP,,Demand Planning,S&OP / IBP Integration,"Integrates demand forecasts with Sales & Operations Planning targets to align commercial, financial, and supply perspectives.",MEDIUM,"Percentage index of current volume forecast relative to the AOP, used during IBP forums to evaluate attainment of annual volume commitments.",AOP happens around September Y1–October Y1. AOP fully updated for October S&OP cycle
Total Fcst vs LY Actuals,,Demand Planning,Collaborative Demand Planning & Consensus,"Supports cross-functional collaboration to review, adjust, and finalize demand forecasts through structured override and consensus workflows.",MEDIUM,"Absolute difference between the current total consensus forecast and last year's actual shipments, supporting year-over-year trend assessment during S&OP review cycles.",Demand Planning leverages iS&OP and iS&OE processes to align on consensus plan
Total Fcst vs LY Actuals,,Demand Planning,Forecast Performance Measurement,"Measures forecast quality through bias, fill rate, cycle-over-cycle change, and error metrics to drive continuous improvement.",MEDIUM,"Absolute difference between the current total consensus forecast and last year's actual shipments, supporting year-over-year trend assessment during S&OP review cycles.",Demand Planning leverages iS&OP and iS&OE processes to align on consensus plan
% Total Fcst vs LY Actuals,,Demand Planning,Collaborative Demand Planning & Consensus,"Supports cross-functional collaboration to review, adjust, and finalize demand forecasts through structured override and consensus workflows.",MEDIUM,"Percentage growth or decline of the total forecast relative to last year's actuals, enabling year-on-year performance benchmarking across the IBP horizon.",Demand Planning leverages iS&OP and iS&OE processes to align on consensus plan
% Total Fcst vs LY Actuals,,Demand Planning,Forecast Performance Measurement,"Measures forecast quality through bias, fill rate, cycle-over-cycle change, and error metrics to drive continuous improvement.",MEDIUM,"Percentage growth or decline of the total forecast relative to last year's actuals, enabling year-on-year performance benchmarking across the IBP horizon.",Demand Planning leverages iS&OP and iS&OE processes to align on consensus plan
MT Total Fcst vs LY Actuals,,Demand Planning,Driver-Based Forecast Generation (Mid/Long Term),Constructs medium-to-long-horizon strategic forecasts decomposed into business drivers to inform capacity and supply strategy.,MEDIUM,"Absolute difference between the mid-term consensus forecast and last year's actuals at the MT planning level, used to validate strategic growth assumptions in the long-range plan.",Driver based forecast will be used as the starting point for demand planning
MT Total Fcst vs LY Actuals,,Demand Planning,Forecast Performance Measurement,"Measures forecast quality through bias, fill rate, cycle-over-cycle change, and error metrics to drive continuous improvement.",MEDIUM,"Absolute difference between the mid-term consensus forecast and last year's actuals at the MT planning level, used to validate strategic growth assumptions in the long-range plan.",Driver based forecast will be used as the starting point for demand planning
% MT Total Fcst vs LY Actuals,,Demand Planning,Driver-Based Forecast Generation (Mid/Long Term),Constructs medium-to-long-horizon strategic forecasts decomposed into business drivers to inform capacity and supply strategy.,MEDIUM,"Percentage variance of the mid-term total forecast versus last year's actuals, used to assess strategic volume growth expectations against historical performance.",Driver based forecast will be used as the starting point for demand planning
% MT Total Fcst vs LY Actuals,,Demand Planning,Forecast Performance Measurement,"Measures forecast quality through bias, fill rate, cycle-over-cycle change, and error metrics to drive continuous improvement.",MEDIUM,"Percentage variance of the mid-term total forecast versus last year's actuals, used to assess strategic volume growth expectations against historical performance.",Driver based forecast will be used as the starting point for demand planning
Total Fcst vs ST Fcst,,Demand Planning,Collaborative Demand Planning & Consensus,"Supports cross-functional collaboration to review, adjust, and finalize demand forecasts through structured override and consensus workflows.",MEDIUM,"Absolute gap between the consolidated total forecast and the short-term driver-based forecast, highlighting the contribution of mid-term planning assumptions to the total plan.",TOTAL FCST shown in planning tables across ST and MT forecast enrichment scenarios
Total Fcst vs ST Fcst,,Demand Planning,Driver-Based Forecast Generation (Short Term),"Builds short-horizon demand forecasts by decomposing demand into quantifiable drivers such as promotions, media, pricing, and weather.",MEDIUM,"Absolute gap between the consolidated total forecast and the short-term driver-based forecast, highlighting the contribution of mid-term planning assumptions to the total plan.",TOTAL FCST shown in planning tables across ST and MT forecast enrichment scenarios
% Total Fcst vs ST Fcst,,Demand Planning,Collaborative Demand Planning & Consensus,"Supports cross-functional collaboration to review, adjust, and finalize demand forecasts through structured override and consensus workflows.",MEDIUM,"Percentage difference between the total consensus forecast and the short-term forecast, used to quantify the relative weight of ST enrichments within the overall demand plan.",TOTAL FCST shown in planning tables across ST and MT forecast enrichment scenarios
% Total Fcst vs ST Fcst,,Demand Planning,Driver-Based Forecast Generation (Short Term),"Builds short-horizon demand forecasts by decomposing demand into quantifiable drivers such as promotions, media, pricing, and weather.",MEDIUM,"Percentage difference between the total consensus forecast and the short-term forecast, used to quantify the relative weight of ST enrichments within the overall demand plan.",TOTAL FCST shown in planning tables across ST and MT forecast enrichment scenarios
Total Fcst vs MT Fcst,,Demand Planning,Collaborative Demand Planning & Consensus,"Supports cross-functional collaboration to review, adjust, and finalize demand forecasts through structured override and consensus workflows.",MEDIUM,"Absolute gap between the total consensus forecast and the mid-term forecast, revealing the uplift or reduction applied through collaborative planning above the MT base.",TOTAL FCST shown in planning tables across ST and MT forecast enrichment scenarios
Total Fcst vs MT Fcst,,Demand Planning,Driver-Based Forecast Generation (Mid/Long Term),Constructs medium-to-long-horizon strategic forecasts decomposed into business drivers to inform capacity and supply strategy.,MEDIUM,"Absolute gap between the total consensus forecast and the mid-term forecast, revealing the uplift or reduction applied through collaborative planning above the MT base.",TOTAL FCST shown in planning tables across ST and MT forecast enrichment scenarios
% Total Fcst vs MT Fcst,,Demand Planning,Collaborative Demand Planning & Consensus,"Supports cross-functional collaboration to review, adjust, and finalize demand forecasts through structured override and consensus workflows.",MEDIUM,"Percentage variance between total and mid-term forecasts, quantifying the proportional impact of consensus adjustments on the MT driver-based baseline.",TOTAL FCST shown in planning tables across ST and MT forecast enrichment scenarios
% Total Fcst vs MT Fcst,,Demand Planning,Driver-Based Forecast Generation (Mid/Long Term),Constructs medium-to-long-horizon strategic forecasts decomposed into business drivers to inform capacity and supply strategy.,MEDIUM,"Percentage variance between total and mid-term forecasts, quantifying the proportional impact of consensus adjustments on the MT driver-based baseline.",TOTAL FCST shown in planning tables across ST and MT forecast enrichment scenarios
ST Driver Based Fcst vs LC,,Demand Planning,Driver-Based Forecast Generation (Short Term),"Builds short-horizon demand forecasts by decomposing demand into quantifiable drivers such as promotions, media, pricing, and weather.",HIGH,"Cycle-over-cycle absolute change in the short-term driver-based forecast, measuring the shift from the prior planning cycle to evaluate forecast stability and process discipline.",Driver based forecast will be used as the starting point for demand planning
ST Driver Based Fcst vs LC,,Demand Planning,Forecast Performance Measurement,"Measures forecast quality through bias, fill rate, cycle-over-cycle change, and error metrics to drive continuous improvement.",MEDIUM,"Cycle-over-cycle absolute change in the short-term driver-based forecast, measuring the shift from the prior planning cycle to evaluate forecast stability and process discipline.",Driver based forecast will be used as the starting point for demand planning
% ST Driver Based Fcst vs LC,,Demand Planning,Driver-Based Forecast Generation (Short Term),"Builds short-horizon demand forecasts by decomposing demand into quantifiable drivers such as promotions, media, pricing, and weather.",HIGH,"Percentage change in the short-term driver-based forecast versus the prior planning cycle, providing a relative measure of forecast churn to support S&OE exception management.",Driver based forecast will be used as the starting point for demand planning
% ST Driver Based Fcst vs LC,,Demand Planning,Forecast Performance Measurement,"Measures forecast quality through bias, fill rate, cycle-over-cycle change, and error metrics to drive continuous improvement.",MEDIUM,"Percentage change in the short-term driver-based forecast versus the prior planning cycle, providing a relative measure of forecast churn to support S&OE exception management.",Driver based forecast will be used as the starting point for demand planning
MT Driver Based Fcst vs LC,,Demand Planning,Driver-Based Forecast Generation (Mid/Long Term),Constructs medium-to-long-horizon strategic forecasts decomposed into business drivers to inform capacity and supply strategy.,HIGH,"Cycle-over-cycle absolute change in the mid-term driver-based forecast, indicating strategic demand shifts introduced between consecutive IBP planning cycles.",Driver based forecast will be used as the starting point for demand planning
MT Driver Based Fcst vs LC,,Demand Planning,Forecast Performance Measurement,"Measures forecast quality through bias, fill rate, cycle-over-cycle change, and error metrics to drive continuous improvement.",MEDIUM,"Cycle-over-cycle absolute change in the mid-term driver-based forecast, indicating strategic demand shifts introduced between consecutive IBP planning cycles.",Driver based forecast will be used as the starting point for demand planning
% MT Driver Based Fcst vs LC,,Demand Planning,Driver-Based Forecast Generation (Mid/Long Term),Constructs medium-to-long-horizon strategic forecasts decomposed into business drivers to inform capacity and supply strategy.,HIGH,"Percentage cycle-over-cycle change in the mid-term driver-based forecast, used to flag significant demand plan revisions for escalation during the monthly IBP forum.",Driver based forecast will be used as the starting point for demand planning
% MT Driver Based Fcst vs LC,,Demand Planning,Forecast Performance Measurement,"Measures forecast quality through bias, fill rate, cycle-over-cycle change, and error metrics to drive continuous improvement.",MEDIUM,"Percentage cycle-over-cycle change in the mid-term driver-based forecast, used to flag significant demand plan revisions for escalation during the monthly IBP forum.",Driver based forecast will be used as the starting point for demand planning
Total Fcst vs LC,,Demand Planning,Collaborative Demand Planning & Consensus,"Supports cross-functional collaboration to review, adjust, and finalize demand forecasts through structured override and consensus workflows.",MEDIUM,"Absolute difference between the current total consensus forecast and the forecast from the prior planning cycle, providing a cycle-over-cycle change signal for IBP governance.",Demand Planning leverages iS&OP and iS&OE processes to align on consensus plan
Total Fcst vs LC,,Demand Planning,S&OP / IBP Integration,"Integrates demand forecasts with Sales & Operations Planning targets to align commercial, financial, and supply perspectives.",MEDIUM,"Absolute difference between the current total consensus forecast and the forecast from the prior planning cycle, providing a cycle-over-cycle change signal for IBP governance.",Demand Planning leverages iS&OP and iS&OE processes to align on consensus plan
% Total Fcst vs LC,,Demand Planning,Collaborative Demand Planning & Consensus,"Supports cross-functional collaboration to review, adjust, and finalize demand forecasts through structured override and consensus workflows.",MEDIUM,"Percentage cycle-over-cycle change in the total consensus forecast, used during S&OP reviews to assess plan volatility and trigger exception-based discussions.",Demand Planning leverages iS&OP and iS&OE processes to align on consensus plan
% Total Fcst vs LC,,Demand Planning,S&OP / IBP Integration,"Integrates demand forecasts with Sales & Operations Planning targets to align commercial, financial, and supply perspectives.",MEDIUM,"Percentage cycle-over-cycle change in the total consensus forecast, used during S&OP reviews to assess plan volatility and trigger exception-based discussions.",Demand Planning leverages iS&OP and iS&OE processes to align on consensus plan
ST Total Fcst Vol,,Demand Planning,Driver-Based Forecast Generation (Short Term),"Builds short-horizon demand forecasts by decomposing demand into quantifiable drivers such as promotions, media, pricing, and weather.",HIGH,"Absolute short-term total forecast volume in planning units, representing the consolidated demand outlook across all enrichment layers (baseline, promo, manual overrides) for the ST horizon.",TOTAL FCST shown in planning tables across ST and MT forecast enrichment scenarios
ST Total Fcst Vol,,Demand Planning,Revenue & Volume Outlook Item Tracking,"Tracks revenue and volume outlook items including initiatives, variable contributions, and governance dates for pipeline management.",MEDIUM,"Absolute short-term total forecast volume in planning units, representing the consolidated demand outlook across all enrichment layers (baseline, promo, manual overrides) for the ST horizon.",TOTAL FCST shown in planning tables across ST and MT forecast enrichment scenarios
ST Total Fcst Vol LC,,Demand Planning,Driver-Based Forecast Generation (Short Term),"Builds short-horizon demand forecasts by decomposing demand into quantifiable drivers such as promotions, media, pricing, and weather.",HIGH,"Short-term total forecast volume from the prior planning cycle (last cycle snapshot), used as a reference baseline for cycle-over-cycle change tracking in the ST horizon.",TOTAL FCST shown in planning tables across ST and MT forecast enrichment scenarios
ST Total Fcst Vol LC,,Demand Planning,Revenue & Volume Outlook Item Tracking,"Tracks revenue and volume outlook items including initiatives, variable contributions, and governance dates for pipeline management.",MEDIUM,"Short-term total forecast volume from the prior planning cycle (last cycle snapshot), used as a reference baseline for cycle-over-cycle change tracking in the ST horizon.",TOTAL FCST shown in planning tables across ST and MT forecast enrichment scenarios
ST Total Fcst Invoices Vol,,Demand Planning,Driver-Based Forecast Generation (Short Term),"Builds short-horizon demand forecasts by decomposing demand into quantifiable drivers such as promotions, media, pricing, and weather.",HIGH,"Short-term total forecast volume expressed in invoiced units (ZOR/ZYCO), providing a sell-in view of the ST demand plan aligned to financial and commercial reporting needs.","Continuous line with invoices used for Forum, splitting promo vs non-promo"
ST Total Fcst Invoices Vol,,Demand Planning,Revenue & Volume Outlook Item Tracking,"Tracks revenue and volume outlook items including initiatives, variable contributions, and governance dates for pipeline management.",MEDIUM,"Short-term total forecast volume expressed in invoiced units (ZOR/ZYCO), providing a sell-in view of the ST demand plan aligned to financial and commercial reporting needs.","Continuous line with invoices used for Forum, splitting promo vs non-promo"
MT Total Fcst Vol LC,,Demand Planning,Driver-Based Forecast Generation (Mid/Long Term),Constructs medium-to-long-horizon strategic forecasts decomposed into business drivers to inform capacity and supply strategy.,HIGH,"Mid-term total forecast volume from the prior planning cycle, serving as the reference baseline to compute cycle-over-cycle changes in the MT strategic demand plan.",TOTAL FCST shown in planning tables across ST and MT forecast enrichment scenarios
MT Total Fcst Vol LC,,Demand Planning,Revenue & Volume Outlook Item Tracking,"Tracks revenue and volume outlook items including initiatives, variable contributions, and governance dates for pipeline management.",MEDIUM,"Mid-term total forecast volume from the prior planning cycle, serving as the reference baseline to compute cycle-over-cycle changes in the MT strategic demand plan.",TOTAL FCST shown in planning tables across ST and MT forecast enrichment scenarios
Vol B/(W) AOP/ESP,,Demand Planning,Annual Operating Plan (AOP) Management,"Establishes and monitors annual volume and revenue targets, comparing rolling forecasts against the approved annual plan.",MEDIUM,"Volume Better/(Worse) versus the Annual Operating Plan or Estimated Selling Plan, showing absolute volume gap against the approved annual commitment to flag attainment risk.",AOP happens around September Y1–October Y1. AOP fully updated for October S&OP cycle
Vol B/(W) AOP/ESP,,Demand Planning,S&OP / IBP Integration,"Integrates demand forecasts with Sales & Operations Planning targets to align commercial, financial, and supply perspectives.",MEDIUM,"Volume Better/(Worse) versus the Annual Operating Plan or Estimated Selling Plan, showing absolute volume gap against the approved annual commitment to flag attainment risk.",AOP happens around September Y1–October Y1. AOP fully updated for October S&OP cycle
Vol B/(W) LY,,Demand Planning,S&OP / IBP Integration,"Integrates demand forecasts with Sales & Operations Planning targets to align commercial, financial, and supply perspectives.",MEDIUM,"Volume Better/(Worse) versus last year's actuals, measuring absolute year-on-year volume evolution to track business growth or decline at product and market level.",Demand Planning leverages iS&OP and iS&OE processes to align on consensus plan
Vol B/(W) LY,,Demand Planning,Forecast Performance Measurement,"Measures forecast quality through bias, fill rate, cycle-over-cycle change, and error metrics to drive continuous improvement.",MEDIUM,"Volume Better/(Worse) versus last year's actuals, measuring absolute year-on-year volume evolution to track business growth or decline at product and market level.",Demand Planning leverages iS&OP and iS&OE processes to align on consensus plan
Vol B/(W) PxF,,Demand Planning,S&OP / IBP Integration,"Integrates demand forecasts with Sales & Operations Planning targets to align commercial, financial, and supply perspectives.",MEDIUM,"Volume Better/(Worse) versus the Prior Forecast, quantifying the absolute shift in volume expectation versus the previously committed forecast to highlight demand plan revisions.",Demand Planning leverages iS&OP and iS&OE processes to align on consensus plan
Vol B/(W) PxF,,Demand Planning,Risk & Opportunity Management,"Identifies, quantifies, and tracks upside opportunities and downside risks to the demand forecast across portfolio, promotions, and market factors.",MEDIUM,"Volume Better/(Worse) versus the Prior Forecast, quantifying the absolute shift in volume expectation versus the previously committed forecast to highlight demand plan revisions.",Demand Planning leverages iS&OP and iS&OE processes to align on consensus plan
Vol B/(W) LC,,Demand Planning,S&OP / IBP Integration,"Integrates demand forecasts with Sales & Operations Planning targets to align commercial, financial, and supply perspectives.",MEDIUM,"Volume Better/(Worse) versus the Last Cycle forecast, tracking absolute cycle-over-cycle volume movement to assess forecast volatility and planning cycle discipline.",Demand Planning leverages iS&OP and iS&OE processes to align on consensus plan
Vol B/(W) LC,,Demand Planning,Risk & Opportunity Management,"Identifies, quantifies, and tracks upside opportunities and downside risks to the demand forecast across portfolio, promotions, and market factors.",MEDIUM,"Volume Better/(Worse) versus the Last Cycle forecast, tracking absolute cycle-over-cycle volume movement to assess forecast volatility and planning cycle discipline.",Demand Planning leverages iS&OP and iS&OE processes to align on consensus plan
Vol B/(W) PxF (%),,Demand Planning,S&OP / IBP Integration,"Integrates demand forecasts with Sales & Operations Planning targets to align commercial, financial, and supply perspectives.",MEDIUM,"Percentage volume variance versus the Prior Forecast, providing a relative measure of demand plan change to facilitate threshold-based exception flagging in IBP forums.",Demand Planning leverages iS&OP and iS&OE processes to align on consensus plan
Vol B/(W) PxF (%),,Demand Planning,Risk & Opportunity Management,"Identifies, quantifies, and tracks upside opportunities and downside risks to the demand forecast across portfolio, promotions, and market factors.",MEDIUM,"Percentage volume variance versus the Prior Forecast, providing a relative measure of demand plan change to facilitate threshold-based exception flagging in IBP forums.",Demand Planning leverages iS&OP and iS&OE processes to align on consensus plan
Vol B/(W) AOP/ESP (%),,Demand Planning,Annual Operating Plan (AOP) Management,"Establishes and monitors annual volume and revenue targets, comparing rolling forecasts against the approved annual plan.",MEDIUM,"Percentage volume gap versus the AOP or ESP, expressing attainment as a relative index to enable cross-geography and cross-category benchmarking in S&OP reviews.",AOP happens around September Y1–October Y1. AOP fully updated for October S&OP cycle
Vol B/(W) AOP/ESP (%),,Demand Planning,S&OP / IBP Integration,"Integrates demand forecasts with Sales & Operations Planning targets to align commercial, financial, and supply perspectives.",MEDIUM,"Percentage volume gap versus the AOP or ESP, expressing attainment as a relative index to enable cross-geography and cross-category benchmarking in S&OP reviews.",AOP happens around September Y1–October Y1. AOP fully updated for October S&OP cycle
Vol B/(W) LC (%),,Demand Planning,S&OP / IBP Integration,"Integrates demand forecasts with Sales & Operations Planning targets to align commercial, financial, and supply perspectives.",MEDIUM,"Percentage volume better/(worse) versus last cycle, measuring the relative cycle-over-cycle forecast shift as a key governance metric in monthly IBP planning cadence.",Demand Planning leverages iS&OP and iS&OE processes to align on consensus plan
Vol B/(W) LC (%),,Demand Planning,Forecast Performance Measurement,"Measures forecast quality through bias, fill rate, cycle-over-cycle change, and error metrics to drive continuous improvement.",MEDIUM,"Percentage volume better/(worse) versus last cycle, measuring the relative cycle-over-cycle forecast shift as a key governance metric in monthly IBP planning cadence.",Demand Planning leverages iS&OP and iS&OE processes to align on consensus plan
CY B/(W) PxF Abs,,Demand Planning,S&OP / IBP Integration,"Integrates demand forecasts with Sales & Operations Planning targets to align commercial, financial, and supply perspectives.",MEDIUM,"Current year absolute volume or value better/(worse) versus the Prior Forecast, consolidating full-year plan vs. prior-forecast deviations to support year-end outlook management.",Demand Planning leverages iS&OP and iS&OE processes to align on consensus plan
CY B/(W) PxF Abs,,Demand Planning,Annual Operating Plan (AOP) Management,"Establishes and monitors annual volume and revenue targets, comparing rolling forecasts against the approved annual plan.",MEDIUM,"Current year absolute volume or value better/(worse) versus the Prior Forecast, consolidating full-year plan vs. prior-forecast deviations to support year-end outlook management.",Demand Planning leverages iS&OP and iS&OE processes to align on consensus plan
NR B/(W) LY,,Demand Planning,Financial & Revenue Forecasting,Converts volume forecasts into net revenue and financial outputs to support P&L and commercial planning.,HIGH,"Net Revenue Better/(Worse) versus last year's actuals, tracking absolute revenue evolution year-on-year to evaluate commercial plan performance against prior-year baseline.",NR & MC - Rates will be integrated at those levels (line 603 FS01)
NR B/(W) LY,,Demand Planning,S&OP / IBP Integration,"Integrates demand forecasts with Sales & Operations Planning targets to align commercial, financial, and supply perspectives.",MEDIUM,"Net Revenue Better/(Worse) versus last year's actuals, tracking absolute revenue evolution year-on-year to evaluate commercial plan performance against prior-year baseline.",NR & MC - Rates will be integrated at those levels (line 603 FS01)
NR B/(W) AOP/ESP,,Demand Planning,Financial & Revenue Forecasting,Converts volume forecasts into net revenue and financial outputs to support P&L and commercial planning.,HIGH,"Net Revenue Better/(Worse) versus the Annual Operating Plan or Estimated Selling Plan, measuring absolute revenue attainment gap against the approved financial commitment.",NR & MC - Rates will be integrated at those levels (line 603 FS01)
NR B/(W) AOP/ESP,,Demand Planning,Annual Operating Plan (AOP) Management,"Establishes and monitors annual volume and revenue targets, comparing rolling forecasts against the approved annual plan.",MEDIUM,"Net Revenue Better/(Worse) versus the Annual Operating Plan or Estimated Selling Plan, measuring absolute revenue attainment gap against the approved financial commitment.",NR & MC - Rates will be integrated at those levels (line 603 FS01)
NR B/(W) PxF,,Demand Planning,Financial & Revenue Forecasting,Converts volume forecasts into net revenue and financial outputs to support P&L and commercial planning.,HIGH,"Net Revenue Better/(Worse) versus the Prior Forecast, quantifying the absolute shift in revenue expectation to support financial re-forecasting and P&L risk management.",NR & MC - Rates will be integrated at those levels (line 603 FS01)
NR B/(W) PxF,,Demand Planning,Risk & Opportunity Management,"Identifies, quantifies, and tracks upside opportunities and downside risks to the demand forecast across portfolio, promotions, and market factors.",MEDIUM,"Net Revenue Better/(Worse) versus the Prior Forecast, quantifying the absolute shift in revenue expectation to support financial re-forecasting and P&L risk management.",NR & MC - Rates will be integrated at those levels (line 603 FS01)
NR B/(W) PxF Abs,,Demand Planning,Financial & Revenue Forecasting,Converts volume forecasts into net revenue and financial outputs to support P&L and commercial planning.,HIGH,"Absolute value of net revenue better/(worse) versus the Prior Forecast, used to size the magnitude of revenue plan revisions regardless of direction for financial governance.",NR & MC - Rates will be integrated at those levels (line 603 FS01)
NR B/(W) PxF Abs,,Demand Planning,S&OP / IBP Integration,"Integrates demand forecasts with Sales & Operations Planning targets to align commercial, financial, and supply perspectives.",MEDIUM,"Absolute value of net revenue better/(worse) versus the Prior Forecast, used to size the magnitude of revenue plan revisions regardless of direction for financial governance.",NR & MC - Rates will be integrated at those levels (line 603 FS01)
NR B/(W) LC (%),,Demand Planning,Financial & Revenue Forecasting,Converts volume forecasts into net revenue and financial outputs to support P&L and commercial planning.,HIGH,"Percentage net revenue better/(worse) versus the Last Cycle, measuring the relative revenue forecast change cycle-over-cycle as a financial stability indicator in IBP reviews.",NR & MC - Rates will be integrated at those levels (line 603 FS01)
NR B/(W) LC (%),,Demand Planning,Forecast Performance Measurement,"Measures forecast quality through bias, fill rate, cycle-over-cycle change, and error metrics to drive continuous improvement.",MEDIUM,"Percentage net revenue better/(worse) versus the Last Cycle, measuring the relative revenue forecast change cycle-over-cycle as a financial stability indicator in IBP reviews.",NR & MC - Rates will be integrated at those levels (line 603 FS01)
MC B/(W) PxF,,Demand Planning,Financial & Revenue Forecasting,Converts volume forecasts into net revenue and financial outputs to support P&L and commercial planning.,HIGH,"Margin Contribution Better/(Worse) versus the Prior Forecast, tracking absolute changes in gross margin expectations due to volume mix, pricing, or cost shifts between forecast cycles.",NR & MC - Rates will be integrated at those levels (line 603 FS01)
MC B/(W) PxF,,Demand Planning,Risk & Opportunity Management,"Identifies, quantifies, and tracks upside opportunities and downside risks to the demand forecast across portfolio, promotions, and market factors.",MEDIUM,"Margin Contribution Better/(Worse) versus the Prior Forecast, tracking absolute changes in gross margin expectations due to volume mix, pricing, or cost shifts between forecast cycles.",NR & MC - Rates will be integrated at those levels (line 603 FS01)
MC B/(W) PxF (%),,Demand Planning,Financial & Revenue Forecasting,Converts volume forecasts into net revenue and financial outputs to support P&L and commercial planning.,HIGH,"Percentage margin contribution better/(worse) versus the Prior Forecast, providing a relative margin performance signal for commercial and finance alignment during S&OP cycles.",NR & MC - Rates will be integrated at those levels (line 603 FS01)
MC B/(W) PxF (%),,Demand Planning,S&OP / IBP Integration,"Integrates demand forecasts with Sales & Operations Planning targets to align commercial, financial, and supply perspectives.",MEDIUM,"Percentage margin contribution better/(worse) versus the Prior Forecast, providing a relative margin performance signal for commercial and finance alignment during S&OP cycles.",NR & MC - Rates will be integrated at those levels (line 603 FS01)
Vol Growth (%),,Demand Planning,Forecast Performance Measurement,"Measures forecast quality through bias, fill rate, cycle-over-cycle change, and error metrics to drive continuous improvement.",MEDIUM,"Percentage volume growth of the current forecast versus the prior year, including the effect of portfolio changes (launches, delistings) to measure total business momentum.",Demand Planning leverages iS&OP and iS&OE processes to align on consensus plan
Vol Growth (%),,Demand Planning,S&OP / IBP Integration,"Integrates demand forecasts with Sales & Operations Planning targets to align commercial, financial, and supply perspectives.",MEDIUM,"Percentage volume growth of the current forecast versus the prior year, including the effect of portfolio changes (launches, delistings) to measure total business momentum.",Demand Planning leverages iS&OP and iS&OE processes to align on consensus plan
Vol Lap (%),,Demand Planning,Forecast Performance Measurement,"Measures forecast quality through bias, fill rate, cycle-over-cycle change, and error metrics to drive continuous improvement.",MEDIUM,"Like-for-like volume growth percentage, excluding new product introductions and delistings to isolate organic volume performance of the comparable portfolio base.",Demand Planning leverages iS&OP and iS&OE processes to align on consensus plan
Vol Lap (%),,Demand Planning,S&OP / IBP Integration,"Integrates demand forecasts with Sales & Operations Planning targets to align commercial, financial, and supply perspectives.",MEDIUM,"Like-for-like volume growth percentage, excluding new product introductions and delistings to isolate organic volume performance of the comparable portfolio base.",Demand Planning leverages iS&OP and iS&OE processes to align on consensus plan
NR Growth (%),,Demand Planning,Financial & Revenue Forecasting,Converts volume forecasts into net revenue and financial outputs to support P&L and commercial planning.,MEDIUM,"Percentage net revenue growth of the current forecast versus the prior year, encompassing the full portfolio including mix effects from new launches and delistings.",NR & MC - Rates will be integrated at those levels (line 603 FS01)
NR Growth (%),,Demand Planning,Forecast Performance Measurement,"Measures forecast quality through bias, fill rate, cycle-over-cycle change, and error metrics to drive continuous improvement.",MEDIUM,"Percentage net revenue growth of the current forecast versus the prior year, encompassing the full portfolio including mix effects from new launches and delistings.",NR & MC - Rates will be integrated at those levels (line 603 FS01)
NR Lap (%),,Demand Planning,Financial & Revenue Forecasting,Converts volume forecasts into net revenue and financial outputs to support P&L and commercial planning.,MEDIUM,"Like-for-like net revenue growth percentage on a comparable portfolio basis, stripping out NPI and discontinuation effects to show organic revenue performance.",NR & MC - Rates will be integrated at those levels (line 603 FS01)
NR Lap (%),,Demand Planning,Forecast Performance Measurement,"Measures forecast quality through bias, fill rate, cycle-over-cycle change, and error metrics to drive continuous improvement.",MEDIUM,"Like-for-like net revenue growth percentage on a comparable portfolio basis, stripping out NPI and discontinuation effects to show organic revenue performance.",NR & MC - Rates will be integrated at those levels (line 603 FS01)
MC Growth (%),,Demand Planning,Financial & Revenue Forecasting,Converts volume forecasts into net revenue and financial outputs to support P&L and commercial planning.,MEDIUM,"Percentage margin contribution growth of the current forecast versus prior year, capturing the full P&L impact of volume mix, pricing, and portfolio changes.",NR & MC - Rates will be integrated at those levels (line 603 FS01)
MC Growth (%),,Demand Planning,S&OP / IBP Integration,"Integrates demand forecasts with Sales & Operations Planning targets to align commercial, financial, and supply perspectives.",MEDIUM,"Percentage margin contribution growth of the current forecast versus prior year, capturing the full P&L impact of volume mix, pricing, and portfolio changes.",NR & MC - Rates will be integrated at those levels (line 603 FS01)
MC Lap (%),,Demand Planning,Financial & Revenue Forecasting,Converts volume forecasts into net revenue and financial outputs to support P&L and commercial planning.,MEDIUM,"Like-for-like margin contribution growth percentage on a comparable portfolio basis, isolating underlying margin performance from portfolio composition changes.",NR & MC - Rates will be integrated at those levels (line 603 FS01)
MC Lap (%),,Demand Planning,S&OP / IBP Integration,"Integrates demand forecasts with Sales & Operations Planning targets to align commercial, financial, and supply perspectives.",MEDIUM,"Like-for-like margin contribution growth percentage on a comparable portfolio basis, isolating underlying margin performance from portfolio composition changes.",NR & MC - Rates will be integrated at those levels (line 603 FS01)
Index to AOP/ESP,,Demand Planning,Annual Operating Plan (AOP) Management,"Establishes and monitors annual volume and revenue targets, comparing rolling forecasts against the approved annual plan.",MEDIUM,"Volume index expressing current forecast as a percentage of the AOP or Estimated Selling Plan (100 = on plan), providing a normalised attainment metric across geographies and categories.",AOP happens around September Y1–October Y1. AOP fully updated for October S&OP cycle
Index to AOP/ESP,,Demand Planning,S&OP / IBP Integration,"Integrates demand forecasts with Sales & Operations Planning targets to align commercial, financial, and supply perspectives.",MEDIUM,"Volume index expressing current forecast as a percentage of the AOP or Estimated Selling Plan (100 = on plan), providing a normalised attainment metric across geographies and categories.",AOP happens around September Y1–October Y1. AOP fully updated for October S&OP cycle
NR Index to AOP/ESP,,Demand Planning,Annual Operating Plan (AOP) Management,"Establishes and monitors annual volume and revenue targets, comparing rolling forecasts against the approved annual plan.",MEDIUM,"Net revenue index expressing current NR forecast as a percentage of the AOP or ESP target, enabling cross-market financial attainment benchmarking in IBP reviews.",AOP happens around September Y1–October Y1. AOP fully updated for October S&OP cycle
NR Index to AOP/ESP,,Demand Planning,Financial & Revenue Forecasting,Converts volume forecasts into net revenue and financial outputs to support P&L and commercial planning.,MEDIUM,"Net revenue index expressing current NR forecast as a percentage of the AOP or ESP target, enabling cross-market financial attainment benchmarking in IBP reviews.",AOP happens around September Y1–October Y1. AOP fully updated for October S&OP cycle
NY % CY,,Demand Planning,Annual Operating Plan (AOP) Management,"Establishes and monitors annual volume and revenue targets, comparing rolling forecasts against the approved annual plan.",MEDIUM,"Next-year plan as a percentage of the current-year forecast, used to assess the ambition level of the forward annual plan and validate year-on-year growth assumptions during AOP cycles.",AOP happens around September Y1–October Y1. AOP fully updated for October S&OP cycle
NY % CY,,Demand Planning,Financial & Revenue Forecasting,Converts volume forecasts into net revenue and financial outputs to support P&L and commercial planning.,MEDIUM,"Next-year plan as a percentage of the current-year forecast, used to assess the ambition level of the forward annual plan and validate year-on-year growth assumptions during AOP cycles.",AOP happens around September Y1–October Y1. AOP fully updated for October S&OP cycle
ST Final Segmentation,,Demand Planning,Demand Segmentation & Classification,"Classifies products, customers, and demand streams using ABC/XYZ and other frameworks for differentiated planning treatment.",HIGH,"The computed short-term DFU business segmentation combining manual (E/M/L/R), lifecycle (L/P/N/S/D/R/O/T), and ABC classifications per priority rules; governs FE-active status and forecast model selection.","Final segmentation: combination of manual, Lifecycle segmentation and DFU ABC"
ST Final Segmentation,,Demand Planning,Driver-Based Forecast Generation (Short Term),"Builds short-horizon demand forecasts by decomposing demand into quantifiable drivers such as promotions, media, pricing, and weather.",HIGH,"The computed short-term DFU business segmentation combining manual (E/M/L/R), lifecycle (L/P/N/S/D/R/O/T), and ABC classifications per priority rules; governs FE-active status and forecast model selection.","Final segmentation: combination of manual, Lifecycle segmentation and DFU ABC"
Variability Segmentation,,Demand Planning,Demand Segmentation & Classification,"Classifies products, customers, and demand streams using ABC/XYZ and other frameworks for differentiated planning treatment.",HIGH,"Short-term XYZ variability classification computed from coefficient of variation of adjusted history over 52 weeks, categorising DFUs into X (stable), Y (moderately variable), or Z (highly variable) demand patterns.",XYZ volatility calculated in o9 based on ST adjusted history (FS04)
Variability Segmentation,,Demand Planning,Statistical & ML Forecast Generation,Generates baseline demand forecasts using statistical algorithms and ML models to produce data-driven predictions at DFU level.,HIGH,"Short-term XYZ variability classification computed from coefficient of variation of adjusted history over 52 weeks, categorising DFUs into X (stable), Y (moderately variable), or Z (highly variable) demand patterns.",XYZ volatility calculated in o9 based on ST adjusted history (FS04)
Variability Segmentation MT,,Demand Planning,Demand Segmentation & Classification,"Classifies products, customers, and demand streams using ABC/XYZ and other frameworks for differentiated planning treatment.",HIGH,"Mid-term XYZ variability classification computed independently at MT genericise level from MT adjusted history, used by the Forecast Engine to select appropriate MT modelling strategies.",XYZ volatility calculated in o9 based on ST adjusted history (FS04)
Variability Segmentation MT,,Demand Planning,Statistical & ML Forecast Generation,Generates baseline demand forecasts using statistical algorithms and ML models to produce data-driven predictions at DFU level.,HIGH,"Mid-term XYZ variability classification computed independently at MT genericise level from MT adjusted history, used by the Forecast Engine to select appropriate MT modelling strategies.",XYZ volatility calculated in o9 based on ST adjusted history (FS04)
ST FE Proposed Outlier,,Demand Planning,Historical Data Management & Cleansing,"Manages, cleanses, and adjusts historical sales and demand data to establish reliable baselines for forecasting.",HIGH,Outlier correction value proposed by the Forecast Engine for the short-term adjusted history; planners review and optionally override with a manual UI Adjustment before the corrected history is fed back to FE for the next driver-based forecast run.,ST/MT FE Proposed Outlier: measure where planner will check the outlier by FE
ST FE Proposed Outlier,,Demand Planning,Driver-Based Forecast Generation (Short Term),"Builds short-horizon demand forecasts by decomposing demand into quantifiable drivers such as promotions, media, pricing, and weather.",HIGH,Outlier correction value proposed by the Forecast Engine for the short-term adjusted history; planners review and optionally override with a manual UI Adjustment before the corrected history is fed back to FE for the next driver-based forecast run.,ST/MT FE Proposed Outlier: measure where planner will check the outlier by FE
ST FE Label,,Demand Planning,Historical Data Management & Cleansing,"Manages, cleanses, and adjusts historical sales and demand data to establish reliable baselines for forecasting.",HIGH,"Non-editable classification label assigned by the Forecast Engine to each history adjustment, indicating the type of correction applied (e.g., Statistical, Stockout, Event Management, Pipe Fill-in) to provide audit transparency for ST history cleansing.",ST/MT FE Label – non editable field with possible values provided by FE
ST FE Label,,Demand Planning,Driver-Based Forecast Generation (Short Term),"Builds short-horizon demand forecasts by decomposing demand into quantifiable drivers such as promotions, media, pricing, and weather.",HIGH,"Non-editable classification label assigned by the Forecast Engine to each history adjustment, indicating the type of correction applied (e.g., Statistical, Stockout, Event Management, Pipe Fill-in) to provide audit transparency for ST history cleansing.",ST/MT FE Label – non editable field with possible values provided by FE
